"Tip";"CodModel";"Produs";"StareImport";"StareWooCommerce";"IDWooCommerce";"Imagine";"HashSHA256";"Observatii"
"produs";"149-ASPEN";"";"importat";"publish";"";"";"";"Imagini locale: 3. Importat prin batch dupa confirmarea paginii publice Mendola si a imaginilor locale."
"imagine";"149-ASPEN";"";"importat";"publish";"";"149-ASPEN-02_1.JPG";"ADC4E6D53F379B442478768DB4C2E512D1F940DCCE90414608CA7371480E9277";"Fisier local asociat unui produs importat."
"imagine";"149-ASPEN";"";"importat";"publish";"";"149-ASPEN-02_2.JPG";"B5AF164AA9BB27805F83E260BE45182910D7B1BAAA01711CFC969E526446F0D0";"Fisier local asociat unui produs importat."
"imagine";"149-ASPEN";"";"importat";"publish";"";"149-ASPEN-02_3.JPG";"B2DBC4D24ACCAB4AF48B0970B0E412091EF503D1E896DA7AA1AA4C7E961EA1B1";"Fisier local asociat unui produs importat."
"produs";"149-BLACKOUT";"";"neimportat / neconfirmat";"";"";"";"";"Imagini locale: 23. Exista imagini locale si o pagina de model, dar SKU-ul nu a fost importat."
"imagine";"149-BLACKOUT";"";"negasit";"";"";"149-BLACKOUT-A02.jpg";"71DCFCCC62DD3E38FEFADC7F269D97D2840AE4A52EC6CD9CA1140086AC79EADC";"Varianta nu a fost gasita in paginile publice Mendola verificate."
"imagine";"149-BLACKOUT";"";"negasit";"";"";"149-BLACKOUT-A02_1.jpg";"41E6E4AA2019341B32412FACE380498A47012D4266281EDF08B6B9545F1EDA74";"Varianta nu a fost gasita in paginile publice Mendola verificate."
"imagine";"149-BLACKOUT";"";"negasit";"";"";"149-BLACKOUT-A02_2.jpg";"C00B1D6E288B8C1A78C7D73BE38E242C0FC36AFBA03645341180D344E9D213BC";"Varianta nu a fost gasita in paginile publice Mendola verificate."
"imagine";"149-BLACKOUT";"";"negasit";"";"";"149-BLACKOUT-A02_3.jpg";"9ADCF51E7629156D79DA15DD88F9D213B914BAE880838DA2DB8925D9D5C33C31";"Varianta nu a fost gasita in paginile publice Mendola verificate."
"imagine";"149-BLACKOUT";"";"negasit";"";"";"149-BLACKOUT-A02_4.jpg";"BA196AE310246E4813AF2C7B24AADA113439922DC6C365572A46C24111E5D682";"Varianta nu a fost gasita in paginile publice Mendola verificate."
"imagine";"149-BLACKOUT";"";"negasit";"";"";"149-BLACKOUT-A05.jpg";"48E7D40403390E6C388B14393D26147E6DC8364F2BD53CDEBA9A8BCF0EC2DDB6";"Varianta nu a fost gasita in paginile publice Mendola verificate."
"imagine";"149-BLACKOUT";"";"negasit";"";"";"149-BLACKOUT-A05_3.jpg";"17A9F57F5ADDD56E1B97633CA22958AC62AB2E771AD36A1D78B58989FA175B7E";"Varianta nu a fost gasita in paginile publice Mendola verificate."
"imagine";"149-BLACKOUT";"";"negasit";"";"";"149-BLACKOUT-A05_4.jpg";"CCC24AD6FD1F805314FDB47445645547B35F8610C571BA70EB318583713082FA";"Varianta nu a fost gasita in paginile publice Mendola verificate."
"imagine";"149-BLACKOUT";"";"negasit";"";"";"149-BLACKOUT-A06.jpg";"83CB0ACDC366E20A372AE8818383E0D946405598B261DD822FB59B4395A93D81";"Varianta nu a fost gasita in paginile publice Mendola verificate."
"imagine";"149-BLACKOUT";"";"negasit";"";"";"149-BLACKOUT-A06_1.jpg";"DB13D621038C9235026984FFAD001FD3ACD03AFE8A601D187937D2B694DDFEC4";"Varianta nu a fost gasita in paginile publice Mendola verificate."
"imagine";"149-BLACKOUT";"";"negasit";"";"";"149-BLACKOUT-A06_2.jpg";"73ED7460B3B8AA5AB0F36A24A608C7F592F5285BECFBF5942E5D2710BDD4B5AF";"Varianta nu a fost gasita in paginile publice Mendola verificate."
"imagine";"149-BLACKOUT";"";"negasit";"";"";"149-BLACKOUT-A06_3.jpg";"266EBE533097887B8D88586ACEBF7FB3ADFFE363E97FD11A75741CB3D852310B";"Varianta nu a fost gasita in paginile publice Mendola verificate."
"imagine";"149-BLACKOUT";"";"negasit";"";"";"149-BLACKOUT-A06_4.jpg";"12014AADA158F9C093ABCAF2A262083ECD24BE8B5472B9398A7FAC50FF67C440";"Varianta nu a fost gasita in paginile publice Mendola verificate."
"imagine";"149-BLACKOUT";"";"negasit";"";"";"149-BLACKOUT-A08.jpg";"A8A04F5C302633BC2D2559541FC39E9B6A14D43A5C00C257E98C027800B06FDC";"Varianta nu a fost gasita in paginile publice Mendola verificate."
"imagine";"149-BLACKOUT";"";"negasit";"";"";"149-BLACKOUT-A08_1.jpg";"30355111E0673D1DC816FA046E93CCABDEB50CE94E78D2FF176CF326D20BE83D";"Varianta nu a fost gasita in paginile publice Mendola verificate."
"imagine";"149-BLACKOUT";"";"negasit";"";"";"149-BLACKOUT-A08_2.jpg";"09F72F6FAEA0427F62876177ED9E8382239198C22CD1062F79A5EB2EA537ECA0";"Varianta nu a fost gasita in paginile publice Mendola verificate."
"imagine";"149-BLACKOUT";"";"negasit";"";"";"149-BLACKOUT-A08_3.jpg";"3A3605FCFC27074BD7CFCEAB7AE72C863CD77CB9E43CAE3736CBE63BB44A5861";"Varianta nu a fost gasita in paginile publice Mendola verificate."
"imagine";"149-BLACKOUT";"";"negasit";"";"";"149-BLACKOUT-A08_4.jpg";"B184CEC24E854DCE90E426B0695628EDA9948981AE5B361C19DC4265DEACD6A1";"Varianta nu a fost gasita in paginile publice Mendola verificate."
"imagine";"149-BLACKOUT";"";"negasit";"";"";"149-BLACKOUT-A14.jpg";"6DE34EAF1B33C632266BCE90B74C152E0BC28D5EF69912F6F57F4F4BA786D2DA";"Varianta nu a fost gasita in paginile publice Mendola verificate."
"imagine";"149-BLACKOUT";"";"negasit";"";"";"149-BLACKOUT-A14_1.jpg";"3D410828A34003C239312FD63A1C81E8D170D84486E38868B8D07E61D3D1FFF3";"Varianta nu a fost gasita in paginile publice Mendola verificate."
"imagine";"149-BLACKOUT";"";"negasit";"";"";"149-BLACKOUT-A14_2.jpg";"FFA36414B23789002D56F9542CD2BA0D5FE11A0070AEA011ED9C943811A3CA72";"Varianta nu a fost gasita in paginile publice Mendola verificate."
"imagine";"149-BLACKOUT";"";"negasit";"";"";"149-BLACKOUT-A14_3.jpg";"D53908F2BC344242F678A8F0B555F2EE19335889045D732207827B4C32E346F9";"Varianta nu a fost gasita in paginile publice Mendola verificate."
"imagine";"149-BLACKOUT";"";"negasit";"";"";"149-BLACKOUT-A14_4.jpg";"167BF26896B71DDCEEB93ACA04E10A0762189EFA6D8747FD3704B81670B787B1";"Varianta nu a fost gasita in paginile publice Mendola verificate."
"produs";"149-CANYON";"";"importat";"publish";"";"";"";"Imagini locale: 24. Importat prin batch dupa confirmarea paginii publice Mendola si a imaginilor locale."
"imagine";"149-CANYON";"";"importat";"publish";"";"149-CANYON-03.jpg";"06939F55C0833B48CA06D78F282599717768637A2FBCBDBF9A618CC85AC0B9ED";"Fisier local asociat unui produs importat."
"imagine";"149-CANYON";"";"importat";"publish";"";"149-CANYON-03_20.jpg";"D9E2DC985AED6A52AD39CA2349B0F842FF00F47DA6461132831540701691568E";"Fisier local asociat unui produs importat."
"imagine";"149-CANYON";"";"importat";"publish";"";"149-CANYON-03_5.jpg";"7CC77280D68DC0F3853787A7F69E0FF76C174A52FB66689CF530C8915787DC40";"Fisier local asociat unui produs importat."
"imagine";"149-CANYON";"";"importat";"publish";"";"149-CANYON-03_6.jpg";"3B12A19B4DAB99B9016627B9A118C31B940A56B1ABCEB0C1DCBFA57330F5150A";"Fisier local asociat unui produs importat."
"imagine";"149-CANYON";"";"importat";"publish";"";"149-CANYON-03_8.jpg";"7B1EBD25FBA23E4E0BFD4665D1F8D2F49840FF6767CFCB65D3C96A61FB0F8565";"Fisier local asociat unui produs importat."
"imagine";"149-CANYON";"";"importat";"publish";"";"149-CANYON-03_9.jpg";"BDD84D2CF2618DB26C2D3F52A32FE0F07EAB6950C0A4BF4360851E286C4DD296";"Fisier local asociat unui produs importat."
"imagine";"149-CANYON";"";"importat";"publish";"";"149-CANYON-07.jpg";"A0A3CF10EFC01AEA5111312E62584B15EAB75A482FEF611E2F63A7A8C44EA15A";"Fisier local asociat unui produs importat."
"imagine";"149-CANYON";"";"importat";"publish";"";"149-CANYON-07_10.jpg";"8555EBD3676199DF7177266431181EAFA35C3ADED0F3E1A87CA70B1AE3677BAF";"Fisier local asociat unui produs importat."
"imagine";"149-CANYON";"";"importat";"publish";"";"149-CANYON-07_5.jpg";"7275119BB2381354F118C12E9D43DDEA4B1741082EF47475DE660F1F6F36DAD6";"Fisier local asociat unui produs importat."
"imagine";"149-CANYON";"";"importat";"publish";"";"149-CANYON-07_6.jpg";"26690D6EB25B967D419A0E3BEB393E5B763643ADA27A13E9B10F4E3CF89E8363";"Fisier local asociat unui produs importat."
"imagine";"149-CANYON";"";"importat";"publish";"";"149-CANYON-07_8.jpg";"CF64DC3C6C67072FAF75C774AB95D6D19F33188B68DFC0072A466F3C839BE2F0";"Fisier local asociat unui produs importat."
"imagine";"149-CANYON";"";"importat";"publish";"";"149-CANYON-07_9.jpg";"20B5C26909D057C7F57207FA3DEF393D7DAC19DF13ACAB73DE8317F80E75B4ED";"Fisier local asociat unui produs importat."
"imagine";"149-CANYON";"";"importat";"publish";"";"149-CANYON-10.jpg";"08632DEFF6D0BD6F1178591C9FD9B3080AE8774D8605CDE858074FB152F6E4E8";"Fisier local asociat unui produs importat."
"imagine";"149-CANYON";"";"importat";"publish";"";"149-CANYON-10_20.jpg";"7EFD054A2872FA112A5FA9545A5445B3B880409ADB9DAC56CD6D34DE3A0E92F3";"Fisier local asociat unui produs importat."
"imagine";"149-CANYON";"";"importat";"publish";"";"149-CANYON-10_5.jpg";"ED37C5EEFCA42306D56219BF486DB8CBCBD4D950C1E12658989DF962A04C4D80";"Fisier local asociat unui produs importat."
"imagine";"149-CANYON";"";"importat";"publish";"";"149-CANYON-10_6.jpg";"A5443507493375BE42136BEAFB3CE714E0BBF48C95D07B6660E54F1D59A0D49F";"Fisier local asociat unui produs importat."
"imagine";"149-CANYON";"";"importat";"publish";"";"149-CANYON-10_8.jpg";"90DC9F9FA730E5981DE59D384084F09795B0BB6CFD1210918D571A88CB5EB02E";"Fisier local asociat unui produs importat."
"imagine";"149-CANYON";"";"importat";"publish";"";"149-CANYON-10_9.jpg";"19D14C97A56C0B0F7943F7CD2D4B68DBC893F157D5251659718EF4029170E22C";"Fisier local asociat unui produs importat."
"imagine";"149-CANYON";"";"importat";"publish";"";"149-CANYON-19.jpg";"2D508EC684013150893F6FD1E1F0286CD03DDC3D53D429C2E982B745FFDCA87A";"Fisier local asociat unui produs importat."
"imagine";"149-CANYON";"";"importat";"publish";"";"149-CANYON-19_20.jpg";"29A5F2344B3C5ADF5A83B1563D5A4CBC2BE7C6E612763C9A1C977635DCC33010";"Fisier local asociat unui produs importat."
"imagine";"149-CANYON";"";"importat";"publish";"";"149-CANYON-19_5.jpg";"53D08C20C0B44B6A95E9218322864C6CC2F9740FD184683F137D267A53A34410";"Fisier local asociat unui produs importat."
"imagine";"149-CANYON";"";"importat";"publish";"";"149-CANYON-19_6.jpg";"E224678C10ECDA60679F8476C3629F8BE19B9258E5BF257B1D244621149836B9";"Fisier local asociat unui produs importat."
"imagine";"149-CANYON";"";"importat";"publish";"";"149-CANYON-19_8.jpg";"EBC57711FF79C78FC94BE1F5E1EF2EE8EB169EE44ADEB917BB786BB8BE8E1199";"Fisier local asociat unui produs importat."
"imagine";"149-CANYON";"";"importat";"publish";"";"149-CANYON-19_9.jpg";"900DA488C53E13ACCF3A428AC4FA287866EB539446D79374AF7440669EA8E127";"Fisier local asociat unui produs importat."
"produs";"149-CARRARA";"";"negasit";"nu exista";"";"";"";"Imagini locale: 15. Modelul sau varianta nu a fost gasita in paginile publice Mendola verificate."
"imagine";"149-CARRARA";"";"negasit";"nu exista";"";"149-CARRARA-02.jpg";"90160383A9641C256355A3B5830BD32A85EB2EEFBDC1BF7D8CE749F4F43BCB0A";"Varianta nu a fost gasita in paginile publice Mendola verificate."
"imagine";"149-CARRARA";"";"negasit";"nu exista";"";"149-CARRARA-02_1.jpg";"E29591DAAC3879E6CA4EE37C486FFA490FF981C8BF6A3877C7D22CC04662B839";"Varianta nu a fost gasita in paginile publice Mendola verificate."
"imagine";"149-CARRARA";"";"negasit";"nu exista";"";"149-CARRARA-02_2.jpg";"0E86D4F214BFCA35E3CA13E14C2D70BFD0FECFAC85822E73A7D4495BA44B48FE";"Varianta nu a fost gasita in paginile publice Mendola verificate."
"imagine";"149-CARRARA";"";"negasit";"nu exista";"";"149-CARRARA-02_3.jpg";"D95CAF8C0A795CB4CC63EF63AE5BEBFEA418ADB9DE837605576D02C2BE0163B5";"Varianta nu a fost gasita in paginile publice Mendola verificate."
"imagine";"149-CARRARA";"";"negasit";"nu exista";"";"149-CARRARA-02_4.jpg";"CD1B504F4F55CE57C3F3AAA5391B1F10F71AE5350E9B80DB643A5E421E0400BD";"Varianta nu a fost gasita in paginile publice Mendola verificate."
"imagine";"149-CARRARA";"";"negasit";"nu exista";"";"149-CARRARA-03.jpg";"BA96519049BFA81F33C6BF4AF11CBF7EC21E23133775B7B01CFF93C2147E145F";"Varianta nu a fost gasita in paginile publice Mendola verificate."
"imagine";"149-CARRARA";"";"negasit";"nu exista";"";"149-CARRARA-03_1.jpg";"D9FD24CD8CDA831CEBBA45FA4B7F3AE1453D9727BC473993F1E3C5993A70071B";"Varianta nu a fost gasita in paginile publice Mendola verificate."
"imagine";"149-CARRARA";"";"negasit";"nu exista";"";"149-CARRARA-03_2.jpg";"BC698A30ADC5CE21EA5B7EF4D5C614706525B8D9412F2FF61B58BC62603010E1";"Varianta nu a fost gasita in paginile publice Mendola verificate."
"imagine";"149-CARRARA";"";"negasit";"nu exista";"";"149-CARRARA-03_3.jpg";"D34605F48724CDC6B826E6C2AD2FF3194A258D7A1B4D762AA32EBA4447B9CE60";"Varianta nu a fost gasita in paginile publice Mendola verificate."
"imagine";"149-CARRARA";"";"negasit";"nu exista";"";"149-CARRARA-03_4.jpg";"DE108167D45B90DB52422BF29F91FD91EC104357C5A68FF6F9733F87BFE5DB6A";"Varianta nu a fost gasita in paginile publice Mendola verificate."
"imagine";"149-CARRARA";"";"negasit";"nu exista";"";"149-CARRARA-07.jpg";"37C532615A8C4261CBCDBD77127C4C89E731563D202B389E55849AFBD3D9B38F";"Varianta nu a fost gasita in paginile publice Mendola verificate."
"imagine";"149-CARRARA";"";"negasit";"nu exista";"";"149-CARRARA-07_1.jpg";"C1098118FA26AB89B327477BC22DC4A09C1BB51FEC8E96DD5DC1DD969D5AA172";"Varianta nu a fost gasita in paginile publice Mendola verificate."
"imagine";"149-CARRARA";"";"negasit";"nu exista";"";"149-CARRARA-07_2.jpg";"5946203FB3F05808C0D87AA9BAE66CC269858CBBFCF1780CFBBBC8E05BBCD91E";"Varianta nu a fost gasita in paginile publice Mendola verificate."
"imagine";"149-CARRARA";"";"negasit";"nu exista";"";"149-CARRARA-07_3.jpg";"2FF498CC7AEE3BA0E71948F95683978302D507317E2A8824B0B6D6F9F2897D66";"Varianta nu a fost gasita in paginile publice Mendola verificate."
"imagine";"149-CARRARA";"";"negasit";"nu exista";"";"149-CARRARA-07_4.jpg";"7CFA90B2671E1DD20D4C13769FE8483E59AB4253EA8D18278CB700CFFFED6B59";"Varianta nu a fost gasita in paginile publice Mendola verificate."
"produs";"149-COBALT";"";"importat";"publish";"";"";"";"Imagini locale: 6. Importat prin batch dupa confirmarea paginii publice Mendola si a imaginilor locale."
"imagine";"149-COBALT";"";"importat";"publish";"";"149-COBALT-02.jpg";"13623D422FA350F34C33CAB41F36E92B546F4C6A93D309A8EB0D141C60AEAF4B";"Fisier local asociat unui produs importat."
"imagine";"149-COBALT";"";"importat";"publish";"";"149-COBALT-02_20.jpg";"2227EFBD5AC27DE6D7BB451F5DD4E7035F3CC5BC0374FEEB11D2FF91A8422D12";"Fisier local asociat unui produs importat."
"imagine";"149-COBALT";"";"importat";"publish";"";"149-COBALT-02_5.jpg";"F19B6CA4CE8DE60EFF3DA0CA1CBD139B28C8F5A4842BCF9983823E75D1975588";"Fisier local asociat unui produs importat."
"imagine";"149-COBALT";"";"importat";"publish";"";"149-COBALT-02_6.jpg";"5E1F6A73E31EAC8FDB957846328B7E81EC6666810310403D98F0DD98A73586DA";"Fisier local asociat unui produs importat."
"imagine";"149-COBALT";"";"importat";"publish";"";"149-COBALT-02_8.jpg";"4C3327C8540B0EFB547985C912FD3E55B3C485A4BF44BCF9513BA8CD975B258D";"Fisier local asociat unui produs importat."
"imagine";"149-COBALT";"";"importat";"publish";"";"149-COBALT-02_9.jpg";"8935F756542E0ABC4F5CCED538830223004F199C52D359B299709A2123186598";"Fisier local asociat unui produs importat."
"produs";"149-DELANCY";"";"negasit";"nu exista";"";"";"";"Imagini locale: 10. Modelul sau varianta nu a fost gasita in paginile publice Mendola verificate."
"imagine";"149-DELANCY";"";"negasit";"nu exista";"";"149-DELANCY-01.jpg";"900CF48B77AB4671A82B663081EBF91B77675EF01E9B4D31038CAD7EA64690A2";"Varianta nu a fost gasita in paginile publice Mendola verificate."
"imagine";"149-DELANCY";"";"negasit";"nu exista";"";"149-DELANCY-01_1.jpg";"E4F70D8859DF9EEBDE7FCF338EDCD65D02B4ABE425462D4B5B89497FDAFD53A5";"Varianta nu a fost gasita in paginile publice Mendola verificate."
"imagine";"149-DELANCY";"";"negasit";"nu exista";"";"149-DELANCY-01_2.jpg";"C68E46F5654A70C2DA44C05C2E437BB3309979B1BC084445D69932B26410B045";"Varianta nu a fost gasita in paginile publice Mendola verificate."
"imagine";"149-DELANCY";"";"negasit";"nu exista";"";"149-DELANCY-01_3.jpg";"9565250A0F297A8FA54DE6546DD8ECEF66DE6BAAFFD89AE97D492372A4CEA6CC";"Varianta nu a fost gasita in paginile publice Mendola verificate."
"imagine";"149-DELANCY";"";"negasit";"nu exista";"";"149-DELANCY-01_4.jpg";"FA4A067214BAB59E0F389526B9522477EE6B01FFC069A9209C3DF89663FBC75C";"Varianta nu a fost gasita in paginile publice Mendola verificate."
"imagine";"149-DELANCY";"";"negasit";"nu exista";"";"149-DELANCY-04.JPG";"0EA1BBB79F0E2321E28B095942657DB248342C0B4440BD01AD2DD119EC6062AC";"Varianta nu a fost gasita in paginile publice Mendola verificate."
"imagine";"149-DELANCY";"";"negasit";"nu exista";"";"149-DELANCY-04_1.JPG";"CE5C67AEABBB4157179FBFC225DA67332DC37F3F77FCAC7695F9A8E96083D7EB";"Varianta nu a fost gasita in paginile publice Mendola verificate."
"imagine";"149-DELANCY";"";"negasit";"nu exista";"";"149-DELANCY-04_3.JPG";"4AFD1C3E7605B6ACC8FAEB51164B1C223897A8254146B554B8024AD79C7BB141";"Varianta nu a fost gasita in paginile publice Mendola verificate."
"imagine";"149-DELANCY";"";"negasit";"nu exista";"";"149-DELANCY-04_4.JPG";"C572D3020450418BCDBF8EC1DE938E5ADF150927AD5AAB30E4C8DEB4C14C0D96";"Varianta nu a fost gasita in paginile publice Mendola verificate."
"imagine";"149-DELANCY";"";"negasit";"nu exista";"";"149-DELANCY-04_alb.JPG";"2BADDDB2C3B9497B2B985CA97B0E2F526373F0460E320C91B37AE6DDA88A6676";"Varianta nu a fost gasita in paginile publice Mendola verificate."
"produs";"149-ERINN";"";"negasit";"nu exista";"";"";"";"Imagini locale: 2. Modelul sau varianta nu a fost gasita in paginile publice Mendola verificate."
"imagine";"149-ERINN";"";"negasit";"nu exista";"";"149-ERINN-01.jpg";"87E7D6DFD08D99F08094030597AD234B33531D4AAC869858201D6FB3BF6F564B";"Varianta nu a fost gasita in paginile publice Mendola verificate."
"imagine";"149-ERINN";"";"negasit";"nu exista";"";"149-ERINN-01_4.jpg";"A9A5498FE9A070EBC7A9A6376FA516F562725CD8312D07FBB54B4B066C843FF8";"Varianta nu a fost gasita in paginile publice Mendola verificate."
"produs";"149-FEDORA";"";"negasit";"nu exista";"";"";"";"Imagini locale: 10. Modelul sau varianta nu a fost gasita in paginile publice Mendola verificate."
"imagine";"149-FEDORA";"";"negasit";"nu exista";"";"149-FEDORA-03.jpg";"7AFA775B3E9D9CFB10A5E160A9AB49A0143A7CBBC26EDA0D9E012CDD08876739";"Varianta nu a fost gasita in paginile publice Mendola verificate."
"imagine";"149-FEDORA";"";"negasit";"nu exista";"";"149-FEDORA-03_1.jpg";"1A2F24A37CD54AEB5D1134210D4E7A37C387441E452834F84C77EE7476644378";"Varianta nu a fost gasita in paginile publice Mendola verificate."
"imagine";"149-FEDORA";"";"negasit";"nu exista";"";"149-FEDORA-03_2.jpg";"2010241B3DD668DB6B9C9E74B8C35B0A5EACCD11B9A07FFEDA73BECFA6D26C5A";"Varianta nu a fost gasita in paginile publice Mendola verificate."
"imagine";"149-FEDORA";"";"negasit";"nu exista";"";"149-FEDORA-03_3.jpg";"A983B1FEBED064B56F50C0BF4712EB1A45CF94F16731C8FCC9918AF8EF0F157A";"Varianta nu a fost gasita in paginile publice Mendola verificate."
"imagine";"149-FEDORA";"";"negasit";"nu exista";"";"149-FEDORA-03_4.jpg";"94ED4D5F523973FB2CA6DFE8DA19B1B653660E2BF8C487089843A98DB11FF3DB";"Varianta nu a fost gasita in paginile publice Mendola verificate."
"imagine";"149-FEDORA";"";"negasit";"nu exista";"";"149-FEDORA-05.jpg";"7799EB7B9F2B9708134576EA2E6AEAA320524DDF4FF9CBADCC4F3F25A1A8BC86";"Varianta nu a fost gasita in paginile publice Mendola verificate."
"imagine";"149-FEDORA";"";"negasit";"nu exista";"";"149-FEDORA-05_1.jpg";"C3A1D1B138374AB0956DF14D5B08C72825206B016E048803155ADA708C2BB9CC";"Varianta nu a fost gasita in paginile publice Mendola verificate."
"imagine";"149-FEDORA";"";"negasit";"nu exista";"";"149-FEDORA-05_2.jpg";"145496C0E2F6BED0881E14D64840B678D27AC52BEE699E21583F81454B56AD28";"Varianta nu a fost gasita in paginile publice Mendola verificate."
"imagine";"149-FEDORA";"";"negasit";"nu exista";"";"149-FEDORA-05_3.jpg";"3C67296653B3A5B6C3231EE0BABE4E5FD54616AF1AA75F18061800D40E46EF13";"Varianta nu a fost gasita in paginile publice Mendola verificate."
"imagine";"149-FEDORA";"";"negasit";"nu exista";"";"149-FEDORA-05_4.jpg";"06E36BCFC4D527A141142736857D759A3FBDD230D3C7931DD417F051EA140FE7";"Varianta nu a fost gasita in paginile publice Mendola verificate."
"produs";"149-FIGARO";"";"negasit";"nu exista";"";"";"";"Imagini locale: 3. Modelul sau varianta nu a fost gasita in paginile publice Mendola verificate."
"imagine";"149-FIGARO";"";"negasit";"nu exista";"";"149-FIGARO-08.jpg";"11A4108D4B048F97CEF18E4FE66C06CA50E1A3A781F6DFDDEEC8672A1562DC1F";"Varianta nu a fost gasita in paginile publice Mendola verificate."
"imagine";"149-FIGARO";"";"negasit";"nu exista";"";"149-FIGARO-08_3.jpg";"A75C6C014B0E615B2A68F6A19E0D707CA4597A3B07969547E8E350109EB18729";"Varianta nu a fost gasita in paginile publice Mendola verificate."
"imagine";"149-FIGARO";"";"negasit";"nu exista";"";"149-FIGARO-08_4.jpg";"717A43B07F556D590F560C5533A9B0202CD5294CA5748C4F73834C39AD84A589";"Varianta nu a fost gasita in paginile publice Mendola verificate."
"produs";"149-FLORETTE";"";"negasit";"nu exista";"";"";"";"Imagini locale: 4. Modelul sau varianta nu a fost gasita in paginile publice Mendola verificate."
"imagine";"149-FLORETTE";"";"negasit";"nu exista";"";"149-FLORETTE-09.jpg";"8844B5B3D1A64BD459989E0E5C356B435810DB98493548702FE17245420B73E2";"Varianta nu a fost gasita in paginile publice Mendola verificate."
"imagine";"149-FLORETTE";"";"negasit";"nu exista";"";"149-FLORETTE-09_4.jpg";"A9ABB373D3C77517A8EB9EAE0B47BCC9A07C8811F1D7A516FA38E489D060CBAD";"Varianta nu a fost gasita in paginile publice Mendola verificate."
"imagine";"149-FLORETTE";"";"negasit";"nu exista";"";"149-FLORETTE-14.jpg";"D2A24F490E868B97361A90CB5D4098A5BCA37D3304D0471D89360A2C0C5D68C9";"Varianta nu a fost gasita in paginile publice Mendola verificate."
"imagine";"149-FLORETTE";"";"negasit";"nu exista";"";"149-FLORETTE-14_3.jpg";"3BD1A0E1C206C7DC2342FC514E3B93C10314C0DCC5C11DD704DC5B44BD0F600C";"Varianta nu a fost gasita in paginile publice Mendola verificate."
"produs";"149-JENNIFER";"";"importat";"publish";"";"";"";"Imagini locale: 9. Importat prin batch dupa confirmarea paginii publice Mendola si a imaginilor locale."
"imagine";"149-JENNIFER";"";"importat";"publish";"";"149-JENNIFER-DK.jpg";"D0E9708F907458DDDBDAD75CEFB63654E7D58B3E802798E764883DBDA9765E5E";"Fisier local asociat unui produs importat."
"imagine";"149-JENNIFER";"";"importat";"publish";"";"149-JENNIFER-DK_1.jpg";"25DCA160FB4247D32AEEA392A518F026E4BDF7C7D3DD781F928B04A3435486C6";"Fisier local asociat unui produs importat."
"imagine";"149-JENNIFER";"";"importat";"publish";"";"149-JENNIFER-DK_2.jpg";"2B75B1845AF711E1669CC63066752DA1EEA42AABF55C0B4B7DF47FA1492472DC";"Fisier local asociat unui produs importat."
"imagine";"149-JENNIFER";"";"importat";"publish";"";"149-JENNIFER-DK_3.jpg";"267C607D5381C79930C7C31C932041F3C8D4DDECA49FD6C28759C3E08717FD3E";"Fisier local asociat unui produs importat."
"imagine";"149-JENNIFER";"";"negasit";"publish";"";"149-JENNIFER-H.jpg";"D46CB30228300B0EB3B6E84169A31C029372221DA61649DD2441902E822B3BAC";"Varianta nu a fost gasita in paginile publice Mendola verificate."
"imagine";"149-JENNIFER";"";"importat";"publish";"";"149-JENNIFER-PR.jpg";"B508D082E778C5DFD0CBC0818CA7B60A1AF7FEBE18CB69CEE5575C4B5A6EFA9A";"Fisier local asociat unui produs importat."
"imagine";"149-JENNIFER";"";"importat";"publish";"";"149-JENNIFER-PR_1.jpg";"D34CD661F4F96A242C53F13574A2D4C130188F4950BE84816D19B3C6D5B3B18A";"Fisier local asociat unui produs importat."
"imagine";"149-JENNIFER";"";"importat";"publish";"";"149-JENNIFER-PR_2.jpg";"13D05A99C9CAE98CEE5C645FF6F4D07031905A46BD41A3CB831BE34115555FE6";"Fisier local asociat unui produs importat."
"imagine";"149-JENNIFER";"";"importat";"publish";"";"149-JENNIFER-PR_3.jpg";"3CDF2444A83DFEC062CDF4F959F9924F0C1FB2F9310046B399B8770F7F203F5F";"Fisier local asociat unui produs importat."
"produs";"149-NYDIA";"";"importat";"publish";"";"";"";"Imagini locale: 8. Importat prin batch dupa confirmarea paginii publice Mendola si a imaginilor locale."
"imagine";"149-NYDIA";"";"importat";"publish";"";"149-NYDIA-03.jpg";"E4149CAA4DEBE5B8B59F7DB3CF7C4D1894505772E96E8069DC9C30C914439189";"Fisier local asociat unui produs importat."
"imagine";"149-NYDIA";"";"importat";"publish";"";"149-NYDIA-03_1.jpg";"9220D5F1823E0BC27243191177B6F965D0BB583A07AD3502C7037CB122A11718";"Fisier local asociat unui produs importat."
"imagine";"149-NYDIA";"";"importat";"publish";"";"149-NYDIA-03_2.jpg";"5400024EFD1CA616E3F38DF0A60F1285AED60DDEBD293C24E4D9DC9E498E49FC";"Fisier local asociat unui produs importat."
"imagine";"149-NYDIA";"";"importat";"publish";"";"149-NYDIA-03_4.jpg";"FAA082698D2B66826E0B7CBD66B80CA2E37BBA2DF2EA833F1C80D156CE667726";"Fisier local asociat unui produs importat."
"imagine";"149-NYDIA";"";"negasit";"publish";"";"149-NYDIA-06.jpg";"87CC9C7A72E861D7CE6BF404798FE9B0E93456EA5906A1D448F1E1FCB0487A8F";"Varianta nu a fost gasita in paginile publice Mendola verificate."
"imagine";"149-NYDIA";"";"negasit";"publish";"";"149-NYDIA-06_1.jpg";"4C17A4A77627E92DB9E3A76569336341CD56922FB793948EDB370CD6CBF46796";"Varianta nu a fost gasita in paginile publice Mendola verificate."
"imagine";"149-NYDIA";"";"negasit";"publish";"";"149-NYDIA-06_2.jpg";"650DEB3410C5D2CB146E4988A05A28B9DBF4CF76844DAF1A9CB9E95604973AD5";"Varianta nu a fost gasita in paginile publice Mendola verificate."
"imagine";"149-NYDIA";"";"negasit";"publish";"";"149-NYDIA-06_3.jpg";"38A258D9BA2F5F6DE7E546D2EC89B5245FF7D8E6D62A38B00F7DA03D3E13BB4C";"Varianta nu a fost gasita in paginile publice Mendola verificate."
"produs";"149-PERSEIDE";"";"importat";"publish";"";"";"";"Imagini locale: 5. Importat prin batch dupa confirmarea paginii publice Mendola si a imaginilor locale."
"imagine";"149-PERSEIDE";"";"importat";"publish";"";"149-PERSEIDE-T01.jpg";"F2CFCCDE89D24EEC85FA40D67045A485785FB419D4B47891D2E9229218466178";"Fisier local asociat unui produs importat."
"imagine";"149-PERSEIDE";"";"importat";"publish";"";"149-PERSEIDE-T01_1.jpg";"994EDC62247381E632C464598D898CFCB85C6AC0A3B59A29B25EC1E4EE3D9A17";"Fisier local asociat unui produs importat."
"imagine";"149-PERSEIDE";"";"importat";"publish";"";"149-PERSEIDE-T01_2.JPG";"23B32B20DBEB04E4D474B360F65D899CD507D352E1CBD213B62FF5464F8B5EE0";"Fisier local asociat unui produs importat."
"imagine";"149-PERSEIDE";"";"importat";"publish";"";"149-PERSEIDE-T01_3.jpg";"07ABF94DB6EEBD14018B554D26A30B105C614CEA737EC6FA0E1D83E8B8944D47";"Fisier local asociat unui produs importat."
"imagine";"149-PERSEIDE";"";"importat";"publish";"";"149-PERSEIDE-T01_4.jpg";"5E5E5A144A7EC8B75505DD7D8FB4CAF77C28F2A621214494108A93CE68160F36";"Fisier local asociat unui produs importat."
"produs";"149-RICHARD";"";"negasit";"nu exista";"";"";"";"Imagini locale: 4. Modelul sau varianta nu a fost gasita in paginile publice Mendola verificate."
"imagine";"149-RICHARD";"";"negasit";"nu exista";"";"149-RICHARD-05.jpg";"7BFAC1E6E4909C6E9F68785776A89CBFA230136AF91CDA9236440B6CC139BCCE";"Varianta nu a fost gasita in paginile publice Mendola verificate."
"imagine";"149-RICHARD";"";"negasit";"nu exista";"";"149-RICHARD-05_1.jpg";"36CE2C76DDA0F2976EB9D65C36B48937F2B491D78A65E268267B83F97DED4670";"Varianta nu a fost gasita in paginile publice Mendola verificate."
"imagine";"149-RICHARD";"";"negasit";"nu exista";"";"149-RICHARD-05_2.jpg";"7D1BE5C0BFFDD655C06067E3A13B06AB67D9CD7FAB0228B050CAF4BB40A760CD";"Varianta nu a fost gasita in paginile publice Mendola verificate."
"imagine";"149-RICHARD";"";"negasit";"nu exista";"";"149-RICHARD-05_3.jpg";"BA5C6436ED803A53FAA3AA7583755D9F97B08CEEFA17A78E7325D35BEDCF8191";"Varianta nu a fost gasita in paginile publice Mendola verificate."
"produs";"149-SIRENE";"";"negasit";"nu exista";"";"";"";"Imagini locale: 4. Modelul sau varianta nu a fost gasita in paginile publice Mendola verificate."
"imagine";"149-SIRENE";"";"negasit";"nu exista";"";"149-SIRENE-02.jpg";"C85A97E9ABFD5943E75A9729B1E2F76480DABFBEFC133B4E648A6443FA9B136B";"Varianta nu a fost gasita in paginile publice Mendola verificate."
"imagine";"149-SIRENE";"";"negasit";"nu exista";"";"149-SIRENE-02_1.jpg";"737BE6F2A07BEBBF0703981FFEE291C334C7992C704C362FA9434199A31F4470";"Varianta nu a fost gasita in paginile publice Mendola verificate."
"imagine";"149-SIRENE";"";"negasit";"nu exista";"";"149-SIRENE-02_3.jpg";"3C8953BA05B363FF2E6DFD809F7C38927AF156FCC4E1FD7FCD6B8197F2AD29D4";"Varianta nu a fost gasita in paginile publice Mendola verificate."
"imagine";"149-SIRENE";"";"negasit";"nu exista";"";"149-SIRENE-02_4.jpg";"69A63601B0CB280CC8779F4E0225F60B120E4CEFBA962868C0AF170FBAC2E33E";"Varianta nu a fost gasita in paginile publice Mendola verificate."
"produs";"149-SOHO";"";"negasit";"nu exista";"";"";"";"Imagini locale: 10. Modelul sau varianta nu a fost gasita in paginile publice Mendola verificate."
"imagine";"149-SOHO";"";"negasit";"nu exista";"";"149-SOHO-01.jpg";"13260052A37976CC250BAABDF9FB3EA5AE1EE4B86E5C617AD6DEB22C3CA59DC3";"Varianta nu a fost gasita in paginile publice Mendola verificate."
"imagine";"149-SOHO";"";"negasit";"nu exista";"";"149-SOHO-01_3.jpg";"1FB26C06B2906539AF2FF9DD1B3805D91F4C1CAA68DAA4E868A5ABC57EF02FFD";"Varianta nu a fost gasita in paginile publice Mendola verificate."
"imagine";"149-SOHO";"";"negasit";"nu exista";"";"149-SOHO-01_4.jpg";"0D81AB1F5B09F9554B0181E2291857094FD7760533D20D2370CDEDC9B1685AE6";"Varianta nu a fost gasita in paginile publice Mendola verificate."
"imagine";"149-SOHO";"";"negasit";"nu exista";"";"149-SOHO-03.jpg";"0C6C88DEFB5295411CDC25DD00A8B6027A397D06D6989BBBD6C1D9D30D3C4B63";"Varianta nu a fost gasita in paginile publice Mendola verificate."
"imagine";"149-SOHO";"";"negasit";"nu exista";"";"149-SOHO-03_3.jpg";"B4198C0CE4F54A2EE6CD8DAE0140225B8F384CF4ED325C87923A49D02045C4A2";"Varianta nu a fost gasita in paginile publice Mendola verificate."
"imagine";"149-SOHO";"";"negasit";"nu exista";"";"149-SOHO-03_4.jpg";"A41E20F77AD56EECE4451557E7E0DE7EEF251836C538F766A795B7BC0D0FE78E";"Varianta nu a fost gasita in paginile publice Mendola verificate."
"imagine";"149-SOHO";"";"negasit";"nu exista";"";"149-SOHO-04.jpg";"18C02C43D9B86D86B52E0ABF8E3512E648D7BB271482F2A4728A1F8AC99995DB";"Varianta nu a fost gasita in paginile publice Mendola verificate."
"imagine";"149-SOHO";"";"negasit";"nu exista";"";"149-SOHO-04_1.jpg";"95D00E1FA56FC5D28F1811DBAF6A608BFD01BE975E7ADFD7B00C79C42226ECDF";"Varianta nu a fost gasita in paginile publice Mendola verificate."
"imagine";"149-SOHO";"";"negasit";"nu exista";"";"149-SOHO-04_3.jpg";"016BA76309E15CF98B25807CD5A1B939EEEB0DE7568F2B7E298D47A3302D7AED";"Varianta nu a fost gasita in paginile publice Mendola verificate."
"imagine";"149-SOHO";"";"negasit";"nu exista";"";"149-SOHO-04_4.jpg";"3EE463ED3DAEB32989B529D45B5007805DDA934028400C549DE7F6B741F4B2D9";"Varianta nu a fost gasita in paginile publice Mendola verificate."
"produs";"14-ALANA";"Perdea Alana Crem T08";"importat";"publish";"700";"";"";"Imagini locale: 6. Produs simplu; SKU 14-ALANA-T08."
"imagine";"14-ALANA";"Perdea Alana Crem T08";"importat";"publish";"700";"14-ALANA-T08.jpg";"D3B40F3FBA8635D07F1B9ABC892136FC9966A1235D370E903024AC56C8E72481";"Fisier local asociat unui produs importat."
"imagine";"14-ALANA";"Perdea Alana Crem T08";"importat";"publish";"700";"14-ALANA-T08_1.jpg";"BFC041AE202D80C8A7982DF6C1D907D2CE8B4E0FE028E93E209C0CA009BCE77C";"Fisier local asociat unui produs importat."
"imagine";"14-ALANA";"Perdea Alana Crem T08";"importat";"publish";"700";"14-ALANA-T08_2.JPG";"3FA08C5984B294B1C017AF0C21DB06DEBE5438F529FAB5DC683D8A9CC52D5ED1";"Fisier local asociat unui produs importat."
"imagine";"14-ALANA";"Perdea Alana Crem T08";"importat";"publish";"700";"14-ALANA-T08_3.jpg";"3C00A893E93269C8D1D81E3271FF3E4711FCAB6A9F5CBFD6C5F375CAE940ABCA";"Fisier local asociat unui produs importat."
"imagine";"14-ALANA";"Perdea Alana Crem T08";"importat";"publish";"700";"14-ALANA-T08_4.jpg";"3DCC21F0EF9AA4EDA4B172BB8F224F44190350DDBB663E33FA43AF57B4C3D21B";"Fisier local asociat unui produs importat."
"imagine";"14-ALANA";"Perdea Alana Crem T08";"importat";"publish";"700";"14-ALANA-T08_5.jpg";"0BAC711BAE5E22F7CA4DF965A008FF5E9ED257657E9E9F1A5C7A38F22BD33166";"Fisier local asociat unui produs importat."
"produs";"14-ALEGRIA";"Perdea Alegria din Colectia Scandi";"importat partial";"draft (parinte), publish (variatii)";"728; variatii 729, 730";"";"";"Imagini locale: 12. SKU 14-ALEGRIA-T04 si 14-ALEGRIA-T05 confirmate in WooCommerce."
"imagine";"14-ALEGRIA";"Perdea Alegria din Colectia Scandi";"importat partial";"draft (parinte), publish (variatii)";"728; variatii 729, 730";"14-ALEGRIA-T04.jpg";"A31A4B735C7D77221BFFC403C24FB029A8696E6EDEBF68F73A182229C4A18AC4";"Fisier local asociat unui produs importat."
"imagine";"14-ALEGRIA";"Perdea Alegria din Colectia Scandi";"importat partial";"draft (parinte), publish (variatii)";"728; variatii 729, 730";"14-ALEGRIA-T04_10.jpg";"D4A75DD6E854CA8E664A591722D72FA1FBD4AE9858FA8F86E3BB3C856EA94AA4";"Fisier local asociat unui produs importat."
"imagine";"14-ALEGRIA";"Perdea Alegria din Colectia Scandi";"importat partial";"draft (parinte), publish (variatii)";"728; variatii 729, 730";"14-ALEGRIA-T04_5.jpg";"F83FF2491E6BA098C2E0D4700E1AC57135E3F763FAA523C3912F55DC19307241";"Fisier local asociat unui produs importat."
"imagine";"14-ALEGRIA";"Perdea Alegria din Colectia Scandi";"importat partial";"draft (parinte), publish (variatii)";"728; variatii 729, 730";"14-ALEGRIA-T04_6.jpg";"DD88DA879EDFF04A54F009DB30EE7C0366999C9C89EFED710EA3E5634DBD97E5";"Fisier local asociat unui produs importat."
"imagine";"14-ALEGRIA";"Perdea Alegria din Colectia Scandi";"importat partial";"draft (parinte), publish (variatii)";"728; variatii 729, 730";"14-ALEGRIA-T04_8.jpg";"FDF95900C669088E22E5A35713CBAA4FBF69706F6AF067434D7BBA643128A4B6";"Fisier local asociat unui produs importat."
"imagine";"14-ALEGRIA";"Perdea Alegria din Colectia Scandi";"importat partial";"draft (parinte), publish (variatii)";"728; variatii 729, 730";"14-ALEGRIA-T04_9.jpg";"C326D6B5B09B404C3AFFC90E99E1620507F45EC73C290A119C9A37060A8034BC";"Fisier local asociat unui produs importat."
"imagine";"14-ALEGRIA";"Perdea Alegria din Colectia Scandi";"importat partial";"draft (parinte), publish (variatii)";"728; variatii 729, 730";"14-ALEGRIA-T05.jpg";"F38EA0C3F574B5A70C4BFE782D608C277D0F7C798DEEF2D14162BA9389FD5BFE";"Fisier local asociat unui produs importat."
"imagine";"14-ALEGRIA";"Perdea Alegria din Colectia Scandi";"importat partial";"draft (parinte), publish (variatii)";"728; variatii 729, 730";"14-ALEGRIA-T05_10.jpg";"D3834C028911F695A8758F43332C2A3EDBAAF3CE0CB62245E69932F74A68B706";"Fisier local asociat unui produs importat."
"imagine";"14-ALEGRIA";"Perdea Alegria din Colectia Scandi";"importat partial";"draft (parinte), publish (variatii)";"728; variatii 729, 730";"14-ALEGRIA-T05_5.jpg";"6B5F8A5C56F52772A509B0073EC9CDCDCE6F67D83F14D8349FFA8BFA23E207DD";"Fisier local asociat unui produs importat."
"imagine";"14-ALEGRIA";"Perdea Alegria din Colectia Scandi";"importat partial";"draft (parinte), publish (variatii)";"728; variatii 729, 730";"14-ALEGRIA-T05_6.jpg";"CEA9BCF06573C764AE211C2A5FCD61B55B1B9AE6FA6B78772A1BE61A6CEA2F4D";"Fisier local asociat unui produs importat."
"imagine";"14-ALEGRIA";"Perdea Alegria din Colectia Scandi";"importat partial";"draft (parinte), publish (variatii)";"728; variatii 729, 730";"14-ALEGRIA-T05_8.jpg";"F3AF30CF81C039B88510C792D0F7F43AB59F29B632C9713F2F8F5E97552B6DE1";"Fisier local asociat unui produs importat."
"imagine";"14-ALEGRIA";"Perdea Alegria din Colectia Scandi";"importat partial";"draft (parinte), publish (variatii)";"728; variatii 729, 730";"14-ALEGRIA-T05_9.jpg";"1CB64849AF9A2397D378E7EAA716AEFD71B759E6DBBD4CE9A26480F716379408";"Fisier local asociat unui produs importat."
"produs";"14-ALFAMA";"";"negasit";"nu exista";"";"";"";"Imagini locale: 10. Modelul sau varianta nu a fost gasita in paginile publice Mendola verificate."
"imagine";"14-ALFAMA";"";"negasit";"nu exista";"";"14-ALFAMA-V1.jpg";"852684C2198AA647C0C31D923F36DC8472663A8CE9F12E2AD50ACAB31B287829";"Varianta nu a fost gasita in paginile publice Mendola verificate."
"imagine";"14-ALFAMA";"";"negasit";"nu exista";"";"14-ALFAMA-V1_1.jpg";"A86F18AEA7671F33D5A6DF6DF2CAC3BCC7B16324F8EA1F972850022E2F459629";"Varianta nu a fost gasita in paginile publice Mendola verificate."
"imagine";"14-ALFAMA";"";"negasit";"nu exista";"";"14-ALFAMA-V1_2.jpg";"6DC2F3D5C518BDF4C04CB0C72492CDE92D437DAFF2F2E9E7B74FED7AFCF554D8";"Varianta nu a fost gasita in paginile publice Mendola verificate."
"imagine";"14-ALFAMA";"";"negasit";"nu exista";"";"14-ALFAMA-V1_3.jpg";"5E848F5ADC3F9B7716BFD08977975772F6F1BEF69033A6489E39353A0EFB16F2";"Varianta nu a fost gasita in paginile publice Mendola verificate."
"imagine";"14-ALFAMA";"";"negasit";"nu exista";"";"14-ALFAMA-V1_4.jpg";"2702945E0CE0681962D7D0C7EE631561FE907433262FC13F3CA13AC3646C7951";"Varianta nu a fost gasita in paginile publice Mendola verificate."
"imagine";"14-ALFAMA";"";"negasit";"nu exista";"";"14-ALFAMA-V3.jpg";"A287E87E97DADB129BF2D7F201E78933CAA2D51A86C4A3AA7E762C14AC0D7B27";"Varianta nu a fost gasita in paginile publice Mendola verificate."
"imagine";"14-ALFAMA";"";"negasit";"nu exista";"";"14-ALFAMA-V3_1.jpg";"CF6D283837C3715D4AB165B38A0F09FAE348958F6E92F4775486797B018C3957";"Varianta nu a fost gasita in paginile publice Mendola verificate."
"imagine";"14-ALFAMA";"";"negasit";"nu exista";"";"14-ALFAMA-V3_2.jpg";"A4404060A94B7A698C0715C0FD8B0662A8229E4C9F33E45C4C2DA95F1FC589B2";"Varianta nu a fost gasita in paginile publice Mendola verificate."
"imagine";"14-ALFAMA";"";"negasit";"nu exista";"";"14-ALFAMA-V3_3.jpg";"C4D3369EF18FEB6E347AFB3E5A27C21B45462781DD69E43D9ECF3F371AED3125";"Varianta nu a fost gasita in paginile publice Mendola verificate."
"imagine";"14-ALFAMA";"";"negasit";"nu exista";"";"14-ALFAMA-V3_4.jpg";"C48FC6CA434BB2AFA45435E800943DBEE6A87FE0911EB9B122ED31616E0B9752";"Varianta nu a fost gasita in paginile publice Mendola verificate."
"produs";"14-AMALFI";"Draperie Amalfi";"importat partial";"draft";"747";"";"";"Imagini locale: 24. Colectia Jade este atribut separat; importate 16 imagini pentru V5, V8 si V13; V6 si V10 nu au fost confirmate in sursa publica."
"imagine";"14-AMALFI";"Draperie Amalfi";"negasit";"draft";"747";"14-AMALFI-V10.jpg";"6D5C06063872A334C86EEFDDDCCEA0DABC272B0F68A58A85E31E424847B6F9CB";"Varianta nu a fost gasita in paginile publice Mendola verificate."
"imagine";"14-AMALFI";"Draperie Amalfi";"negasit";"draft";"747";"14-AMALFI-V10_1.jpg";"CBBB03345D592AA31C63735A6189CE8D7360C987721E69951903681C84B46C93";"Varianta nu a fost gasita in paginile publice Mendola verificate."
"imagine";"14-AMALFI";"Draperie Amalfi";"negasit";"draft";"747";"14-AMALFI-V10_2.jpg";"E206112BA854D6917EE26382BE8D4CD3EC2557EFCDBEF4288ABDEDBEBBDF54DB";"Varianta nu a fost gasita in paginile publice Mendola verificate."
"imagine";"14-AMALFI";"Draperie Amalfi";"negasit";"draft";"747";"14-AMALFI-V10_3.jpg";"7717315ACA3A67F425A455DA3590B167D0EE13C02C397EB38D19E03C279D04D6";"Varianta nu a fost gasita in paginile publice Mendola verificate."
"imagine";"14-AMALFI";"Draperie Amalfi";"negasit";"draft";"747";"14-AMALFI-V10_4.jpg";"24D2853E4085925967AE8945D3607C2F3CB77DB73715B3ECCB4904CD6715D871";"Varianta nu a fost gasita in paginile publice Mendola verificate."
"imagine";"14-AMALFI";"Draperie Amalfi";"importat partial";"draft";"747";"14-AMALFI-V13.jpg";"F6C0F3FFA5540F9EA3EA042710E2D7A76FF029CD63AA4A27934955517B0D4131";"Fisier local asociat unui produs importat."
"imagine";"14-AMALFI";"Draperie Amalfi";"importat partial";"draft";"747";"14-AMALFI-V13_1.jpg";"E8B984513AC5BC6DDE9E1E73F36D6117BC47A90C6207F3206B6048BECD5D6B7F";"Fisier local asociat unui produs importat."
"imagine";"14-AMALFI";"Draperie Amalfi";"importat partial";"draft";"747";"14-AMALFI-V13_2.jpg";"F549C3CE2DC0341CAF2E189F72C50A014C7BF70FF2D3E68850BB7E98865EDBD1";"Fisier local asociat unui produs importat."
"imagine";"14-AMALFI";"Draperie Amalfi";"importat partial";"draft";"747";"14-AMALFI-V13_3.jpg";"31828778399F61F1B9211A484C282FC48919FBBB50D30BE1B991578D8EBD2B4F";"Fisier local asociat unui produs importat."
"imagine";"14-AMALFI";"Draperie Amalfi";"importat partial";"draft";"747";"14-AMALFI-V13_4.jpg";"E30887F22132467CF6F860E8398FC62B8A0821A7E8F94D0F570CF9BD23AC4FDC";"Fisier local asociat unui produs importat."
"imagine";"14-AMALFI";"Draperie Amalfi";"importat partial";"draft";"747";"14-AMALFI-V13_5.jpg";"B368BE9790DD121C786F8CC1ABDB4D5A173894BD33736298A8F4D9AB4AF99E30";"Fisier local asociat unui produs importat."
"imagine";"14-AMALFI";"Draperie Amalfi";"importat partial";"draft";"747";"14-AMALFI-V5.jpg";"B1131C851412A90F5BEB1F7A6270E947BEC889BFA437ADF4F0EEB519B4F55077";"Fisier local asociat unui produs importat."
"imagine";"14-AMALFI";"Draperie Amalfi";"importat partial";"draft";"747";"14-AMALFI-V5_1.jpg";"AA501219D5576078396E51D5CDD7BF291F4A69B9B90B4EFBA3A55457A0FAC24B";"Fisier local asociat unui produs importat."
"imagine";"14-AMALFI";"Draperie Amalfi";"importat partial";"draft";"747";"14-AMALFI-V5_2.jpg";"6EA31E459C4330591F49CAC30156265D244A58B53F8CA0A3ACA52FE74AA95671";"Fisier local asociat unui produs importat."
"imagine";"14-AMALFI";"Draperie Amalfi";"importat partial";"draft";"747";"14-AMALFI-V5_3.jpg";"B3C77F9F9A8906687A76BB115CED755135AD172D958043C499EFCBC1A8C5FFED";"Fisier local asociat unui produs importat."
"imagine";"14-AMALFI";"Draperie Amalfi";"importat partial";"draft";"747";"14-AMALFI-V5_4.jpg";"1BCF6540C7FA85B918B63A44E7864B9D521C56B9B86F3AE7470C5ACC7E722FBF";"Fisier local asociat unui produs importat."
"imagine";"14-AMALFI";"Draperie Amalfi";"negasit";"draft";"747";"14-AMALFI-V6.jpg";"D6D53F8236BAD01DB79CCE039615DDDCD31AC4F4E0326A9B191FDEE657AEDF64";"Varianta nu a fost gasita in paginile publice Mendola verificate."
"imagine";"14-AMALFI";"Draperie Amalfi";"negasit";"draft";"747";"14-AMALFI-V6_3.jpg";"71B24690A8F2C22848321BCF27B05A857B829E63AC1B167EA25E8E5BDCA930BB";"Varianta nu a fost gasita in paginile publice Mendola verificate."
"imagine";"14-AMALFI";"Draperie Amalfi";"negasit";"draft";"747";"14-AMALFI-V6_4.jpg";"986BFC2E8BEC0A8B9293EC7A04A83ECF53F802C2DE4A213075A4869B24D54B01";"Varianta nu a fost gasita in paginile publice Mendola verificate."
"imagine";"14-AMALFI";"Draperie Amalfi";"importat partial";"draft";"747";"14-AMALFI-V8.jpg";"B5A8DB47D8C1D1FEB294B61565400B3028DD13D55EFF1F7514A860E29C0F0DBD";"Fisier local asociat unui produs importat."
"imagine";"14-AMALFI";"Draperie Amalfi";"importat partial";"draft";"747";"14-AMALFI-V8_2.jpg";"973659747BB8BDA866EF63B3FD3BBA797F4A615C548B6B899D8299203A37A4E6";"Fisier local asociat unui produs importat."
"imagine";"14-AMALFI";"Draperie Amalfi";"importat partial";"draft";"747";"14-AMALFI-V8_3.jpg";"A38953084FCFA7965ECE74DDF66F13AE8C56A02107790E9FB45EA6E850F107DA";"Fisier local asociat unui produs importat."
"imagine";"14-AMALFI";"Draperie Amalfi";"importat partial";"draft";"747";"14-AMALFI-V8_4.jpg";"62701E07284F9FDEF4148296BD44B0E956E24EC01CC918AF709E111693CE02EB";"Fisier local asociat unui produs importat."
"imagine";"14-AMALFI";"Draperie Amalfi";"importat partial";"draft";"747";"14-AMALFI-V8_8.jpg";"949E888BD42302959B0CC231AF606DA6C53F10B10664A74F4AB3CDB2055725F1";"Fisier local asociat unui produs importat."
"produs";"14-ANZIA";"";"importat";"publish";"";"";"";"Imagini locale: 10. Importat prin batch dupa confirmarea paginii publice Mendola si a imaginilor locale."
"imagine";"14-ANZIA";"";"importat";"publish";"";"14-ANZIA-T071.jpg";"289A9378D1F417827408FB4418A93C3D59BB496BA1631FC0D9832F23F09779EF";"Fisier local asociat unui produs importat."
"imagine";"14-ANZIA";"";"importat";"publish";"";"14-ANZIA-T071_1.jpg";"A273BDFAC254A83527A20634D1DA2FB2BEB6902940009D0C968BDD4383480150";"Fisier local asociat unui produs importat."
"imagine";"14-ANZIA";"";"importat";"publish";"";"14-ANZIA-T071_4.jpg";"7F981E90E476D59DFFD8D3DDEC183509C8AB6CAF20EEBB47035FE6D96C966F2B";"Fisier local asociat unui produs importat."
"imagine";"14-ANZIA";"";"negasit";"publish";"";"14-ANZIA-T073.jpg";"023BDE4714BF01EA69198AF408F069CCE36FF9AD92422B3FD5499B3A60AAE731";"Varianta nu a fost gasita in paginile publice Mendola verificate."
"imagine";"14-ANZIA";"";"negasit";"publish";"";"14-ANZIA-T073_1.jpg";"6EF9FD8C6C099B3FD486660F08754547836E4AD24FDF390EC888F1BAEF78E13D";"Varianta nu a fost gasita in paginile publice Mendola verificate."
"imagine";"14-ANZIA";"";"negasit";"publish";"";"14-ANZIA-T073_3.jpg";"14F962A90E585761D7F926970F1CE4604B12693C799E65516B2A90B7E885E410";"Varianta nu a fost gasita in paginile publice Mendola verificate."
"imagine";"14-ANZIA";"";"negasit";"publish";"";"14-ANZIA-T073_4.jpg";"191BDE55FD4EA1E6FECA053678A540D8E0B1639B028B8606FCF3872A3E5D9C9F";"Varianta nu a fost gasita in paginile publice Mendola verificate."
"imagine";"14-ANZIA";"";"importat";"publish";"";"14-ANZIA-TD70.jpg";"9C63FD9D2697C58AE081C71CD28060CC6678DCEE6939A2748C60038A0B7D4FBE";"Fisier local asociat unui produs importat."
"imagine";"14-ANZIA";"";"importat";"publish";"";"14-ANZIA-TD70_1.jpg";"4380292D27AC9F7FBFDE3F78F2BD466FF5510729499499DACA519F3912DCE352";"Fisier local asociat unui produs importat."
"imagine";"14-ANZIA";"";"importat";"publish";"";"14-ANZIA-TD70_4.jpg";"DB08EE8415E17A2143298579830D99EEB12ED9A756C3836BCFC5C6FF15E46BEF";"Fisier local asociat unui produs importat."
"produs";"14-ARMIDA";"";"negasit";"nu exista";"";"";"";"Imagini locale: 4. Modelul sau varianta nu a fost gasita in paginile publice Mendola verificate."
"imagine";"14-ARMIDA";"";"negasit";"nu exista";"";"14-ARMIDA-30367_1.JPG";"56B787F762693131AA1729F6B9C8F3B03237CE7B6D8599AFBBC10F4B9D1E2228";"Varianta nu a fost gasita in paginile publice Mendola verificate."
"imagine";"14-ARMIDA";"";"negasit";"nu exista";"";"14-ARMIDA-30367_2.JPG";"7362D58A1219F63E4FFE68DE8A0D3F0EA2CF1CE11B162F200671449D6046F9F4";"Varianta nu a fost gasita in paginile publice Mendola verificate."
"imagine";"14-ARMIDA";"";"negasit";"nu exista";"";"14-ARMIDA-30367_3.JPG";"3D5CA2F30E2115AD5DE2A0987DD284954AB3C0CF2908D3DEE3D0E5E6FC25BAE3";"Varianta nu a fost gasita in paginile publice Mendola verificate."
"imagine";"14-ARMIDA";"";"negasit";"nu exista";"";"14-ARMIDA-30367_4.JPG";"CF36D6017451947A8198685C438E03DEBEE24FD9FE6B9B1F9CB9CDF641CE8FDA";"Varianta nu a fost gasita in paginile publice Mendola verificate."
"produs";"14-ARRIS";"";"negasit";"nu exista";"";"";"";"Imagini locale: 5. Modelul sau varianta nu a fost gasita in paginile publice Mendola verificate."
"imagine";"14-ARRIS";"";"negasit";"nu exista";"";"14-ARRIS-V1.JPG";"B7B9A6D9297A3E08BBF9FC0DD3542C535FD94ED1BF5A3D60EB555016698F57E6";"Varianta nu a fost gasita in paginile publice Mendola verificate."
"imagine";"14-ARRIS";"";"negasit";"nu exista";"";"14-ARRIS-V1_1.JPG";"7DD1279CABBABBA0717F3F4C6905349FFB9FAC376C40450E31F291296CB0B24B";"Varianta nu a fost gasita in paginile publice Mendola verificate."
"imagine";"14-ARRIS";"";"negasit";"nu exista";"";"14-ARRIS-V1_2.JPG";"2785CF96BEC320580D5968638D88EA17398881051B21F42DEA2E7E1330F871CA";"Varianta nu a fost gasita in paginile publice Mendola verificate."
"imagine";"14-ARRIS";"";"negasit";"nu exista";"";"14-ARRIS-V1_3.JPG";"99656818840750F8D8F595DD179701E7382706598DE3698EBB9557B8A083E3F1";"Varianta nu a fost gasita in paginile publice Mendola verificate."
"imagine";"14-ARRIS";"";"negasit";"nu exista";"";"14-ARRIS-V1_4.JPG";"0D808063B49EDDCCD434656E56B879576BB80FC039F3FB87C14DEAF2296F4BCC";"Varianta nu a fost gasita in paginile publice Mendola verificate."
"produs";"14-AVENUE";"";"importat";"publish";"";"";"";"Imagini locale: 12. Importat prin batch dupa confirmarea paginii publice Mendola si a imaginilor locale."
"imagine";"14-AVENUE";"";"importat";"publish";"";"14-AVENUE-T01.jpg";"C81C4942482BE0FFD41E69E41F9D6ED0CD56BD229AD1F325BEC5B24EC8ADB5E2";"Fisier local asociat unui produs importat."
"imagine";"14-AVENUE";"";"importat";"publish";"";"14-AVENUE-T01_05.jpg";"82D00CDE1632D77330798C2FA519EB5E0EBE9107CA5925B1DEB320A4E459D625";"Fisier local asociat unui produs importat."
"imagine";"14-AVENUE";"";"importat";"publish";"";"14-AVENUE-T01_10.jpg";"18ABB66720A0772A524FC4EDDB4AAE177195006EBEF92C002901A02F33B76AE3";"Fisier local asociat unui produs importat."
"imagine";"14-AVENUE";"";"importat";"publish";"";"14-AVENUE-T01_6.jpg";"F13D178B1A22CF463F7694D4668ADEF82539067862646A3F3EF23ADE6A5BBCBE";"Fisier local asociat unui produs importat."
"imagine";"14-AVENUE";"";"importat";"publish";"";"14-AVENUE-T01_8.jpg";"27FB9AD17896A87EAEE4C52C77C9C805C511C833B4D4F5DCB1272A851E24BDF2";"Fisier local asociat unui produs importat."
"imagine";"14-AVENUE";"";"importat";"publish";"";"14-AVENUE-T01_9.jpg";"DAA301DBB282F55843122ACBF7BF334CA219E2587EF1B5332A8276DBF9209AA8";"Fisier local asociat unui produs importat."
"imagine";"14-AVENUE";"";"importat";"publish";"";"14-AVENUE-T02.jpg";"8F52D130D3096E2884713E4750BAE7A3E944D850D6D18623896BEF9EE9016A59";"Fisier local asociat unui produs importat."
"imagine";"14-AVENUE";"";"importat";"publish";"";"14-AVENUE-T02_10.jpg";"A3EE21AE3A9FF680C38B57E124E98CCD1EE6FBC33C3D1D0702AD3305305003A5";"Fisier local asociat unui produs importat."
"imagine";"14-AVENUE";"";"importat";"publish";"";"14-AVENUE-T02_5.jpg";"D57749A9C38E9EA9475C8CE0A275F4301CF37845D45718ABC46402C0C3972C82";"Fisier local asociat unui produs importat."
"imagine";"14-AVENUE";"";"importat";"publish";"";"14-AVENUE-T02_6.jpg";"88EE12442FED4B0BB6FB3C962964FC3B7317BA99FA327ECB1DCDC4180E225E34";"Fisier local asociat unui produs importat."
"imagine";"14-AVENUE";"";"importat";"publish";"";"14-AVENUE-T02_8.jpg";"79FA47051B411261D2430E06BBDD48B133A4E39B342963933F861D68946BA634";"Fisier local asociat unui produs importat."
"imagine";"14-AVENUE";"";"importat";"publish";"";"14-AVENUE-T02_9.jpg";"626F4DE6DA2A410F19FEECBC237E4AA69191B8D9BC735CABF1CE2F20C78620C4";"Fisier local asociat unui produs importat."
"produs";"14-BARBARA";"";"importat";"publish";"";"";"";"Imagini locale: 4. Importat prin batch dupa confirmarea paginii publice Mendola si a imaginilor locale."
"imagine";"14-BARBARA";"";"importat";"publish";"";"14-BARBARA-T02.JPG";"77FB82C9CC6599678C0D6861699FD4C0BF0F822DB6DE669BC9994451218B6A16";"Fisier local asociat unui produs importat."
"imagine";"14-BARBARA";"";"importat";"publish";"";"14-BARBARA-T02_1.JPG";"D744D882173EDF1A5BEE93E9C30B9127EFA1FBBFFD9E699405633B0EE9899088";"Fisier local asociat unui produs importat."
"imagine";"14-BARBARA";"";"importat";"publish";"";"14-BARBARA-T02_3.JPG";"93BF6F3CCBE0920877BFC3A0D674F052AC4154A16876291544F9E48DF08F118F";"Fisier local asociat unui produs importat."
"imagine";"14-BARBARA";"";"importat";"publish";"";"14-BARBARA-T02_4.JPG";"AA999BD2DCEB3F742C821F4BDFC097C680E4F411547475DD1AFF6F2DB1106527";"Fisier local asociat unui produs importat."
"produs";"14-BASTIA";"";"importat";"publish";"";"";"";"Imagini locale: 8. Importat prin batch dupa confirmarea paginii publice Mendola si a imaginilor locale."
"imagine";"14-BASTIA";"";"importat";"publish";"";"14-BASTIA-V0.jpg";"962457E96F2AC415EE62EA075D1A4B67BBB479B577D5AF5D80526466893F0919";"Fisier local asociat unui produs importat."
"imagine";"14-BASTIA";"";"importat";"publish";"";"14-BASTIA-V0_2.jpg";"4574F561A8C16F25DE7AB707D36F784349F5935E62A1376EF0F40336C0817CF7";"Fisier local asociat unui produs importat."
"imagine";"14-BASTIA";"";"importat";"publish";"";"14-BASTIA-V0_3.jpg";"1DBFF556435FBEDCE6CC1B54D91E2B81F5A17976EAE9C12DDBA8684CA4CA8491";"Fisier local asociat unui produs importat."
"imagine";"14-BASTIA";"";"importat";"publish";"";"14-BASTIA-V0_4.jpg";"CE1B4C4588A725E49BE9D64EC0614F35F03C5B9B0FDBB63CC9DF31B02D044B5F";"Fisier local asociat unui produs importat."
"imagine";"14-BASTIA";"";"negasit";"publish";"";"14-BASTIA-V7.jpg";"EAA0818644839C816367CF8E6A414F617290590BDC4094CCB2FDDE5FEE8250CD";"Varianta nu a fost gasita in paginile publice Mendola verificate."
"imagine";"14-BASTIA";"";"negasit";"publish";"";"14-BASTIA-V7_2.jpg";"A8BEA34DCD45A49C8962C7EC66A4EC590B7338EDA58B726BCF0F76C654503CDC";"Varianta nu a fost gasita in paginile publice Mendola verificate."
"imagine";"14-BASTIA";"";"negasit";"publish";"";"14-BASTIA-V7_3.jpg";"57A66319B50FED9C68A30CCC41C8F96D242262DB66064A57F750DF30D2DBB7E0";"Varianta nu a fost gasita in paginile publice Mendola verificate."
"imagine";"14-BASTIA";"";"negasit";"publish";"";"14-BASTIA-V7_4.jpg";"54E26F4AE30797757F9C41B08F8B6939037FDDBED47677F58C69F8561F3751D0";"Varianta nu a fost gasita in paginile publice Mendola verificate."
"produs";"14-BRANCO";"";"negasit";"nu exista";"";"";"";"Imagini locale: 3. Modelul sau varianta nu a fost gasita in paginile publice Mendola verificate."
"imagine";"14-BRANCO";"";"negasit";"nu exista";"";"14-BRANCO-T01.jpg";"A92D0B64C32474D9C53F3ED78851C9671318576E1FC9317EA9607FEEAF94B0AE";"Varianta nu a fost gasita in paginile publice Mendola verificate."
"imagine";"14-BRANCO";"";"negasit";"nu exista";"";"14-BRANCO-T01_3 (2).jpg";"8753F998CFBA17D7611A4AB4DF858D920B7E2A4173D87115D648B836E131428F";"Varianta nu a fost gasita in paginile publice Mendola verificate."
"imagine";"14-BRANCO";"";"negasit";"nu exista";"";"14-BRANCO-T01_4.jpg";"4FA79D902A1FEC556AEC32579129F405D670EDF5BA6E019952FF73F633ACFD53";"Varianta nu a fost gasita in paginile publice Mendola verificate."
"produs";"14-CABO";"";"importat";"publish";"";"";"";"Imagini locale: 6. Importat prin batch dupa confirmarea paginii publice Mendola si a imaginilor locale."
"imagine";"14-CABO";"";"importat";"publish";"";"14-CABO-T02.jpg";"9FC71F82AE28D927D5C94649A5B6A58A214B61F5E8F0C0899D82EDA262A089D4";"Fisier local asociat unui produs importat."
"imagine";"14-CABO";"";"importat";"publish";"";"14-CABO-T02_10.jpg";"F31201F5C4AC200F6F1661A6A53A3C5B7D9BC7599A71F4C5E2CEB3264347173C";"Fisier local asociat unui produs importat."
"imagine";"14-CABO";"";"importat";"publish";"";"14-CABO-T02_5.jpg";"59D295A967BA752BC36252688AD446E5AE46CFF3235D7E78684B91216A39BCF5";"Fisier local asociat unui produs importat."
"imagine";"14-CABO";"";"importat";"publish";"";"14-CABO-T02_6.jpg";"634E2AA35AA398EE13BF76039CE672E04F974F5B33AA3FF2DB83BF83A2A2679D";"Fisier local asociat unui produs importat."
"imagine";"14-CABO";"";"importat";"publish";"";"14-CABO-T02_8.jpg";"F34778A476F58B065ACDF740C98BB1C658F947311BBB53ADA8C89945D63E610F";"Fisier local asociat unui produs importat."
"imagine";"14-CABO";"";"importat";"publish";"";"14-CABO-T02_9.jpg";"E39238B7EEE9C98894DBFD27677EAAABD1D0974AC2606F4C73FD5A75DC09F759";"Fisier local asociat unui produs importat."
"produs";"14-CALIFORNIA";"";"importat";"publish";"";"";"";"Imagini locale: 13. Importat prin batch dupa confirmarea paginii publice Mendola si a imaginilor locale."
"imagine";"14-CALIFORNIA";"";"negasit";"publish";"";"14-CALIFORNIA-V1.jpg";"1318A9E3069B5081452EFD0EEB12CF36CB4DCB97A60C4401664E498BB4DACC08";"Varianta nu a fost gasita in paginile publice Mendola verificate."
"imagine";"14-CALIFORNIA";"";"negasit";"publish";"";"14-CALIFORNIA-V1_1.jpg";"E437F41C972A59E9B4FF248062AEB2D7AE6106B6EB1865816EEE20A49415809F";"Varianta nu a fost gasita in paginile publice Mendola verificate."
"imagine";"14-CALIFORNIA";"";"negasit";"publish";"";"14-CALIFORNIA-V1_3.jpg";"759355F2DBD911FD21A8C07B943D04402C5B4EB250CEB1BA62F4B4E368D826CC";"Varianta nu a fost gasita in paginile publice Mendola verificate."
"imagine";"14-CALIFORNIA";"";"negasit";"publish";"";"14-CALIFORNIA-V1_4.jpg";"9ABFE93DE7B32E2C0A6B9A378463FD98E2EDB9EEE01F7DAC7ED8B5E2920FCF8C";"Varianta nu a fost gasita in paginile publice Mendola verificate."
"imagine";"14-CALIFORNIA";"";"importat";"publish";"";"14-CALIFORNIA-V3.jpg";"895728452AB790F77CBC5D0EBA6C84490CF61A4B8722FE16B430BFA40E03288A";"Fisier local asociat unui produs importat."
"imagine";"14-CALIFORNIA";"";"importat";"publish";"";"14-CALIFORNIA-V3_1.jpg";"0648851F1A0B02CA9EFA74EB44B40431AFD0FC3B34D131A3D5CDE567D6DB2059";"Fisier local asociat unui produs importat."
"imagine";"14-CALIFORNIA";"";"importat";"publish";"";"14-CALIFORNIA-V3_2_3.jpg";"E0FA558CEA86457222AED278E1941E9A57C94B649751FCB0DF5061789E8E0B6A";"Fisier local asociat unui produs importat."
"imagine";"14-CALIFORNIA";"";"importat";"publish";"";"14-CALIFORNIA-V3_4.jpg";"76A83AEFBB63995786EF847E9ADCCFB475CEBE6CDBFC1711D4ABB8747163B01F";"Fisier local asociat unui produs importat."
"imagine";"14-CALIFORNIA";"";"negasit";"publish";"";"14-CALIFORNIA-V6.jpg";"37BC224EB7D1D6208033B3AF59DBC2F9744CDCE2ED92B4CC79E0216379D5D546";"Varianta nu a fost gasita in paginile publice Mendola verificate."
"imagine";"14-CALIFORNIA";"";"negasit";"publish";"";"14-CALIFORNIA-V6_1.jpg";"01D15CA9F8CF0513B5AD2D92A16844FC32F4C8CAB246D02F154D166FC2AF6BD4";"Varianta nu a fost gasita in paginile publice Mendola verificate."
"imagine";"14-CALIFORNIA";"";"negasit";"publish";"";"14-CALIFORNIA-V6_2.jpg";"71BF5CCB5EAE1D7EA11B23508C3E39AED000D0D5DB0B9E115D1D0966B84EC706";"Varianta nu a fost gasita in paginile publice Mendola verificate."
"imagine";"14-CALIFORNIA";"";"negasit";"publish";"";"14-CALIFORNIA-V6_3.jpg";"B187CC92EC2CBEEBCCC90B6C458BFD30614B407001A6574A175E722FE1093822";"Varianta nu a fost gasita in paginile publice Mendola verificate."
"imagine";"14-CALIFORNIA";"";"negasit";"publish";"";"14-CALIFORNIA-V6_4.jpg";"C07DD73D8D4638C6EDFF4047588FFA5E9F5A51FB59B1896F84A75C426E37343F";"Varianta nu a fost gasita in paginile publice Mendola verificate."
"produs";"14-CAMPERA";"";"neimportat / neconfirmat";"";"";"";"";"Imagini locale: 5. Exista imagini locale si o pagina de model, dar SKU-ul nu a fost importat."
"imagine";"14-CAMPERA";"";"negasit";"";"";"14-CAMPERA-V6.jpg";"91AB02E4E6B6863A464D7159083BE00CA70FAA4C62B650EAD24ED2A10AAC7E03";"Varianta nu a fost gasita in paginile publice Mendola verificate."
"imagine";"14-CAMPERA";"";"negasit";"";"";"14-CAMPERA-V6_1.jpg";"94575CB1268C64B50CC1F9F78FB3914F8FA0135CD51805A534E1871EE8C95BEE";"Varianta nu a fost gasita in paginile publice Mendola verificate."
"imagine";"14-CAMPERA";"";"negasit";"";"";"14-CAMPERA-V6_2.jpg";"0C63234C1AC83A77BABD978110E869702D0D3F1B7EC7C8B56AF1CFF156B1D6EB";"Varianta nu a fost gasita in paginile publice Mendola verificate."
"imagine";"14-CAMPERA";"";"negasit";"";"";"14-CAMPERA-V6_3.jpg";"AB0D4F16D86FCF2EFF0DA58FE68F9FC911FAD21CC9EAC204982E891399C58987";"Varianta nu a fost gasita in paginile publice Mendola verificate."
"imagine";"14-CAMPERA";"";"negasit";"";"";"14-CAMPERA-V6_4.jpg";"FB634B3ED8BB29F141722CD6AE3872357EE6AEC57273A192D05EFBC3EA80B965";"Varianta nu a fost gasita in paginile publice Mendola verificate."
"produs";"14-CARESSE";"";"negasit";"nu exista";"";"";"";"Imagini locale: 6. Modelul sau varianta nu a fost gasita in paginile publice Mendola verificate."
"imagine";"14-CARESSE";"";"negasit";"nu exista";"";"14-CARESSE-T01.jpg";"B1874E70386AC38F81914B75BD82F6A967C48A487A4EF9BFC2BBD3E86E89AAEC";"Varianta nu a fost gasita in paginile publice Mendola verificate."
"imagine";"14-CARESSE";"";"negasit";"nu exista";"";"14-CARESSE-T01_10.jpg";"D6930F5C8F9038941C755068F0B1C26F7E7518309AA12BBB5D2B739F1AD72E5D";"Varianta nu a fost gasita in paginile publice Mendola verificate."
"imagine";"14-CARESSE";"";"negasit";"nu exista";"";"14-CARESSE-T01_5.jpg";"C5DC0A2597BC0F02410B96219E5238E4DC2952D274F91090EEE059DC4B05C1A5";"Varianta nu a fost gasita in paginile publice Mendola verificate."
"imagine";"14-CARESSE";"";"negasit";"nu exista";"";"14-CARESSE-T01_6.jpg";"C17B20E6E67316CECDF6CCC06D6B6566B03583EF2EF0228E3E91DFF3651BEF5B";"Varianta nu a fost gasita in paginile publice Mendola verificate."
"imagine";"14-CARESSE";"";"negasit";"nu exista";"";"14-CARESSE-T01_8.jpg";"DD371A00EBA33F785D8C28087123EB461A22321308778D5901EEA48811F43D7A";"Varianta nu a fost gasita in paginile publice Mendola verificate."
"imagine";"14-CARESSE";"";"negasit";"nu exista";"";"14-CARESSE-T01_9.jpg";"FC2247152C395B9D2494B3CCFD120C0B7A0667260D82085C1711CEF1E740F8A7";"Varianta nu a fost gasita in paginile publice Mendola verificate."
"produs";"14-CHARM";"";"importat";"publish";"";"";"";"Imagini locale: 11. Importat prin batch dupa confirmarea paginii publice Mendola si a imaginilor locale."
"imagine";"14-CHARM";"";"importat";"publish";"";"14-CHARM-V1.jpg";"8D0F25587A9CA92C8E60D54FB046FCF21BA1BCB294400974E77C353C677E6BFA";"Fisier local asociat unui produs importat."
"imagine";"14-CHARM";"";"importat";"publish";"";"14-CHARM-V1_1.jpg";"5EC3944BD88331F7B759D1805D4C0BFC4FC8CDCC31F9584A9CCDA00A153FAFA2";"Fisier local asociat unui produs importat."
"imagine";"14-CHARM";"";"importat";"publish";"";"14-CHARM-V1_2.jpg";"ED095FEB25B1095E1F35928407DA817B8E34D52453BC4184F23A756A988E1F51";"Fisier local asociat unui produs importat."
"imagine";"14-CHARM";"";"importat";"publish";"";"14-CHARM-V1_3.jpg";"FB223B28F291A24F07AB80E57DBB99AB0BD56CDDC875B10DB15F6E82AC19667C";"Fisier local asociat unui produs importat."
"imagine";"14-CHARM";"";"importat";"publish";"";"14-CHARM-V2.jpg";"2C889182CEAA490B205CBA2AB4B88869ED875BB4C2828E3659D69E860CA809A9";"Fisier local asociat unui produs importat."
"imagine";"14-CHARM";"";"importat";"publish";"";"14-CHARM-V2_3.jpg";"861D8DECD357AA555F8C36B7A1F4A7486CE77300D92140C2B121CB8334AD62F7";"Fisier local asociat unui produs importat."
"imagine";"14-CHARM";"";"importat";"publish";"";"14-CHARM-V3.jpg";"0441EF9463BF1A60391C713AF9DEC0C6EBA497647A037DF209238A4572B02BFB";"Fisier local asociat unui produs importat."
"imagine";"14-CHARM";"";"importat";"publish";"";"14-CHARM-V3_1.jpg";"D5330014E3B375414516A724F1B0D6784EAE7187DDC267EB30593AA60E2D9658";"Fisier local asociat unui produs importat."
"imagine";"14-CHARM";"";"importat";"publish";"";"14-CHARM-V3_2.jpg";"34CC80990BDB93CE9CCA37D354A00154A94D1B1528838BD237EC138689218108";"Fisier local asociat unui produs importat."
"imagine";"14-CHARM";"";"importat";"publish";"";"14-CHARM-V3_3.jpg";"C5D6232977B021ED41D55AD8C5B22D865D2FD5947E515BA3E2B27C8CEAE9F400";"Fisier local asociat unui produs importat."
"imagine";"14-CHARM";"";"importat";"publish";"";"14-CHARM-V3_4.jpg";"4E52FC7B6F3F31B56CABBB43AB558608C9D30420AA5AF63A66C11AA8BCC8C5BC";"Fisier local asociat unui produs importat."
"produs";"14-CLEMENCE";"";"negasit";"nu exista";"";"";"";"Imagini locale: 6. Modelul sau varianta nu a fost gasita in paginile publice Mendola verificate."
"imagine";"14-CLEMENCE";"";"negasit";"nu exista";"";"14-CLEMENCE-T08.jpg";"602327D5BF771CD3AC31A1372F61619735222479F3A07CA07BB57FB50E21AD45";"Varianta nu a fost gasita in paginile publice Mendola verificate."
"imagine";"14-CLEMENCE";"";"negasit";"nu exista";"";"14-CLEMENCE-T08_1.jpg";"D25BC62E039C35548C244DC04CA5642868108FD9E8F10FB367352A822A0A0F97";"Varianta nu a fost gasita in paginile publice Mendola verificate."
"imagine";"14-CLEMENCE";"";"negasit";"nu exista";"";"14-CLEMENCE-T08_2.jpg";"3C500F020D675F9B6A435C689F0A92B9ECB2C410733CD9EFFE6C6F54DCBA2478";"Varianta nu a fost gasita in paginile publice Mendola verificate."
"imagine";"14-CLEMENCE";"";"negasit";"nu exista";"";"14-CLEMENCE-T08_3 (2).jpg";"17D1C86172C001FB4C39E19ABA3341B1FDFB56DB7DF7755F35B4D4488FBC302B";"Varianta nu a fost gasita in paginile publice Mendola verificate."
"imagine";"14-CLEMENCE";"";"negasit";"nu exista";"";"14-CLEMENCE-T08_3.jpg";"3CE02A96A105006694045293E8B5DA7C6D50E3730B2A21124284A753DC6C7AEF";"Varianta nu a fost gasita in paginile publice Mendola verificate."
"imagine";"14-CLEMENCE";"";"negasit";"nu exista";"";"14-CLEMENCE-T08_4.jpg";"6974B536F9C4F93FCF67FA2F54F7DB73AE6E3C1A371A48751A6E7C0ED6E3DCDA";"Varianta nu a fost gasita in paginile publice Mendola verificate."
"produs";"14-COHIBA";"";"importat";"publish";"";"";"";"Imagini locale: 3. Importat prin batch dupa confirmarea paginii publice Mendola si a imaginilor locale."
"imagine";"14-COHIBA";"";"importat";"publish";"";"14-COHIBA-V3.jpg";"545C158EC8BD1BBF3E270C3F568E14A903B4380CE0DD2C4E19A1C26635E47C84";"Fisier local asociat unui produs importat."
"imagine";"14-COHIBA";"";"importat";"publish";"";"14-COHIBA-V3_2.jpg";"2C5AF830B56A7CEC3345D525CF9E6C0E03AB130CC9FE19585A11BD92FFD3995E";"Fisier local asociat unui produs importat."
"imagine";"14-COHIBA";"";"importat";"publish";"";"14-COHIBA-V3_4.jpg";"6F804A4609A8A8D623308705BEB9E217473A9CB7A89FB57E0FFF010F0A864249";"Fisier local asociat unui produs importat."
"produs";"14-COLETTE";"";"neimportat / neconfirmat";"";"";"";"";"Imagini locale: 1. Exista imagini locale si o pagina de model, dar SKU-ul nu a fost importat."
"imagine";"14-COLETTE";"";"neimportat / neconfirmat";"";"";"14-COLETTE-T01_3 (2).JPG";"967FE6DB4AB26CDDE5FEBE82F5F3DDE1AEEE9A6C82B417AD65AF3CC4D913DC8B";"Fisier local fara produs importat confirmat."
"produs";"14-CREATION";"";"importat";"publish";"";"";"";"Imagini locale: 6. Importat prin batch dupa confirmarea paginii publice Mendola si a imaginilor locale."
"imagine";"14-CREATION";"";"importat";"publish";"";"14-CREATION-T02.jpg";"F9EBCF076105AD9E30583181E4A7820D8717DDADBBC92DAF480C5658582DFF40";"Fisier local asociat unui produs importat."
"imagine";"14-CREATION";"";"importat";"publish";"";"14-CREATION-T02_10.jpg";"23BF2FD009F6A9DA25E1E1173D148FE7AF51B9CB46563791A6EA7633FEA58FB4";"Fisier local asociat unui produs importat."
"imagine";"14-CREATION";"";"importat";"publish";"";"14-CREATION-T02_5.jpg";"334FEFB9EEAB8857B4E4F93E7F2ED85FAC757DCA712033029805AA7DFDBF8BEE";"Fisier local asociat unui produs importat."
"imagine";"14-CREATION";"";"importat";"publish";"";"14-CREATION-T02_6.jpg";"ABA4CFB74DEC08C3B0D1148A3DA493CED62D349348C7B2C5B87607FB2779B651";"Fisier local asociat unui produs importat."
"imagine";"14-CREATION";"";"importat";"publish";"";"14-CREATION-T02_8.jpg";"DCF291F54A9509A43472C84FB59B620B3FED16A699CFB65D53CE1951801A1AA8";"Fisier local asociat unui produs importat."
"imagine";"14-CREATION";"";"importat";"publish";"";"14-CREATION-T02_9.jpg";"414B409D80CCDA478A98B77D96EAB0F6FF2142F157A9D980F4CB2B8132EA38F1";"Fisier local asociat unui produs importat."
"produs";"14-DAKOTA";"";"negasit";"nu exista";"";"";"";"Imagini locale: 4. Modelul sau varianta nu a fost gasita in paginile publice Mendola verificate."
"imagine";"14-DAKOTA";"";"negasit";"nu exista";"";"14-DAKOTA-V2.jpg";"3E20881F89471DB511CF901161C2F4A8A57BF7DBC315E15B3CC0258B87DA2B3A";"Varianta nu a fost gasita in paginile publice Mendola verificate."
"imagine";"14-DAKOTA";"";"negasit";"nu exista";"";"14-DAKOTA-V2_5.jpg";"BFEB87622092D74CFF488ED4E466256AF9B77DC072E02A72A13F2A62600ACDA8";"Varianta nu a fost gasita in paginile publice Mendola verificate."
"imagine";"14-DAKOTA";"";"negasit";"nu exista";"";"14-DAKOTA-V2_6.jpg";"495584E4DBEF1452B00BF28AB6036DE1F10B829BBB75E9CCA678F5F08A934C82";"Varianta nu a fost gasita in paginile publice Mendola verificate."
"imagine";"14-DAKOTA";"";"negasit";"nu exista";"";"14-DAKOTA-V2_8.jpg";"E05B1125393180CA5647103B1DF4D29B56213D4354E3BDE9BD5B41C677F23F69";"Varianta nu a fost gasita in paginile publice Mendola verificate."
"produs";"14-DANDY";"";"importat";"publish";"";"";"";"Imagini locale: 3. Importat prin batch dupa confirmarea paginii publice Mendola si a imaginilor locale."
"imagine";"14-DANDY";"";"importat";"publish";"";"14-DANDY-R1700.jpg";"DEC258CC42B83EF9DDFE70D813E52B97D4DBFEF0A9F417D340B1FC370B25C422";"Fisier local asociat unui produs importat."
"imagine";"14-DANDY";"";"importat";"publish";"";"14-DANDY-R1700_2.jpg";"404B441B932A7681D57FD3DB11D0AC984EDF07F8F6689DA9CE73BA553726465E";"Fisier local asociat unui produs importat."
"imagine";"14-DANDY";"";"importat";"publish";"";"14-DANDY-R1700_3.jpg";"07B522D6AE31F271F03EFC1D7A95F3FBBB09741877DEDE6D1609378DFD1E51D3";"Fisier local asociat unui produs importat."
"produs";"14-DUCHESS";"";"negasit";"nu exista";"";"";"";"Imagini locale: 3. Modelul sau varianta nu a fost gasita in paginile publice Mendola verificate."
"imagine";"14-DUCHESS";"";"negasit";"nu exista";"";"14-DUCHESS-T08.jpg";"D99933A987AC9A12CEFB190EB6ECDDA1C9A7E07B0C6859977EFFF82A5623AD4D";"Varianta nu a fost gasita in paginile publice Mendola verificate."
"imagine";"14-DUCHESS";"";"negasit";"nu exista";"";"14-DUCHESS-T08_5.jpg";"FB3B1EFFD62FA77776E9F3104AB510C5F818590BF03D131F5EE312887A52E010";"Varianta nu a fost gasita in paginile publice Mendola verificate."
"imagine";"14-DUCHESS";"";"negasit";"nu exista";"";"14-DUCHESS-T08_8.jpg";"B5C5D5039E3B3498BAC31F23575B5610DC6102CD7E8A437C09CD93E97A57D5CE";"Varianta nu a fost gasita in paginile publice Mendola verificate."
"produs";"14-ECCO";"";"importat";"publish";"";"";"";"Imagini locale: 10. Importat prin batch dupa confirmarea paginii publice Mendola si a imaginilor locale."
"imagine";"14-ECCO";"";"importat";"publish";"";"14-ECCO-R1700.jpg";"7FE40FA6FC37DB9D7369F02F80683939FF9C2E1E80E7E2E75C0C182B9FE1D706";"Fisier local asociat unui produs importat."
"imagine";"14-ECCO";"";"importat";"publish";"";"14-ECCO-R1700_1.jpg";"0E2966D586DDB88AE2EDDDD2E50203B4C845C5D76D76CBD73887D9EE777EB2B9";"Fisier local asociat unui produs importat."
"imagine";"14-ECCO";"";"importat";"publish";"";"14-ECCO-R1700_2.jpg";"CC63781AB66F24B2B61D1D802361F90F84EAD50C97222C4029ED7161A9790480";"Fisier local asociat unui produs importat."
"imagine";"14-ECCO";"";"importat";"publish";"";"14-ECCO-R1700_3.jpg";"D6ED8CB220093723D63124AD2D1DE20D1EC2AB458F894DC07913A6E0F002C8EC";"Fisier local asociat unui produs importat."
"imagine";"14-ECCO";"";"importat";"publish";"";"14-ECCO-R1700_4.jpg";"5065F70B278802DA96B034AF9521890FCDEE13D4726BE3D5A34EE8346A9F8931";"Fisier local asociat unui produs importat."
"imagine";"14-ECCO";"";"importat";"publish";"";"14-ECCO-V6.jpg";"4B5AD9AE72C74AFC4DFE63A2524134B2506090D1595DC0F74AE3F1EDF0ED29A7";"Fisier local asociat unui produs importat."
"imagine";"14-ECCO";"";"importat";"publish";"";"14-ECCO-V6_1.jpg";"5D0002DAB64EBEC13A3AD3663C711B4A13C554072036C0D68F888789D1B79672";"Fisier local asociat unui produs importat."
"imagine";"14-ECCO";"";"importat";"publish";"";"14-ECCO-V6_2.jpg";"DE0A1EED22CC8C13EDC3B0CDAD3F5A11A49FE4DD0201D1531FDB4066CE62B6CC";"Fisier local asociat unui produs importat."
"imagine";"14-ECCO";"";"importat";"publish";"";"14-ECCO-V6_3.jpg";"0BED26A330DB2CFCF3D161D72AA9F956370EAA13E6A0C56F1A138EBC38D69755";"Fisier local asociat unui produs importat."
"imagine";"14-ECCO";"";"importat";"publish";"";"14-ECCO-V6_4.jpg";"EFDA3CC0048258CFDF0A1E4791B900F079E73A3D8B8AFB10B0361B15BD29A011";"Fisier local asociat unui produs importat."
"produs";"14-EOLIA";"";"negasit";"nu exista";"";"";"";"Imagini locale: 10. Modelul sau varianta nu a fost gasita in paginile publice Mendola verificate."
"imagine";"14-EOLIA";"";"negasit";"nu exista";"";"14-EOLIA-V1.jpg";"63BE42B36D5DD7923D80D1D16FA73006F73495CB802EF9BFB32767DABF6EA5A5";"Varianta nu a fost gasita in paginile publice Mendola verificate."
"imagine";"14-EOLIA";"";"negasit";"nu exista";"";"14-EOLIA-V1_1.jpg";"53B090470D13CDD998A13A246475827498FB56FFD9C67CE7EB0CCDE8F968EF04";"Varianta nu a fost gasita in paginile publice Mendola verificate."
"imagine";"14-EOLIA";"";"negasit";"nu exista";"";"14-EOLIA-V1_2.jpg";"213AA54DB0C833E188DDB811C6032801495FE47D704DE2EC63F964249EDE7309";"Varianta nu a fost gasita in paginile publice Mendola verificate."
"imagine";"14-EOLIA";"";"negasit";"nu exista";"";"14-EOLIA-V1_3.jpg";"929462DBF8A39B432FD08F20D63A203419D14AB977C3594B62792077C5516F40";"Varianta nu a fost gasita in paginile publice Mendola verificate."
"imagine";"14-EOLIA";"";"negasit";"nu exista";"";"14-EOLIA-V1_4.jpg";"4EC175CBB11656743FE415871D788F94F2BC6E1208D02E28A563EE22D00B2C4B";"Varianta nu a fost gasita in paginile publice Mendola verificate."
"imagine";"14-EOLIA";"";"negasit";"nu exista";"";"14-EOLIA-V2.jpg";"CDEB32202C5F70D5CF4B2D6B93862F1E2D8BE2C5DD09D8AA93AED725A449B427";"Varianta nu a fost gasita in paginile publice Mendola verificate."
"imagine";"14-EOLIA";"";"negasit";"nu exista";"";"14-EOLIA-V2_1.jpg";"E3E2E90961E95BFEEEBD53226FDB1A3AB4885D343F1A29A6E85524DA5E988ED8";"Varianta nu a fost gasita in paginile publice Mendola verificate."
"imagine";"14-EOLIA";"";"negasit";"nu exista";"";"14-EOLIA-V2_2.jpg";"AB7EA21E1AFA3145B1BA0B40174E2E7DACBB66B9D807A0C156EDE70830E25280";"Varianta nu a fost gasita in paginile publice Mendola verificate."
"imagine";"14-EOLIA";"";"negasit";"nu exista";"";"14-EOLIA-V2_3.jpg";"EF84C3E74FDE7702D8DD371E5CF1721B848998CFD5C0FAE34A0BC0CE572BA1A8";"Varianta nu a fost gasita in paginile publice Mendola verificate."
"imagine";"14-EOLIA";"";"negasit";"nu exista";"";"14-EOLIA-V2_4.jpg";"6776080E42D05487F002D96CCCE4AA4FAAC8202110052DBCB6EEE7344E0A25AD";"Varianta nu a fost gasita in paginile publice Mendola verificate."
"produs";"14-FINESSE";"";"negasit";"nu exista";"";"";"";"Imagini locale: 4. Modelul sau varianta nu a fost gasita in paginile publice Mendola verificate."
"imagine";"14-FINESSE";"";"negasit";"nu exista";"";"14-FINESSE-1700.jpg";"4C2C90F40BDD5358C318F06E7E792A6524CF5B2CEEC3872DC6E784DF0461B0D2";"Varianta nu a fost gasita in paginile publice Mendola verificate."
"imagine";"14-FINESSE";"";"negasit";"nu exista";"";"14-FINESSE-1700_5.jpg";"8E16080018D28378ECA065C3B19BDD1C8DDA6637E8BA6FB20B12D5067CB59CD5";"Varianta nu a fost gasita in paginile publice Mendola verificate."
"imagine";"14-FINESSE";"";"negasit";"nu exista";"";"14-FINESSE-1700_6.jpg";"A59250BCCC5F66E79A064352795FA5A4B97D7250535C1E1D2F4495135041134A";"Varianta nu a fost gasita in paginile publice Mendola verificate."
"imagine";"14-FINESSE";"";"negasit";"nu exista";"";"14-FINESSE-1700_8.jpg";"76F3860DD816E8AF658D356F8EFE32CFD8C2DE2A3F6C504CC1648290BC77014B";"Varianta nu a fost gasita in paginile publice Mendola verificate."
"produs";"14-FLAVIA";"";"negasit";"nu exista";"";"";"";"Imagini locale: 4. Modelul sau varianta nu a fost gasita in paginile publice Mendola verificate."
"imagine";"14-FLAVIA";"";"negasit";"nu exista";"";"14-FLAVIA-R_1.jpg";"9B32A50D21A659DDA71DBAADE9E75FC58D147892629B26C25DD273CA03AD553E";"Varianta nu a fost gasita in paginile publice Mendola verificate."
"imagine";"14-FLAVIA";"";"negasit";"nu exista";"";"14-FLAVIA-R_2-alb.jpg";"F06427F27C58B2455985529CB82DBD9BC58556C9A12E99F0AD5E82F0AEE82DBB";"Varianta nu a fost gasita in paginile publice Mendola verificate."
"imagine";"14-FLAVIA";"";"negasit";"nu exista";"";"14-FLAVIA-R_3.JPG";"36462DFBC99F67FD122C4803E2C5772F7B673825F17511E74E729EFFC3D43BEC";"Varianta nu a fost gasita in paginile publice Mendola verificate."
"imagine";"14-FLAVIA";"";"negasit";"nu exista";"";"14-FLAVIA-R_4.JPG";"DD3BD86B2DEB5B733B99B2E16FA97DAE290C9141ABFAF77653F726676F7B752F";"Varianta nu a fost gasita in paginile publice Mendola verificate."
"produs";"14-FRIDA";"";"negasit";"nu exista";"";"";"";"Imagini locale: 5. Modelul sau varianta nu a fost gasita in paginile publice Mendola verificate."
"imagine";"14-FRIDA";"";"negasit";"nu exista";"";"14-FRIDA-R1700.jpg";"0077CD82C162E6C048116956F40B7BE0FA43BCC1CB5CB6D35765D79C3087ADCD";"Varianta nu a fost gasita in paginile publice Mendola verificate."
"imagine";"14-FRIDA";"";"negasit";"nu exista";"";"14-FRIDA-R1700_1.jpg";"3DD8DABDF1B10C1EC898D3AB45A0675E9EBDE448B1CDEBB35F9C6E300A70F8E0";"Varianta nu a fost gasita in paginile publice Mendola verificate."
"imagine";"14-FRIDA";"";"negasit";"nu exista";"";"14-FRIDA-R1700_2.jpg";"38748691EA605F3ACEFD81E370B65185076BBADDC70B60B68860643EBC330910";"Varianta nu a fost gasita in paginile publice Mendola verificate."
"imagine";"14-FRIDA";"";"negasit";"nu exista";"";"14-FRIDA-R1700_3.jpg";"FE40EF0B890E65D33769EDD42DBFCB4CCEBAAE5FEF6C9FBA8FDCEEC0D5F2E1BB";"Varianta nu a fost gasita in paginile publice Mendola verificate."
"imagine";"14-FRIDA";"";"negasit";"nu exista";"";"14-FRIDA-R1700_4.jpg";"8AE530FD253740B1ADDC141D00AAE227C7FA6A7B3DDA66E4E72B0F10E9F32B97";"Varianta nu a fost gasita in paginile publice Mendola verificate."
"produs";"14-GARBO";"";"importat";"publish";"";"";"";"Imagini locale: 10. Importat prin batch dupa confirmarea paginii publice Mendola si a imaginilor locale."
"imagine";"14-GARBO";"";"importat";"publish";"";"14-GARBO-R1700_2.jpg";"4EBC99B6C0AA735B26AFA14C2129D3927126F4BE8E9CD1AFC3A81379FF968C67";"Fisier local asociat unui produs importat."
"imagine";"14-GARBO";"";"importat";"publish";"";"14-GARBO-R1700_3.jpg";"A5441234059E77A31A7E269569D191CD0C8BD10C659E8B2A7BFAF90166431B40";"Fisier local asociat unui produs importat."
"imagine";"14-GARBO";"";"importat";"publish";"";"14-GARBO-R1700_4.jpg";"7E00C5D5415DECB0F1B5E639F8F255C6E0296C49F3196F6296A64C781B102351";"Fisier local asociat unui produs importat."
"imagine";"14-GARBO";"";"importat";"publish";"";"14-GARBO-T01_1.jpg";"BA2F9B4475BAA656BA5E24DD9B7D7132F80B212FB7BE960F247E997B25AD8098";"Fisier local asociat unui produs importat."
"imagine";"14-GARBO";"";"importat";"publish";"";"14-GARBO-T01_2.jpg";"5F39385E76E957E82F81728AC721265F528DC662D24E4FE2FBB721ABC4081C01";"Fisier local asociat unui produs importat."
"imagine";"14-GARBO";"";"importat";"publish";"";"14-GARBO-T01_3.jpg";"07517BA8907E6F5E88028A2C786F67C5D3C3EC94AFFD355844ED610FB399D4AC";"Fisier local asociat unui produs importat."
"imagine";"14-GARBO";"";"importat";"publish";"";"14-GARBO-T01_4.jpg";"97C5906789E3089AA69CF7490127441A09F6F164FBB974797B30AA9160B05709";"Fisier local asociat unui produs importat."
"imagine";"14-GARBO";"";"importat";"publish";"";"14-GARBO-T08_2.jpg";"7214353D3BC6C3CAB1E426C3EDAA3B7A7AF183480A9B0924BA7871E3DA601ED6";"Fisier local asociat unui produs importat."
"imagine";"14-GARBO";"";"importat";"publish";"";"14-GARBO-T08_3.jpg";"C63B3908E32287E3A1B6FEE7DC4D3B441FC8B11715751E64C56973971A3F8F5D";"Fisier local asociat unui produs importat."
"imagine";"14-GARBO";"";"importat";"publish";"";"14-GARBO-T08_4.jpg";"53360A1D49F974E3F342E98266E29445CCA79C716FCADF0F2D428BE690283F0B";"Fisier local asociat unui produs importat."
"produs";"14-GENTIANA";"";"importat";"publish";"";"";"";"Imagini locale: 17. Importat prin batch dupa confirmarea paginii publice Mendola si a imaginilor locale."
"imagine";"14-GENTIANA";"";"importat";"publish";"";"14-GENTIANA-T01.jpg";"77CBB7B95155C6ADB0482E0DD65F8263C7E2D7A256F792F1DFD27D897DED8A9C";"Fisier local asociat unui produs importat."
"imagine";"14-GENTIANA";"";"importat";"publish";"";"14-GENTIANA-T01_10.jpg";"8D65047404013BB68591801155ADC759295A03EC9D9E1DA18C504C3BA934E1E0";"Fisier local asociat unui produs importat."
"imagine";"14-GENTIANA";"";"importat";"publish";"";"14-GENTIANA-T01_5.jpg";"2312E8C718DD4F7C7FCC59F8EF86F60C3816089DBAEE5F422CB3374CFCF62189";"Fisier local asociat unui produs importat."
"imagine";"14-GENTIANA";"";"importat";"publish";"";"14-GENTIANA-T01_6.jpg";"78CC70D5A20888338AC1C704CB05829DBC6B1A4B7DE0F3F30E17EB983F4DE8AD";"Fisier local asociat unui produs importat."
"imagine";"14-GENTIANA";"";"importat";"publish";"";"14-GENTIANA-T01_8.jpg";"425364AD21C61F20D63ED953F694EBE6347541CBC01083987EE3BF90494F7EEA";"Fisier local asociat unui produs importat."
"imagine";"14-GENTIANA";"";"importat";"publish";"";"14-GENTIANA-T03.jpg";"7F51EA043641B276D2252F4787F7C1DE6BB0F7FB341EF9FBADA562B7FE7116EB";"Fisier local asociat unui produs importat."
"imagine";"14-GENTIANA";"";"importat";"publish";"";"14-GENTIANA-T03_10.jpg";"BEE250DEBA8A1A9F2E971200C8AE30E54EA8CE1BEB2E8EEEC03D662F9D04DB6C";"Fisier local asociat unui produs importat."
"imagine";"14-GENTIANA";"";"importat";"publish";"";"14-GENTIANA-T03_5.jpg";"2964360E37A628CC0E49DEA631BE6D9528B88B69EED88779EE360B5FF3064291";"Fisier local asociat unui produs importat."
"imagine";"14-GENTIANA";"";"importat";"publish";"";"14-GENTIANA-T03_6.jpg";"A88D79AC145029719082B10D41C2A065A8EC125B094666DE4AFCCA9B1DF4B64C";"Fisier local asociat unui produs importat."
"imagine";"14-GENTIANA";"";"importat";"publish";"";"14-GENTIANA-T03_8.jpg";"902B4C9110C6014825F555A3168A662925057E8F58EDCA06B67699F2B5178ED8";"Fisier local asociat unui produs importat."
"imagine";"14-GENTIANA";"";"importat";"publish";"";"14-GENTIANA-T03_9.jpg";"C92A5B1F458C3CEE86FD5170FF0FF0EF85EC1068404C6F71A88D25C8F65491C2";"Fisier local asociat unui produs importat."
"imagine";"14-GENTIANA";"";"importat";"publish";"";"14-GENTIANA-T05.jpg";"2F865A931B0320317D8FD1DEBC914A808DE348C73B450FB36C51F93343919199";"Fisier local asociat unui produs importat."
"imagine";"14-GENTIANA";"";"importat";"publish";"";"14-GENTIANA-T05_10.jpg";"11CBD52D54C86AB5BE2FEF1DD32B7083857C1BB3CB12A5862B8DA2A0298C3544";"Fisier local asociat unui produs importat."
"imagine";"14-GENTIANA";"";"importat";"publish";"";"14-GENTIANA-T05_5.jpg";"24F6E1FABBD5350324574E0A12B5A526E920CD73EAE1BBAF772CB8E61BCB09DD";"Fisier local asociat unui produs importat."
"imagine";"14-GENTIANA";"";"importat";"publish";"";"14-GENTIANA-T05_6.jpg";"F7655760BF3DD6878BEA017793EE6BEE75DC37E8A4167082DC3810E958909C8C";"Fisier local asociat unui produs importat."
"imagine";"14-GENTIANA";"";"importat";"publish";"";"14-GENTIANA-T05_8.jpg";"35EEB3971115427E2970AD71D8BC3AA32C5278EC1DA59A28FDADA7A263BF3F76";"Fisier local asociat unui produs importat."
"imagine";"14-GENTIANA";"";"importat";"publish";"";"14-GENTIANA-T05_9.jpg";"B95585327D731A49DF3B8C369FA61837283D634F5DD9A9AA4F6E0C6C54D80A27";"Fisier local asociat unui produs importat."
"produs";"14-GLACIER";"";"negasit";"nu exista";"";"";"";"Imagini locale: 2. Modelul sau varianta nu a fost gasita in paginile publice Mendola verificate."
"imagine";"14-GLACIER";"";"negasit";"nu exista";"";"14-GLACIER-T01_5.jpg";"03EE0A3B808038DD6789A5282B2F71AA9E4AE4B6EAFDFC296377AA5BCC3F0EEF";"Varianta nu a fost gasita in paginile publice Mendola verificate."
"imagine";"14-GLACIER";"";"negasit";"nu exista";"";"14-GLACIER-T01_6.jpg";"41BFF904D2397E44B9FAB6B3FB4F487346AE705CE4AA4EAA959E20FA455B6541";"Varianta nu a fost gasita in paginile publice Mendola verificate."
"produs";"14-HAVANA";"";"negasit";"nu exista";"";"";"";"Imagini locale: 3. Modelul sau varianta nu a fost gasita in paginile publice Mendola verificate."
"imagine";"14-HAVANA";"";"negasit";"nu exista";"";"14-havana-v5.jpg";"A8184DDFA72C8166C693CCB0E8E2A5089212E16876287A2AFABFCDE19BE36798";"Varianta nu a fost gasita in paginile publice Mendola verificate."
"imagine";"14-HAVANA";"";"negasit";"nu exista";"";"14-havana-v5_3.jpg";"7D3B5ACD37FF4D05AE34C3D81BFF684CD41939E16CA94B5C69DA33B7527048EE";"Varianta nu a fost gasita in paginile publice Mendola verificate."
"imagine";"14-HAVANA";"";"negasit";"nu exista";"";"14-havana-v5_4.jpg";"B23B1EDE2D88551A634953F32B62F2375C17E7997899636C0AD62F559AE52C66";"Varianta nu a fost gasita in paginile publice Mendola verificate."
"produs";"14-KERANI";"";"negasit";"nu exista";"";"";"";"Imagini locale: 4. Modelul sau varianta nu a fost gasita in paginile publice Mendola verificate."
"imagine";"14-KERANI";"";"negasit";"nu exista";"";"14-KERANI-T01_1.JPG";"9FDC48E763D4B3BB66A1EAD90BC339EDD09C3D1A1FFA69D40B7568574EA38731";"Varianta nu a fost gasita in paginile publice Mendola verificate."
"imagine";"14-KERANI";"";"negasit";"nu exista";"";"14-KERANI-T01_2.JPG";"5B144CD91A6D55EBCE720A7DBEE7E4A7DEECC58336347780EED4F278B3AF5C72";"Varianta nu a fost gasita in paginile publice Mendola verificate."
"imagine";"14-KERANI";"";"negasit";"nu exista";"";"14-KERANI-T01_3.JPG";"790A842A11CF3FF3A744C8ED31BB36513CD064923D7100A827217A93C1968D34";"Varianta nu a fost gasita in paginile publice Mendola verificate."
"imagine";"14-KERANI";"";"negasit";"nu exista";"";"14-KERANI-T01_4.JPG";"CF95C453AB699F35CE62BBB9923AD4157EBA147D72A81237288D4C6498215453";"Varianta nu a fost gasita in paginile publice Mendola verificate."
"produs";"14-LAVIE";"";"importat";"publish";"";"";"";"Imagini locale: 8. Importat prin batch dupa confirmarea paginii publice Mendola si a imaginilor locale."
"imagine";"14-LAVIE";"";"importat";"publish";"";"14-LAVIE-V1.jpg";"7D80E4FB6C8D6719BC2EBF16035F22725B9788669D85884A41A2BD0283BE4CB6";"Fisier local asociat unui produs importat."
"imagine";"14-LAVIE";"";"importat";"publish";"";"14-LAVIE-V1_1.jpg";"6FFE1697482B5ED1B75726DB288E3D685899150A893BBCCE3B7DEE1C4A26C004";"Fisier local asociat unui produs importat."
"imagine";"14-LAVIE";"";"importat";"publish";"";"14-LAVIE-V1_3.jpg";"420025E562460DDD8D2562A34114E6C529891984AE0C2D373C490173CD1470C8";"Fisier local asociat unui produs importat."
"imagine";"14-LAVIE";"";"importat";"publish";"";"14-LAVIE-V1_4.jpg";"297264920D96F5BD89B907D7DBADB192BF1A20CF9D640D9E726A5BD99F06BB45";"Fisier local asociat unui produs importat."
"imagine";"14-LAVIE";"";"negasit";"publish";"";"14-LAVIE-V2.jpg";"3088AFA57BFB0888A3E00BF86BB41FFF11F4663DC405DC73BBE2D5AFACEF5AEB";"Varianta nu a fost gasita in paginile publice Mendola verificate."
"imagine";"14-LAVIE";"";"negasit";"publish";"";"14-LAVIE-V2_1.jpg";"F9078E4F18DBCA798191FD8B8289186941CB3103BB7594AF6E214729CE52DF17";"Varianta nu a fost gasita in paginile publice Mendola verificate."
"imagine";"14-LAVIE";"";"negasit";"publish";"";"14-LAVIE-V2_3.jpg";"BCA23E5F7590C93EF1E0B3CCD277FA320731607DAFB92AB770B7BA0B93DBD1DF";"Varianta nu a fost gasita in paginile publice Mendola verificate."
"imagine";"14-LAVIE";"";"negasit";"publish";"";"14-LAVIE-V2_4.jpg";"C33F7D6C9DB4FCC2069CDBA379136B785EAE910197600BF38BDC3EFBB55C204C";"Varianta nu a fost gasita in paginile publice Mendola verificate."
"produs";"14-LEAH";"";"negasit";"nu exista";"";"";"";"Imagini locale: 2. Modelul sau varianta nu a fost gasita in paginile publice Mendola verificate."
"imagine";"14-LEAH";"";"negasit";"nu exista";"";"14-LEAH-T08.jpg";"1F6F84081E75FF9FAC780EEAA1CEB59314D9583D7C4B223D52163F131D6C8CBB";"Varianta nu a fost gasita in paginile publice Mendola verificate."
"imagine";"14-LEAH";"";"negasit";"nu exista";"";"14-LEAH-T08_4.jpg";"ECD5224E0844EF77D86F090F65F994CA2E11014F9D733242353267F62EBF2F63";"Varianta nu a fost gasita in paginile publice Mendola verificate."
"produs";"14-LISBOA";"";"importat";"publish";"";"";"";"Imagini locale: 15. Importat prin batch dupa confirmarea paginii publice Mendola si a imaginilor locale."
"imagine";"14-LISBOA";"";"importat";"publish";"";"14-LISBOA-J1422.jpg";"731035AD070D22C43A94C75F7AB22A3E3010E189F6728B053E667C60EC709AAB";"Fisier local asociat unui produs importat."
"imagine";"14-LISBOA";"";"importat";"publish";"";"14-LISBOA-J1422_1.jpg";"91ABF01D68A4A42FB7FB99A87B582E47E503DB4092F4D972E51BA6CAF5BB6E80";"Fisier local asociat unui produs importat."
"imagine";"14-LISBOA";"";"importat";"publish";"";"14-LISBOA-J1422_2.jpg";"E54B81112D33AD83CCCFC0E6CA26E5F30DA64C574BF8A9DFFACF9D643A2CC0A1";"Fisier local asociat unui produs importat."
"imagine";"14-LISBOA";"";"importat";"publish";"";"14-LISBOA-J1422_3.jpg";"FCC49A8072598324A4B0BDAB253FD1E3E6E5D4D39FEEBA54CF83D1C0AB803E2A";"Fisier local asociat unui produs importat."
"imagine";"14-LISBOA";"";"importat";"publish";"";"14-LISBOA-J1422_4.jpg";"88897210E99FDB59505155163BCFB8AE8165DB3192EA57A1C054CDD01AEE0FBC";"Fisier local asociat unui produs importat."
"imagine";"14-LISBOA";"";"importat";"publish";"";"14-LISBOA-J6238.jpg";"EC63792B239F3EECA044E07EEF91F4C97650AEABBCC8B9ABA8E388064175C0F1";"Fisier local asociat unui produs importat."
"imagine";"14-LISBOA";"";"importat";"publish";"";"14-LISBOA-J6238_1.jpg";"F142CE9107C6564949476312646929100B00DB6EE83061743487866CDEE1354F";"Fisier local asociat unui produs importat."
"imagine";"14-LISBOA";"";"importat";"publish";"";"14-LISBOA-J6238_2.jpg";"3A87BD01BBE15D7C6BF57884F786B10D706F7FCEB6A9B0208FA98033098EB4A9";"Fisier local asociat unui produs importat."
"imagine";"14-LISBOA";"";"importat";"publish";"";"14-LISBOA-J6238_3.jpg";"D76696B4764954B8770456AFEDF6C3B729D37CA4D1AB819B98398A19180A9D46";"Fisier local asociat unui produs importat."
"imagine";"14-LISBOA";"";"importat";"publish";"";"14-LISBOA-J6238_4.jpg";"F9FE24F1C71A5C79202E51C33B844CB0C9C0CC9C75D3ABEE34F9506B2B6DE91D";"Fisier local asociat unui produs importat."
"imagine";"14-LISBOA";"";"importat";"publish";"";"14-LISBOA-J9172.jpg";"FA5A61295CE41702FE4994DD527F8354EF304784336A470FF203FED69A3E8DB2";"Fisier local asociat unui produs importat."
"imagine";"14-LISBOA";"";"importat";"publish";"";"14-LISBOA-J9172_1.jpg";"F0B2D5C587D45D81E598A83CA36B17F9F68FC8E09E6CB0D7048EEAF2BCE2325A";"Fisier local asociat unui produs importat."
"imagine";"14-LISBOA";"";"importat";"publish";"";"14-LISBOA-J9172_2.jpg";"525EAE20076F7B972FEBD99E10FCAB9BC5809440C78BCDB898A63983C1CFC700";"Fisier local asociat unui produs importat."
"imagine";"14-LISBOA";"";"importat";"publish";"";"14-LISBOA-J9172_3.jpg";"27BDC3120CBAD249A4FEC36CEE949D695A8B04BF884DA69E8D58318EA9AC59DA";"Fisier local asociat unui produs importat."
"imagine";"14-LISBOA";"";"importat";"publish";"";"14-LISBOA-J9172_4.jpg";"A20B9F7C4D0FF73CBED6AD66992EDE75EB9CD8A1D3D0B8B19035B3EB6B48D542";"Fisier local asociat unui produs importat."
"produs";"14-LOULOU";"";"negasit";"nu exista";"";"";"";"Imagini locale: 12. Modelul sau varianta nu a fost gasita in paginile publice Mendola verificate."
"imagine";"14-LOULOU";"";"negasit";"nu exista";"";"14-LOULOU-T01.jpg";"0F386D0EAF2C855D9F094030E80B20A53EFBD97F07DDD23B1FA6772CB3119D92";"Varianta nu a fost gasita in paginile publice Mendola verificate."
"imagine";"14-LOULOU";"";"negasit";"nu exista";"";"14-LOULOU-T01_10.jpg";"5D0137F66701B5B742A765800975CA1DAF867C0C8D69D423BB85483FA61D6FAA";"Varianta nu a fost gasita in paginile publice Mendola verificate."
"imagine";"14-LOULOU";"";"negasit";"nu exista";"";"14-LOULOU-T01_5.jpg";"231417B503ABF6B6191C8D3C596385242EFAEA7E7C3535282D0466DD4620F8EF";"Varianta nu a fost gasita in paginile publice Mendola verificate."
"imagine";"14-LOULOU";"";"negasit";"nu exista";"";"14-LOULOU-T01_6.jpg";"CE2A219F995B42F9550960211DC1E8E0559F2DBDACA6D76DA1E600110EFB52DE";"Varianta nu a fost gasita in paginile publice Mendola verificate."
"imagine";"14-LOULOU";"";"negasit";"nu exista";"";"14-LOULOU-T01_8.jpg";"83074BB29A05666350CC101501180A366A7E6A016772BF77E7507A5021E3A039";"Varianta nu a fost gasita in paginile publice Mendola verificate."
"imagine";"14-LOULOU";"";"negasit";"nu exista";"";"14-LOULOU-T01_9.jpg";"F7241901E340818079B480232E08994A6C9340850A7FEF68B4CD2D7EB188F9DD";"Varianta nu a fost gasita in paginile publice Mendola verificate."
"imagine";"14-LOULOU";"";"negasit";"nu exista";"";"14-LOULOU-T03.jpg";"BB0D95490B6ACB87E155A3A0487F611E791A43BA6A883A1353693D526C8F6BE9";"Varianta nu a fost gasita in paginile publice Mendola verificate."
"imagine";"14-LOULOU";"";"negasit";"nu exista";"";"14-LOULOU-T03_10.jpg";"F45BC030C9B991011B080298CF34D460F0969B8C89AEA399BAED4352DE679F82";"Varianta nu a fost gasita in paginile publice Mendola verificate."
"imagine";"14-LOULOU";"";"negasit";"nu exista";"";"14-LOULOU-T03_5.jpg";"4AE49668A6E2854CC5EC430692B0299D6EA7BB4DB8506E1315867E8105BFFA8E";"Varianta nu a fost gasita in paginile publice Mendola verificate."
"imagine";"14-LOULOU";"";"negasit";"nu exista";"";"14-LOULOU-T03_6.jpg";"B7D891253E1169CDF8F57BFAA2CEE9EFD178B37FBEA52F88313B67107DF414F7";"Varianta nu a fost gasita in paginile publice Mendola verificate."
"imagine";"14-LOULOU";"";"negasit";"nu exista";"";"14-LOULOU-T03_8.jpg";"B44CC6D2CDEF7D60F2C998961499342336E70C1557306236A88C8B396064E260";"Varianta nu a fost gasita in paginile publice Mendola verificate."
"imagine";"14-LOULOU";"";"negasit";"nu exista";"";"14-LOULOU-T03_9.jpg";"B50227CAEE3A3F8F3F71617C7D31B8A3CD5AE3A7B4E6A8FA2839E9B001B05E04";"Varianta nu a fost gasita in paginile publice Mendola verificate."
"produs";"14-LUGANO";"";"negasit";"nu exista";"";"";"";"Imagini locale: 4. Modelul sau varianta nu a fost gasita in paginile publice Mendola verificate."
"imagine";"14-LUGANO";"";"negasit";"nu exista";"";"14-LUGANO-CR-T02.JPG";"D2FAB81179DA9D33CD65555F601E9CAF51E2986DAFF0339498425193D8ED36A3";"Varianta nu a fost gasita in paginile publice Mendola verificate."
"imagine";"14-LUGANO";"";"negasit";"nu exista";"";"14-LUGANO-CR-T02_1.JPG";"AF926FBD4AF75416F102F8CB18F59A96D0CF4DABBF3960D1732F9E0DFE255D52";"Varianta nu a fost gasita in paginile publice Mendola verificate."
"imagine";"14-LUGANO";"";"negasit";"nu exista";"";"14-LUGANO-CR-T02_3.JPG";"B2D70C16FAF3828ECA8D9224DBFBCBA151B24CB13D9531D736D621447AED3DB1";"Varianta nu a fost gasita in paginile publice Mendola verificate."
"imagine";"14-LUGANO";"";"negasit";"nu exista";"";"14-LUGANO-CR-T02_4.JPG";"3220D59EA9DE0992C8A8CB4CB3A05835EA7C3B01326221C6D56730D4D29D02C4";"Varianta nu a fost gasita in paginile publice Mendola verificate."
"produs";"14-LUSH";"";"negasit";"nu exista";"";"";"";"Imagini locale: 5. Modelul sau varianta nu a fost gasita in paginile publice Mendola verificate."
"imagine";"14-LUSH";"";"negasit";"nu exista";"";"14-LUSH-T01.JPG";"12F9995FA07B8FEB952AB90158AD3B5DC4C2079C17046921C86A92FF3F41235A";"Varianta nu a fost gasita in paginile publice Mendola verificate."
"imagine";"14-LUSH";"";"negasit";"nu exista";"";"14-LUSH-T01_1.JPG";"BB11E505973C60930A779B4D2F39F99E2CE11B973BD30BACF4825C1B938A76E1";"Varianta nu a fost gasita in paginile publice Mendola verificate."
"imagine";"14-LUSH";"";"negasit";"nu exista";"";"14-LUSH-T01_2.JPG";"283DAD90DEF392099BD271B5CD66120188C91791285413DF15102FB8583E0AD7";"Varianta nu a fost gasita in paginile publice Mendola verificate."
"imagine";"14-LUSH";"";"negasit";"nu exista";"";"14-LUSH-T01_3.JPG";"945A1140430851E2250C78F3E65D8454609C7A0B68A342DDD5852C0947A0C764";"Varianta nu a fost gasita in paginile publice Mendola verificate."
"imagine";"14-LUSH";"";"negasit";"nu exista";"";"14-LUSH-T01_4.JPG";"FD1188D3A9F3229DDFDBC8D31200AC76E91302685A2ED2A8015E024489941213";"Varianta nu a fost gasita in paginile publice Mendola verificate."
"produs";"14-MATERA";"";"importat";"publish";"";"";"";"Imagini locale: 4. Importat prin batch dupa confirmarea paginii publice Mendola si a imaginilor locale."
"imagine";"14-MATERA";"";"importat";"publish";"";"14-MATERA-V2.jpg";"8E31636E3B6843C0EA008721E0DC0396E98EFFE6BB67C3F0852B74772527AEE6";"Fisier local asociat unui produs importat."
"imagine";"14-MATERA";"";"importat";"publish";"";"14-MATERA-V2_2.jpg";"FFD412C6907225AE3F5A3FAF4C1AA3F782B16F163ED3B08613ADD08C2C13D9AF";"Fisier local asociat unui produs importat."
"imagine";"14-MATERA";"";"importat";"publish";"";"14-MATERA-V2_3.jpg";"74922180EE841B86EAFD50E35AFC03FE234E0C1F559ED1F55BE62273EA692CB9";"Fisier local asociat unui produs importat."
"imagine";"14-MATERA";"";"importat";"publish";"";"14-MATERA-V2_5.jpg";"86643A10A2357CD4849B3514A066A061E69B3B2708E2AA5201F32D8B4FD7745A";"Fisier local asociat unui produs importat."
"produs";"14-MIDI";"";"importat";"publish";"";"";"";"Imagini locale: 11. Importat prin batch dupa confirmarea paginii publice Mendola si a imaginilor locale."
"imagine";"14-MIDI";"";"importat";"publish";"";"14-MIDI-T01.jpg";"3284D873594BC3FE181A53E3CE2802890BAB777671D3AD2D10F0EC363BBD730B";"Fisier local asociat unui produs importat."
"imagine";"14-MIDI";"";"importat";"publish";"";"14-MIDI-T01_10.jpg";"E5D5D51848E8B27F52851A63B85C8E969DB240476A151608B872820F4C75AFE3";"Fisier local asociat unui produs importat."
"imagine";"14-MIDI";"";"importat";"publish";"";"14-MIDI-T01_5.jpg";"9C9771617AE377E30E0B3F89E5C7BD5523641F661C7E669D6B9E74FECA368273";"Fisier local asociat unui produs importat."
"imagine";"14-MIDI";"";"importat";"publish";"";"14-MIDI-T01_6.jpg";"AA1FE0713BA9A40F44F114C0C8688A6299EDB70E6C035758F7BC24C8885A12B0";"Fisier local asociat unui produs importat."
"imagine";"14-MIDI";"";"importat";"publish";"";"14-MIDI-T01_8.jpg";"8D785149A290113DB738235DC2303AF7A5A65D493AAC7E61B52D062A9C367B95";"Fisier local asociat unui produs importat."
"imagine";"14-MIDI";"";"negasit";"publish";"";"14-MIDI-T02.jpg";"CBF03644D767CCBEE53C710E3C89898C6AC28EB53BC064766C2E738C0A0962CB";"Varianta nu a fost gasita in paginile publice Mendola verificate."
"imagine";"14-MIDI";"";"negasit";"publish";"";"14-MIDI-T02_10.jpg";"7AEF0FC03AF4ECCB17DE9AFBE01C8DACE304099118721967107FC384BEA521EE";"Varianta nu a fost gasita in paginile publice Mendola verificate."
"imagine";"14-MIDI";"";"negasit";"publish";"";"14-MIDI-T02_5.jpg";"887311DA5A0C7F4B517B4093BE26CE574A246B594407BF32FF6911A2D6641A19";"Varianta nu a fost gasita in paginile publice Mendola verificate."
"imagine";"14-MIDI";"";"negasit";"publish";"";"14-MIDI-T02_6.jpg";"EA826C48448B73569EB25C139E42A07772805FC3EA2427466F0F333335D0380A";"Varianta nu a fost gasita in paginile publice Mendola verificate."
"imagine";"14-MIDI";"";"negasit";"publish";"";"14-MIDI-T02_8.jpg";"35CE734A48310F65CB3481C9815C402959CAD3210D343481D22491B9CEF35BD6";"Varianta nu a fost gasita in paginile publice Mendola verificate."
"imagine";"14-MIDI";"";"negasit";"publish";"";"14-MIDI-T02_9.jpg";"92B593CFEBEA4F66678ABE2D3A3D89CEAD52C60CBDAEC5FAFF346411F9EF0CDC";"Varianta nu a fost gasita in paginile publice Mendola verificate."
"produs";"14-MIRANDA";"";"importat";"publish";"";"";"";"Imagini locale: 9. Importat prin batch dupa confirmarea paginii publice Mendola si a imaginilor locale."
"imagine";"14-MIRANDA";"";"negasit";"publish";"";"14-MIRANDA-T0.jpg";"3E1E2937D7D5E38EC8A3253BA6FD41E84600AA6671C93B5CCC5F219DF74AF0F3";"Varianta nu a fost gasita in paginile publice Mendola verificate."
"imagine";"14-MIRANDA";"";"negasit";"publish";"";"14-MIRANDA-T01.JPG";"D91D184F7542B4E4A69099747BE648CEDE3353EE5AAA31562014A3BDB3F0C171";"Varianta nu a fost gasita in paginile publice Mendola verificate."
"imagine";"14-MIRANDA";"";"negasit";"publish";"";"14-MIRANDA-T01_1.JPG";"56955A9ECBFA7C4FE022211B804E2C44614742ADE9E7A4A1E5B2AFB9D9B17315";"Varianta nu a fost gasita in paginile publice Mendola verificate."
"imagine";"14-MIRANDA";"";"negasit";"publish";"";"14-MIRANDA-T01_2.JPG";"4B293481C6F29956366269ADBEBE2C5D9893778FA6653055F3F16E0AE4E5E1E5";"Varianta nu a fost gasita in paginile publice Mendola verificate."
"imagine";"14-MIRANDA";"";"negasit";"publish";"";"14-MIRANDA-T01_3.JPG";"287B3EC9E7151DC25DB96FD6208AEE5D42C06934358A1561C0BA15271CE46CF4";"Varianta nu a fost gasita in paginile publice Mendola verificate."
"imagine";"14-MIRANDA";"";"negasit";"publish";"";"14-MIRANDA-T01_4.JPG";"24E9E7E1C38E9A7FEBE042D6F39229159358E46A7CF396FAE3481814978ECCFA";"Varianta nu a fost gasita in paginile publice Mendola verificate."
"imagine";"14-MIRANDA";"";"importat";"publish";"";"14-MIRANDA-T02_1.jpg";"9C03E073EADFD884EC8F21674896B11151E982A48432046A9F3974EB51A3A02E";"Fisier local asociat unui produs importat."
"imagine";"14-MIRANDA";"";"importat";"publish";"";"14-MIRANDA-T02_3.jpg";"155C1E86B4ADF1CD47D693B572A56755F19AB9FCEA9FE319D19035B56E05927F";"Fisier local asociat unui produs importat."
"imagine";"14-MIRANDA";"";"importat";"publish";"";"14-MIRANDA-T02_4.jpg";"1177DB4019B5BCE4E99F32A0153FB8098D231986024DECE14C2AE6CF420FEDCC";"Fisier local asociat unui produs importat."
"produs";"14-MODESTY";"";"negasit";"nu exista";"";"";"";"Imagini locale: 3. Modelul sau varianta nu a fost gasita in paginile publice Mendola verificate."
"imagine";"14-MODESTY";"";"negasit";"nu exista";"";"14-MODESTY-V1.jpg";"84AF7594E5261156D776902D79E3366550A90B33619CF3A30821CC550BB2A482";"Varianta nu a fost gasita in paginile publice Mendola verificate."
"imagine";"14-MODESTY";"";"negasit";"nu exista";"";"14-MODESTY-V1_2.jpg";"FADA69F0499AEAD0E3DB13B546A13435C9E6351190E38428FACC02781A1EA2DD";"Varianta nu a fost gasita in paginile publice Mendola verificate."
"imagine";"14-MODESTY";"";"negasit";"nu exista";"";"14-MODESTY-V1_4.jpg";"F1EED8E2D04EAE14FCEB246CCE42B0955E83B3A52BA6350DC9AD18E628D4D48F";"Varianta nu a fost gasita in paginile publice Mendola verificate."
"produs";"14-MOHAVE";"";"importat";"publish";"";"";"";"Imagini locale: 15. Importat prin batch dupa confirmarea paginii publice Mendola si a imaginilor locale."
"imagine";"14-MOHAVE";"";"negasit";"publish";"";"14-MOHAVE-V10.jpg";"94E9D8C862372E08B33770EFF798D63A2074F5748429F653F3D93D425AE0BABB";"Varianta nu a fost gasita in paginile publice Mendola verificate."
"imagine";"14-MOHAVE";"";"negasit";"publish";"";"14-MOHAVE-V10_1.jpg";"1F9B4A4AAA99C800831700F6BB001B29BE08D4325E5188508D7AB835FA9DE51E";"Varianta nu a fost gasita in paginile publice Mendola verificate."
"imagine";"14-MOHAVE";"";"negasit";"publish";"";"14-MOHAVE-V10_2.jpg";"417863F6F0408F29535CCC6F89824298FB5B0B9C453C8F966108CC4D9F629060";"Varianta nu a fost gasita in paginile publice Mendola verificate."
"imagine";"14-MOHAVE";"";"negasit";"publish";"";"14-MOHAVE-V10_3.jpg";"2AEDCE5B7F93AB2DCE9F4130720110EB9CBB11623ED1C57BA7766F9468D87D19";"Varianta nu a fost gasita in paginile publice Mendola verificate."
"imagine";"14-MOHAVE";"";"negasit";"publish";"";"14-MOHAVE-V10_4.jpg";"F2238AB365BA51F1729A5720F2FEBA19118A0C8601B729223EC11598D14D0986";"Varianta nu a fost gasita in paginile publice Mendola verificate."
"imagine";"14-MOHAVE";"";"negasit";"publish";"";"14-MOHAVE-V4.jpg";"71A22E97C8F7E28D6351C09FE5A72099F225BE17A07BE3C96F3587A04B07D50C";"Varianta nu a fost gasita in paginile publice Mendola verificate."
"imagine";"14-MOHAVE";"";"negasit";"publish";"";"14-MOHAVE-V4_1.jpg";"602CBC314D981DF474A49EC4F1B0B69BF087825B80FD1285FE7F8619B5E0FDEC";"Varianta nu a fost gasita in paginile publice Mendola verificate."
"imagine";"14-MOHAVE";"";"negasit";"publish";"";"14-MOHAVE-V4_2.jpg";"DF41C07CD7F687B5B8917F8C6F878F4320EE67041826BA69D007C3A84265E837";"Varianta nu a fost gasita in paginile publice Mendola verificate."
"imagine";"14-MOHAVE";"";"negasit";"publish";"";"14-MOHAVE-V4_3.jpg";"156A184C74D9F33AD0609A2F41355A5755D3BEBEEB34BD0DCAD0D4884DC49F42";"Varianta nu a fost gasita in paginile publice Mendola verificate."
"imagine";"14-MOHAVE";"";"negasit";"publish";"";"14-MOHAVE-V4_4.jpg";"A5527B4C7DB970D703EBB47519DB7FEFAC69119B6C7950BE0B18746DE12CDDE0";"Varianta nu a fost gasita in paginile publice Mendola verificate."
"imagine";"14-MOHAVE";"";"importat";"publish";"";"14-MOHAVE-V8.jpg";"3CE61C7BABBFB222E01B35093C46E9CFCB20350543C75C295528CE37ACED36BD";"Fisier local asociat unui produs importat."
"imagine";"14-MOHAVE";"";"importat";"publish";"";"14-MOHAVE-V8_1.jpg";"C5C34EBF8FB83CDB13AD269F9D0A944D705CD53D3981E824A8B816E3B0D9C39E";"Fisier local asociat unui produs importat."
"imagine";"14-MOHAVE";"";"importat";"publish";"";"14-MOHAVE-V8_2.jpg";"2DBDF9A721F693EBEE17944495F5EA518AB460C8B8433B7A3FCA6CD2892C1220";"Fisier local asociat unui produs importat."
"imagine";"14-MOHAVE";"";"importat";"publish";"";"14-MOHAVE-V8_3.jpg";"ABC3E3ADB1D902685E7AD87AD3FDC86188C53E53D0C141F57EB715201C515367";"Fisier local asociat unui produs importat."
"imagine";"14-MOHAVE";"";"importat";"publish";"";"14-MOHAVE-V8_4.jpg";"5D5E60FCABC98E3645641CC7700E0CE68051437C788AD8838F5518F71B7F1D8A";"Fisier local asociat unui produs importat."
"produs";"14-MYRTLE";"";"negasit";"nu exista";"";"";"";"Imagini locale: 4. Modelul sau varianta nu a fost gasita in paginile publice Mendola verificate."
"imagine";"14-MYRTLE";"";"negasit";"nu exista";"";"14-MYRTLE-V3.jpg";"145DC44339F802F31F31E76830CB990C18C23C1F8493B15F6C2F4E62550A28FB";"Varianta nu a fost gasita in paginile publice Mendola verificate."
"imagine";"14-MYRTLE";"";"negasit";"nu exista";"";"14-MYRTLE-V3_2.jpg";"DF6B8F1E5325EC25B781358F6CA7A667C070C2E1173AC3510C18B9CD9692AE75";"Varianta nu a fost gasita in paginile publice Mendola verificate."
"imagine";"14-MYRTLE";"";"negasit";"nu exista";"";"14-MYRTLE-V3_3.jpg";"FFD16E0B3E17F356B6CF3D6639B52A7C623123CA35B5F7653A72CFA80A19C8B9";"Varianta nu a fost gasita in paginile publice Mendola verificate."
"imagine";"14-MYRTLE";"";"negasit";"nu exista";"";"14-MYRTLE-V3_4.jpg";"B4213123B7B984AEBD73D1481626F55082C8ACDC03D21174535AB978DDD742A9";"Varianta nu a fost gasita in paginile publice Mendola verificate."
"produs";"14-NIKKI";"";"negasit";"nu exista";"";"";"";"Imagini locale: 3. Modelul sau varianta nu a fost gasita in paginile publice Mendola verificate."
"imagine";"14-NIKKI";"";"negasit";"nu exista";"";"14-NIKKI-R1700.JPG";"93BCFD2794F8BEB8AFDD978199C2B5B4AD300FC0B2A2873185EBE631BE6658C1";"Varianta nu a fost gasita in paginile publice Mendola verificate."
"imagine";"14-NIKKI";"";"negasit";"nu exista";"";"14-NIKKI-R1700_4.JPG";"E29AFFEF408545AB5AE6A75B0F3B5454ACC92C8D1DC39E129E5342DA72F81FFD";"Varianta nu a fost gasita in paginile publice Mendola verificate."
"imagine";"14-NIKKI";"";"negasit";"nu exista";"";"14-NIKKI-R17-R014-3.JPG";"02BDBA3E73287A888B92AA77D471BCFCDD35ADAD182377E3BE9A24D97C210AF9";"Varianta nu a fost gasita in paginile publice Mendola verificate."
"produs";"14-ORLEANS";"";"negasit";"nu exista";"";"";"";"Imagini locale: 3. Modelul sau varianta nu a fost gasita in paginile publice Mendola verificate."
"imagine";"14-ORLEANS";"";"negasit";"nu exista";"";"14-ORLEANS-T08_1.jpg";"DFF97C85A191C1C812BF27F2FE75B5DAACF28589E9E379ED5B4631E57439564C";"Varianta nu a fost gasita in paginile publice Mendola verificate."
"imagine";"14-ORLEANS";"";"negasit";"nu exista";"";"14-ORLEANS-T08_2.jpg";"3038AF530E7492378E2A741A5AAD5037FF6EA853A997AE73B0C3A9A8B9C3F752";"Varianta nu a fost gasita in paginile publice Mendola verificate."
"imagine";"14-ORLEANS";"";"negasit";"nu exista";"";"14-ORLEANS-T08_3.jpg";"567A7FD752D9C3848BD7749544BB24031E76CB2CA314018290AAD86B98B183B3";"Varianta nu a fost gasita in paginile publice Mendola verificate."
"produs";"14-POLINA";"";"negasit";"nu exista";"";"";"";"Imagini locale: 5. Modelul sau varianta nu a fost gasita in paginile publice Mendola verificate."
"imagine";"14-POLINA";"";"negasit";"nu exista";"";"14-POLINA-V0.jpg";"80A689493CB36EE17CB37DBA863E965E40FA10FB1F3F74B9B5BA29094BC05400";"Varianta nu a fost gasita in paginile publice Mendola verificate."
"imagine";"14-POLINA";"";"negasit";"nu exista";"";"14-POLINA-V0_1.jpg";"CA5A43B8A065EA72DA556B08BECEAE2EFC19544F024AF887BA2313335412455B";"Varianta nu a fost gasita in paginile publice Mendola verificate."
"imagine";"14-POLINA";"";"negasit";"nu exista";"";"14-POLINA-V0_2.JPG";"CFDBEFDB26B915D07650FAFD486CBAE01A469F54ECF86B6F08F8CD377A0C732D";"Varianta nu a fost gasita in paginile publice Mendola verificate."
"imagine";"14-POLINA";"";"negasit";"nu exista";"";"14-POLINA-V0_3.JPG";"D76C5D1CD4671DFEBD6503496E09E123AD94C759577EC7469266F6EA4C5FCAE9";"Varianta nu a fost gasita in paginile publice Mendola verificate."
"imagine";"14-POLINA";"";"negasit";"nu exista";"";"14-POLINA-V0_4.jpg";"A8466D971CADE07E858F9DD5216B41C8F318E4AA7C92629D020D0D0F52EEB2B0";"Varianta nu a fost gasita in paginile publice Mendola verificate."
"produs";"14-PRIMO";"";"importat";"publish";"";"";"";"Imagini locale: 14. Importat prin batch dupa confirmarea paginii publice Mendola si a imaginilor locale."
"imagine";"14-PRIMO";"";"negasit";"publish";"";"14-PRIMO-L12285.jpg";"26BD55DEBFC9E41E2E5B613CC816147D64B970DB794322CBB7BDB56967827011";"Varianta nu a fost gasita in paginile publice Mendola verificate."
"imagine";"14-PRIMO";"";"negasit";"publish";"";"14-PRIMO-L12285_1.jpg";"9535A344E632C202F60A397E0BF7E45111ABCA45E88DE553A1666B4B83790B3F";"Varianta nu a fost gasita in paginile publice Mendola verificate."
"imagine";"14-PRIMO";"";"negasit";"publish";"";"14-PRIMO-L12285_3.jpg";"CFEB9FD4FD786A1A3F6AAC1F0E2C15C4BEA466FC107BFE0071E3C75E8CA237F8";"Varianta nu a fost gasita in paginile publice Mendola verificate."
"imagine";"14-PRIMO";"";"negasit";"publish";"";"14-PRIMO-L12285_4.jpg";"27898B32F53DC557CE7CB3B8958DC2672E1E19DFEC70926E958D862B05FBC1CB";"Varianta nu a fost gasita in paginile publice Mendola verificate."
"imagine";"14-PRIMO";"";"negasit";"publish";"";"14-PRIMO-L12285_alb.jpg";"614B75E8019CD0D90F9404EF6E9DBA54BC2C87DB1FA6701436C7502396BBC960";"Varianta nu a fost gasita in paginile publice Mendola verificate."
"imagine";"14-PRIMO";"";"importat";"publish";"";"14-PRIMO-L30256_1.JPG";"4098C9D90906ACF79BED855CCE41D4987F1C008B8DCF8897EECE9065A4EB9E97";"Fisier local asociat unui produs importat."
"imagine";"14-PRIMO";"";"importat";"publish";"";"14-PRIMO-L30256_2.jpg";"B12FBABB2DA16EC9A2D1749DD5E20C1433A8D5A4EBD5CF459F9F46C1D9D03ADA";"Fisier local asociat unui produs importat."
"imagine";"14-PRIMO";"";"importat";"publish";"";"14-PRIMO-L30256_3.jpg";"E1492403E1012CFE121BA0451AEDB05C67038A653332C745087956774AC42508";"Fisier local asociat unui produs importat."
"imagine";"14-PRIMO";"";"importat";"publish";"";"14-PRIMO-L30256_4.jpg";"867E68C333E952B298441DA6D1F2E88B51CF395312A2156D0F1AE54B1D630F76";"Fisier local asociat unui produs importat."
"imagine";"14-PRIMO";"";"negasit";"publish";"";"14-PRIMO-R1700.jpg";"D31D8D1DFFC6ABD5951437A7946AD0D2146C8CD7D06D2968C7298C46F2B85547";"Varianta nu a fost gasita in paginile publice Mendola verificate."
"imagine";"14-PRIMO";"";"negasit";"publish";"";"14-PRIMO-R1700_1.jpg";"11E0CC87D83FD88EDB9DA86C4BFB8F707E8E85EF18C545FE445401511FC85CAF";"Varianta nu a fost gasita in paginile publice Mendola verificate."
"imagine";"14-PRIMO";"";"negasit";"publish";"";"14-PRIMO-R1700_2.jpg";"B3E75EB27FF46188A583EB62523AB2D5F14DDEF63F838BB08635923F8FC2CD93";"Varianta nu a fost gasita in paginile publice Mendola verificate."
"imagine";"14-PRIMO";"";"negasit";"publish";"";"14-PRIMO-R1700_3.jpg";"2233EE5BF6BE143C5C1DC033AC8370BDD4A5BD7451FF18CC027476E881885FCF";"Varianta nu a fost gasita in paginile publice Mendola verificate."
"imagine";"14-PRIMO";"";"negasit";"publish";"";"14-PRIMO-R1700_4.jpg";"991FB3CA46ADFEEBAD72BBFDBEF9E42D0537F324986586E0A05F7A84A2151B15";"Varianta nu a fost gasita in paginile publice Mendola verificate."
"produs";"14-QUINTA";"";"importat";"publish";"";"";"";"Imagini locale: 6. Importat prin batch dupa confirmarea paginii publice Mendola si a imaginilor locale."
"imagine";"14-QUINTA";"";"importat";"publish";"";"14-QUINTA-T01.jpg";"5B118F821B529820E640E6BBF1C3E3C6EA6BFC54FDEFEAC9B9EBF8B3320D7726";"Fisier local asociat unui produs importat."
"imagine";"14-QUINTA";"";"importat";"publish";"";"14-QUINTA-T01_10.jpg";"6C5EACFA9E10A1CFC729BCB7B037819D0CE51E0E46E8832665456DC87664760C";"Fisier local asociat unui produs importat."
"imagine";"14-QUINTA";"";"importat";"publish";"";"14-QUINTA-T01_5.jpg";"3C46F2CE8CD890E7FC2BB7D462D4E42010A759BCE2D50B53B27658B58745F587";"Fisier local asociat unui produs importat."
"imagine";"14-QUINTA";"";"importat";"publish";"";"14-QUINTA-T01_6.jpg";"2E867F4FD028B9FA13ACC413020C9869B2BC2B3B9DEA73B7A123BF33D98EB48F";"Fisier local asociat unui produs importat."
"imagine";"14-QUINTA";"";"importat";"publish";"";"14-QUINTA-T01_8.jpg";"3FC4F95205EED8ECC92A2759928D001EAE7C3EFA1E5B5A4AB03F1BC9E1B0AA9B";"Fisier local asociat unui produs importat."
"imagine";"14-QUINTA";"";"importat";"publish";"";"14-QUINTA-T01_9.jpg";"149D70C198A4BEAB0E5E29B4BA6E406CD7DFEEE1843AF95ADC5C71334BEB1013";"Fisier local asociat unui produs importat."
"produs";"14-ROSSI";"";"negasit";"nu exista";"";"";"";"Imagini locale: 5. Modelul sau varianta nu a fost gasita in paginile publice Mendola verificate."
"imagine";"14-ROSSI";"";"negasit";"nu exista";"";"14-ROSSI-T02.jpg";"6B0F11734E22D531C5CD8252E8E444ED3F798ABE08402C5039494418C2EBE464";"Varianta nu a fost gasita in paginile publice Mendola verificate."
"imagine";"14-ROSSI";"";"negasit";"nu exista";"";"14-ROSSI-T02_1.jpg";"35B44B57AA7BA6F99DC1B18B8284CC2F9CB05533366EA01A0AFD58BC7415D2E9";"Varianta nu a fost gasita in paginile publice Mendola verificate."
"imagine";"14-ROSSI";"";"negasit";"nu exista";"";"14-ROSSI-T02_2.jpg";"A034CB98C3A360B2F3B4C2E278B76B07D45BCBD87A870F0AA66FECE185119444";"Varianta nu a fost gasita in paginile publice Mendola verificate."
"imagine";"14-ROSSI";"";"negasit";"nu exista";"";"14-ROSSI-T02_3.jpg";"5E2C94741BDC99DD6777B602112DAE904CB18AA67E88402551FA37012F78ED04";"Varianta nu a fost gasita in paginile publice Mendola verificate."
"imagine";"14-ROSSI";"";"negasit";"nu exista";"";"14-ROSSI-T02_4.jpg";"E3FB747BB4664D7D7BAAF4C1C6F4BA3D3F4B4CC5CB2EB2D88E147C3ABACFB1FE";"Varianta nu a fost gasita in paginile publice Mendola verificate."
"produs";"14-RUBEN";"";"importat";"publish";"";"";"";"Imagini locale: 16. Importat prin batch dupa confirmarea paginii publice Mendola si a imaginilor locale."
"imagine";"14-RUBEN";"";"importat";"publish";"";"14-RUBEN-T03.jpg";"287495AF42383B4D5DEA7AE7D675D596D02D71CADE8B9AFC4763F71D2D67114B";"Fisier local asociat unui produs importat."
"imagine";"14-RUBEN";"";"importat";"publish";"";"14-RUBEN-T03_10.jpg";"EE927E962A00132F6A9144CA2EBE0733C174F0B0F9FA29E3845AD6C5F392368E";"Fisier local asociat unui produs importat."
"imagine";"14-RUBEN";"";"importat";"publish";"";"14-RUBEN-T03_5.jpg";"446890B9F36CF5AAD3063BF4E61FF7427EF3D7D82700CD0EB4E9217D6738F33A";"Fisier local asociat unui produs importat."
"imagine";"14-RUBEN";"";"importat";"publish";"";"14-RUBEN-T03_6.jpg";"02383F59D9AE35F1CCED884688EDBC77D272B9E08FF8D160DFC315EF1F1F4939";"Fisier local asociat unui produs importat."
"imagine";"14-RUBEN";"";"importat";"publish";"";"14-RUBEN-T03_8.jpg";"C1EABDF02F34E0C5601BC9E5DE71DABF534229DA10A924F7C40F23A39554CC88";"Fisier local asociat unui produs importat."
"imagine";"14-RUBEN";"";"importat";"publish";"";"14-RUBEN-T03_9.jpg";"C30DA4C5480C9DCDE85F2475C747AFBF462FE48B71CF41F85C568A8723DEE08C";"Fisier local asociat unui produs importat."
"imagine";"14-RUBEN";"";"importat";"publish";"";"14-RUBEN-T04.jpg";"80418A8EF636B4EDBD30D201CCE8AC4F4042412971A6F2048B734E227350BBC3";"Fisier local asociat unui produs importat."
"imagine";"14-RUBEN";"";"importat";"publish";"";"14-RUBEN-T04_10.jpg";"89E164A56C14CE3A0F704DC8B1242BDCF7C9F216817D9B7034D72D95577386E3";"Fisier local asociat unui produs importat."
"imagine";"14-RUBEN";"";"importat";"publish";"";"14-RUBEN-T04_5.jpg";"12CF7E7CB70655C4BD56FD5D4878462FAEDF111EED711DD20B6BBB0E3922139F";"Fisier local asociat unui produs importat."
"imagine";"14-RUBEN";"";"importat";"publish";"";"14-RUBEN-T04_6.jpg";"D821DD0DF2ED57E0C101FB55ACB54DD11C196DD60A2E1F5FC0DA543A83DF07A9";"Fisier local asociat unui produs importat."
"imagine";"14-RUBEN";"";"importat";"publish";"";"14-RUBEN-T04_8.jpg";"C3B1E1BC0F27C51C6A6FC6B3A855936279D7B208490CE0AFE6E201D51C50DAA6";"Fisier local asociat unui produs importat."
"imagine";"14-RUBEN";"";"importat";"publish";"";"14-RUBEN-T05.jpg";"A62CC98A393CD1A2FE5B5F118C92AEA08174A508591880BBB1EDAFE911BD074B";"Fisier local asociat unui produs importat."
"imagine";"14-RUBEN";"";"importat";"publish";"";"14-RUBEN-T05_5.jpg";"057A54BDE38119ED73C56813F1C68BC6D05993AB0190B24E7483CA5969F29EFC";"Fisier local asociat unui produs importat."
"imagine";"14-RUBEN";"";"importat";"publish";"";"14-RUBEN-T05_6.jpg";"CDC6AA6AE3C04A1A74F80F263BF28DBAFF256F4B8408D9325942107E3749D012";"Fisier local asociat unui produs importat."
"imagine";"14-RUBEN";"";"importat";"publish";"";"14-RUBEN-T05_8.jpg";"E603D60B1B01F187E628621C78B3CB35E6945532EE79CBD4312B42724E650F13";"Fisier local asociat unui produs importat."
"imagine";"14-RUBEN";"";"importat";"publish";"";"14-RUBEN-T05_9.jpg";"FFB31AC777103CCD654EB72895BAC028EF2D78F3AB3E20EE3F177B158551B517";"Fisier local asociat unui produs importat."
"produs";"14-RUSSELL";"";"importat";"publish";"";"";"";"Imagini locale: 9. Importat prin batch dupa confirmarea paginii publice Mendola si a imaginilor locale."
"imagine";"14-RUSSELL";"";"importat";"publish";"";"14-RUSSELL-V17.jpg";"E283653D3C60F8BB8792E493EE330FED64C907BED39F87C14E93F238133E8FF8";"Fisier local asociat unui produs importat."
"imagine";"14-RUSSELL";"";"importat";"publish";"";"14-RUSSELL-V17_8.jpg";"3E6E92E1E754B93EE10C53AC464ECA1F58F64A2A54A1992C34151C468E27EC4B";"Fisier local asociat unui produs importat."
"imagine";"14-RUSSELL";"";"negasit";"publish";"";"14-RUSSELL-V4_1.jpg";"705C72EE06E8DEA485CF701E1C0C815E404B7A8655ED2374ADE477C9ADA6221E";"Varianta nu a fost gasita in paginile publice Mendola verificate."
"imagine";"14-RUSSELL";"";"negasit";"publish";"";"14-RUSSELL-V4_2.jpg";"00A48E848962F5348B674B15AFD733FDAA12AA369F232914B94B746CF041EBF4";"Varianta nu a fost gasita in paginile publice Mendola verificate."
"imagine";"14-RUSSELL";"";"importat";"publish";"";"14-RUSSELL-V6.jpg";"736ADE36993A3054424E43065F080FD227C9E5B20776FBDC0976C6487E8C93EA";"Fisier local asociat unui produs importat."
"imagine";"14-RUSSELL";"";"importat";"publish";"";"14-RUSSELL-V6_1.jpg";"CF48DCA18AFA5043B047B71EF8ACA1C30DC4F57FE3F97D0A7EEC0C02E777FA99";"Fisier local asociat unui produs importat."
"imagine";"14-RUSSELL";"";"importat";"publish";"";"14-RUSSELL-V6_2.jpg";"578DEB8D71BF6ADD8113EDBC5AA56F0A3F8B0B28AD039249826C1C49A99A3ED6";"Fisier local asociat unui produs importat."
"imagine";"14-RUSSELL";"";"importat";"publish";"";"14-RUSSELL-V6_3.jpg";"6BA6FB6C565BAA3ADDF8B0E1EED8D0A0EA041F868C0E98C1C4E7297AFC06DCBE";"Fisier local asociat unui produs importat."
"imagine";"14-RUSSELL";"";"importat";"publish";"";"14-RUSSELL-V6_4.jpg";"E9DA32379E6C881BD896392030757486A77B62211E991CAD1CF77B2D0ACB97B4";"Fisier local asociat unui produs importat."
"produs";"14-SABBIA";"";"negasit";"nu exista";"";"";"";"Imagini locale: 5. Modelul sau varianta nu a fost gasita in paginile publice Mendola verificate."
"imagine";"14-SABBIA";"";"negasit";"nu exista";"";"14-SABBIA-V1.JPG";"14440D6C4801B1BB8E1325C6B94B5C32F63411C8BA8AEE463D0B8CA149563E4A";"Varianta nu a fost gasita in paginile publice Mendola verificate."
"imagine";"14-SABBIA";"";"negasit";"nu exista";"";"14-SABBIA-V1_1.JPG";"3647A473C9EA7EDF2D19E163B3C9AF71C4B9BC42D9BCDEAE1726240BFA85F26D";"Varianta nu a fost gasita in paginile publice Mendola verificate."
"imagine";"14-SABBIA";"";"negasit";"nu exista";"";"14-SABBIA-V1_2.JPG";"B95B6FE0268D31316CFEDA27EFE4C953E3660E7575539B12EB1EDB8B2275DFA7";"Varianta nu a fost gasita in paginile publice Mendola verificate."
"imagine";"14-SABBIA";"";"negasit";"nu exista";"";"14-SABBIA-V1_3.JPG";"390D5AEEB8046E7F207EA04596F8EC56C51F5A527C7E124D454D2EF0C2426013";"Varianta nu a fost gasita in paginile publice Mendola verificate."
"imagine";"14-SABBIA";"";"negasit";"nu exista";"";"14-SABBIA-V1_4.JPG";"296484635E0681676DF03F3EE6432759113566699C0D849A335EC6291E4B92BD";"Varianta nu a fost gasita in paginile publice Mendola verificate."
"produs";"14-SABLE";"";"importat";"publish";"";"";"";"Imagini locale: 20. Importat prin batch dupa confirmarea paginii publice Mendola si a imaginilor locale."
"imagine";"14-SABLE";"";"importat";"publish";"";"14-SABLE-CR-T02.jpg";"DF2DCE854F9D1AD41FD1C339283E83B55F602499620F5CB31A9A12CBE46B0DC4";"Fisier local asociat unui produs importat."
"imagine";"14-SABLE";"";"importat";"publish";"";"14-SABLE-CR-T02_1.jpg";"BCD6F3F6F4C91A715DBBE78891EC80227FC3E6F94C324EB512E73D6A8A295CC5";"Fisier local asociat unui produs importat."
"imagine";"14-SABLE";"";"importat";"publish";"";"14-SABLE-CR-T02_2.jpg";"95C9648D17D6C431824D98A32C25EBAAE461038405E81C6C66C67C20B54F965C";"Fisier local asociat unui produs importat."
"imagine";"14-SABLE";"";"importat";"publish";"";"14-SABLE-CR-T02_3.jpg";"12BBAA98DEEBEB67B0CCB87080DB069F34FFF8AFE55E31AD68CD16A0C9E4DD5A";"Fisier local asociat unui produs importat."
"imagine";"14-SABLE";"";"importat";"publish";"";"14-SABLE-CR-T02_4.jpg";"D406F8FFBC608CC0D5330D75A6A7B0C8F01111C9222150D58DBBCC3C501596E6";"Fisier local asociat unui produs importat."
"imagine";"14-SABLE";"";"negasit";"publish";"";"14-SABLE-T01.jpg";"02064692798207224E9B0A7900138AC4FBFB9CBAE9AB094964ADCE0F0CBF916D";"Varianta nu a fost gasita in paginile publice Mendola verificate."
"imagine";"14-SABLE";"";"negasit";"publish";"";"14-SABLE-T01_1.jpg";"1925FED6213A5B07441ABF13AB722AFB4450E26D6A37F766164F48F2C85A43F8";"Varianta nu a fost gasita in paginile publice Mendola verificate."
"imagine";"14-SABLE";"";"negasit";"publish";"";"14-SABLE-T01_2.JPG";"607AC5D38316B33EAF116791B40E7AD2F8C8DEEFB86A46A0257475970ED75B07";"Varianta nu a fost gasita in paginile publice Mendola verificate."
"imagine";"14-SABLE";"";"negasit";"publish";"";"14-SABLE-T01_3.jpg";"44EB26188D78AD8D5CF44B63D86F103C21807CCA0E462A9AEDCAD46FFA32B8B2";"Varianta nu a fost gasita in paginile publice Mendola verificate."
"imagine";"14-SABLE";"";"negasit";"publish";"";"14-SABLE-T01_4.jpg";"FA2ACA624F3B84CBD8FE0A5EBF303A20FE45B27072AD03D7FBF224E410FB7352";"Varianta nu a fost gasita in paginile publice Mendola verificate."
"imagine";"14-SABLE";"";"negasit";"publish";"";"14-SABLE-T02.jpg";"0EF1BB59761F0815A66AF5AC803A51AE27BC8C6456B7928361E142AEEB22C5D7";"Varianta nu a fost gasita in paginile publice Mendola verificate."
"imagine";"14-SABLE";"";"negasit";"publish";"";"14-SABLE-T02_1.jpg";"E4C2A90281C814BD0193D0A74F521793372C4BDA6A67C8627CF3F6BE74B5B060";"Varianta nu a fost gasita in paginile publice Mendola verificate."
"imagine";"14-SABLE";"";"negasit";"publish";"";"14-SABLE-T02_2.jpg";"61B3E9CF52037E057679A5B20A30AD792E1C6F621578BF47A5E2216F527BB03D";"Varianta nu a fost gasita in paginile publice Mendola verificate."
"imagine";"14-SABLE";"";"negasit";"publish";"";"14-SABLE-T02_3.jpg";"4217232F1A2C4EFE8D0E7AC87E27FFE03333EC09F8AE47294CB6B7892894FE8F";"Varianta nu a fost gasita in paginile publice Mendola verificate."
"imagine";"14-SABLE";"";"negasit";"publish";"";"14-SABLE-T02_4.jpg";"2D339CEF6E84AE05D6C5CF18D7B3A04BAD0D4938BAE92F7A5C175BEA60396D14";"Varianta nu a fost gasita in paginile publice Mendola verificate."
"imagine";"14-SABLE";"";"importat";"publish";"";"14-SABLE-T339.jpg";"C84F1298391C3B108E2C367DA83A4E3721F542725C2148D6D1EB2B2096041FE7";"Fisier local asociat unui produs importat."
"imagine";"14-SABLE";"";"importat";"publish";"";"14-SABLE-T339_1.jpg";"CF6ADC83888FD4295C7FE29B86123F7E5B294800783FC525B7931FAA2ED0510E";"Fisier local asociat unui produs importat."
"imagine";"14-SABLE";"";"importat";"publish";"";"14-SABLE-T339_2.jpg";"7ADD05BD057925C352E5B7E864B082590CB2CC8EB406802B9D39B1A9C78C6D45";"Fisier local asociat unui produs importat."
"imagine";"14-SABLE";"";"importat";"publish";"";"14-SABLE-T339_3.jpg";"D68CB7A0804E2A7F898711049584C97AAE8C421D0C22A60B3F9A5A6CD26958FF";"Fisier local asociat unui produs importat."
"imagine";"14-SABLE";"";"importat";"publish";"";"14-SABLE-T339_4.jpg";"DAC2AE7C2BEC53AC1002FE9EF61F7342E6120F045101D479A29532BC1EA67F0A";"Fisier local asociat unui produs importat."
"produs";"14-SAKURA";"";"importat";"publish";"";"";"";"Imagini locale: 12. Importat prin batch dupa confirmarea paginii publice Mendola si a imaginilor locale."
"imagine";"14-SAKURA";"";"importat";"publish";"";"14-SAKURA-T04.jpg";"5187B7D95C0DDBAF34C7C9AD7053DC65AC958E8B4793511C6BC0CB8E7B492911";"Fisier local asociat unui produs importat."
"imagine";"14-SAKURA";"";"importat";"publish";"";"14-SAKURA-T04_20.jpg";"7EC4A0DB2159E72D758C40A3ADC420085F6B8A7427C9188D5B5BF96F8B5EC8C1";"Fisier local asociat unui produs importat."
"imagine";"14-SAKURA";"";"importat";"publish";"";"14-SAKURA-T04_5.jpg";"59BDBC33D5E00DC287C85F2EE49A33287999E5E4F7D8199EF7E6AB70ECBB572E";"Fisier local asociat unui produs importat."
"imagine";"14-SAKURA";"";"importat";"publish";"";"14-SAKURA-T04_6.jpg";"502CA20D3E7D4D58BAFB52D1B59C20A492BD2A540F8B3BFD3D5967AD841EA0E8";"Fisier local asociat unui produs importat."
"imagine";"14-SAKURA";"";"importat";"publish";"";"14-SAKURA-T04_8.jpg";"80D76187BA22F61F4E572A091A9F8F2E220950520207DE0F9D25323BA0743463";"Fisier local asociat unui produs importat."
"imagine";"14-SAKURA";"";"importat";"publish";"";"14-SAKURA-T04_9.jpg";"8934DECEA5A9E69C9169C6C1BD0B741C9B02257859EB3E8ABB26E7F33B95E527";"Fisier local asociat unui produs importat."
"imagine";"14-SAKURA";"";"importat";"publish";"";"14-SAKURA-T06.jpg";"7559D6AD727EF8E056DA8E9AEB89D0EDAD5C741360C7F5DC2A42F544A9A830CE";"Fisier local asociat unui produs importat."
"imagine";"14-SAKURA";"";"importat";"publish";"";"14-SAKURA-T06_20.jpg";"C64C9202A213BE03E39A21D898DE986E1ECEB2DEF77D1F1D63BAC0D195BF0C01";"Fisier local asociat unui produs importat."
"imagine";"14-SAKURA";"";"importat";"publish";"";"14-SAKURA-T06_5.jpg";"B731574587C7D26F165D4D8D2A6C7294D59BD3C48EF50668684D7AD7B2B9CCEA";"Fisier local asociat unui produs importat."
"imagine";"14-SAKURA";"";"importat";"publish";"";"14-SAKURA-T06_6.jpg";"0B8330C280691E6734742F8726A315446FBAE71EE8366A530DA5C88BA2DE8A15";"Fisier local asociat unui produs importat."
"imagine";"14-SAKURA";"";"importat";"publish";"";"14-SAKURA-T06_8.jpg";"3C48F8286EF53F3A22FACC5369B2B1F61ED1FDC6F6C666D9721F638B4F6087B6";"Fisier local asociat unui produs importat."
"imagine";"14-SAKURA";"";"importat";"publish";"";"14-SAKURA-T06_9.jpg";"BB1C6D93521071B73CFD86E00976B27A43F2AE668BB2082699819EBAB98E334E";"Fisier local asociat unui produs importat."
"produs";"14-SALLY";"";"importat";"publish";"";"";"";"Imagini locale: 5. Importat prin batch dupa confirmarea paginii publice Mendola si a imaginilor locale."
"imagine";"14-SALLY";"";"importat";"publish";"";"14-SALLY-R1700.JPG";"0E430DC588492E874CA2799523ECC6A04A435A390599DF73AADA8D2D66F8A56F";"Fisier local asociat unui produs importat."
"imagine";"14-SALLY";"";"importat";"publish";"";"14-SALLY-R1700_1.JPG";"CDC7B76D449185E83BA862A0D52223ECF1DC627AC8965DA062C31838E0844C6D";"Fisier local asociat unui produs importat."
"imagine";"14-SALLY";"";"importat";"publish";"";"14-SALLY-R1700_2.JPG";"DA83B79633976C158310D4B8A118304A7038A84E796055E3D4EF4632F568D205";"Fisier local asociat unui produs importat."
"imagine";"14-SALLY";"";"importat";"publish";"";"14-SALLY-R1700_3.JPG";"6C243740B1B607A0527B316C78E440730725A15EF2391A02CD195ACD1323CC2A";"Fisier local asociat unui produs importat."
"imagine";"14-SALLY";"";"importat";"publish";"";"14-SALLY-R1700_4.JPG";"8BF3DA16D5579F5BDF05800372BB182DAF1D4F2DD3CCB1E6F3232ADE6F15B5B6";"Fisier local asociat unui produs importat."
"produs";"14-SAMARA";"";"importat";"publish";"";"";"";"Imagini locale: 4. Importat prin batch dupa confirmarea paginii publice Mendola si a imaginilor locale."
"imagine";"14-SAMARA";"";"importat";"publish";"";"14-SAMARA-T01_1.jpg";"6FC915626C3441238D59F8FE497D615FEFF3B277A1D0AC43B68F6F46DF1C4C88";"Fisier local asociat unui produs importat."
"imagine";"14-SAMARA";"";"importat";"publish";"";"14-SAMARA-T01_2.jpg";"59DA90B545F62A6B38D656A65D54416E74095CE50233795B0A13F08BABACD1CD";"Fisier local asociat unui produs importat."
"imagine";"14-SAMARA";"";"importat";"publish";"";"14-SAMARA-T08_1.jpg";"CFB59AA4328E15153658448DEC44E70C47A8DA45410D2FA4CA3A4C5A5384BD08";"Fisier local asociat unui produs importat."
"imagine";"14-SAMARA";"";"importat";"publish";"";"14-SAMARA-T08_2.jpg";"EE47A85D1438D02DF3EE882B3A636A2EDBD5C8EF2D9755A2C657EF629A80CBFB";"Fisier local asociat unui produs importat."
"produs";"14-SERENGETI";"";"importat";"publish";"";"";"";"Imagini locale: 18. Importat prin batch dupa confirmarea paginii publice Mendola si a imaginilor locale."
"imagine";"14-SERENGETI";"";"importat";"publish";"";"14-SERENGETI-T07.jpg";"9075BDE470BA9CE2DDBA65671DAA14ECCA8CD7ACEA5075006B3A6F295F40CE35";"Fisier local asociat unui produs importat."
"imagine";"14-SERENGETI";"";"importat";"publish";"";"14-SERENGETI-T07_10.jpg";"0CFD6CE26E75B733A7C4046942AE6244E5B6D1E0149C3826684E8AB4D28A3FCF";"Fisier local asociat unui produs importat."
"imagine";"14-SERENGETI";"";"importat";"publish";"";"14-SERENGETI-T07_5.jpg";"7CE7071DDB4F4C24B0241002FDFBE3C57D731C14D821ABD69BC3C5B32085751E";"Fisier local asociat unui produs importat."
"imagine";"14-SERENGETI";"";"importat";"publish";"";"14-SERENGETI-T07_6.jpg";"FD41917D227E039E445EACD4F3F8D20ADADA08A4C2CC1DC22F5B2A0801124FFA";"Fisier local asociat unui produs importat."
"imagine";"14-SERENGETI";"";"importat";"publish";"";"14-SERENGETI-T07_8.jpg";"5BEF760BB14997643955F4E72F1FFCCC327809E41103D67BA2E1FF3ACC12F4CB";"Fisier local asociat unui produs importat."
"imagine";"14-SERENGETI";"";"importat";"publish";"";"14-SERENGETI-T07_9.jpg";"116DB536DD8A3D5E89279189F6B55DCBD543A98F6D5B350C40521BCCC59C6A8E";"Fisier local asociat unui produs importat."
"imagine";"14-SERENGETI";"";"importat";"publish";"";"14-SERENGETI-T08.jpg";"3F8887DA9E4A3D18AB89CB3B6CADD70A6ADBED286376528E25BCE16E811DF625";"Fisier local asociat unui produs importat."
"imagine";"14-SERENGETI";"";"importat";"publish";"";"14-SERENGETI-T08_10.jpg";"A52D77685D22D08E0D6FFFC130DC312FDFD8CF0E9C03737AC715F9D4EA3251ED";"Fisier local asociat unui produs importat."
"imagine";"14-SERENGETI";"";"importat";"publish";"";"14-SERENGETI-T08_5.jpg";"7B7687951FA5089EFDCCDFDEA677F5E917E0640782B0451872137A20ECF23EE3";"Fisier local asociat unui produs importat."
"imagine";"14-SERENGETI";"";"importat";"publish";"";"14-SERENGETI-T08_6.jpg";"02DB575300982EE38E03F4A97488831097B97F21815C5F5F4B29E4E3FC351662";"Fisier local asociat unui produs importat."
"imagine";"14-SERENGETI";"";"importat";"publish";"";"14-SERENGETI-T08_8.jpg";"0E4216386F10EC6C5450913C99E16C9227402A3B4530A638EFC81E33D26DA78A";"Fisier local asociat unui produs importat."
"imagine";"14-SERENGETI";"";"importat";"publish";"";"14-SERENGETI-T08_9.jpg";"A2DE8A52C6E79DD0422F87EF6E985F43A12915963D4D72D9340EAB92505FE039";"Fisier local asociat unui produs importat."
"imagine";"14-SERENGETI";"";"importat";"publish";"";"14-SERENGETI-T09.jpg";"F843C388DB8052161347C9F968621AC4D21F2A8C92BDA9C4573A0FFF4A798D8B";"Fisier local asociat unui produs importat."
"imagine";"14-SERENGETI";"";"importat";"publish";"";"14-SERENGETI-T09_10.jpg";"16DA62BE91F92DCD0168D635DB54FC034F7DD1ECB69A0574420A3237332FF502";"Fisier local asociat unui produs importat."
"imagine";"14-SERENGETI";"";"importat";"publish";"";"14-SERENGETI-T09_5.jpg";"39BA0E3FAB1B5F3129851565F9B6260157D0AE97BD317495AAEA99474516499F";"Fisier local asociat unui produs importat."
"imagine";"14-SERENGETI";"";"importat";"publish";"";"14-SERENGETI-T09_6.jpg";"ACA6067995DD22BAFF887B4C4A7C58D531F38F12CE11DB0DDE0B92850228C05D";"Fisier local asociat unui produs importat."
"imagine";"14-SERENGETI";"";"importat";"publish";"";"14-SERENGETI-T09_8.jpg";"A34D040D9664F6E7A37E0A31770F7E2317CC2F1142C2C29C1308ADF124E1745D";"Fisier local asociat unui produs importat."
"imagine";"14-SERENGETI";"";"importat";"publish";"";"14-SERENGETI-T09_9.jpg";"B50AE76E5526712D42D109A6575DE5B4F578CF9159920AF920E487D1DCA3B981";"Fisier local asociat unui produs importat."
"produs";"14-SOCOTRA";"";"importat";"publish";"";"";"";"Imagini locale: 4. Importat prin batch dupa confirmarea paginii publice Mendola si a imaginilor locale."
"imagine";"14-SOCOTRA";"";"importat";"publish";"";"14-SOCOTRA-V1.jpg";"A938F18EDCB50C2707BA82F1834B7ED56B35DCB95A1C097765270F3C26FC787C";"Fisier local asociat unui produs importat."
"imagine";"14-SOCOTRA";"";"importat";"publish";"";"14-SOCOTRA-V1_1.jpg";"2EC995FA5EA452A2E05A18B05E2C720A406727B86D65316C6BAC49DDB63ACD52";"Fisier local asociat unui produs importat."
"imagine";"14-SOCOTRA";"";"importat";"publish";"";"14-SOCOTRA-V1_3.jpg";"B24DFCFFE465E493D3158C9ED9B2A2A204C38434F99AD76265CAD331F25DF2C1";"Fisier local asociat unui produs importat."
"imagine";"14-SOCOTRA";"";"importat";"publish";"";"14-SOCOTRA-V1_4.jpg";"264C50A50CE5D3AE8B63017D78F2AA6FA0E29FB7CDE3B1BA76340432B8327C49";"Fisier local asociat unui produs importat."
"produs";"14-SOLAINE";"";"negasit";"nu exista";"";"";"";"Imagini locale: 5. Modelul sau varianta nu a fost gasita in paginile publice Mendola verificate."
"imagine";"14-SOLAINE";"";"negasit";"nu exista";"";"14-SOLAINE-V4.JPG";"0B92D75B03022F77E78A9DC226E335196F6DF1F2655408D492F4443F7F6A823F";"Varianta nu a fost gasita in paginile publice Mendola verificate."
"imagine";"14-SOLAINE";"";"negasit";"nu exista";"";"14-SOLAINE-V4_1.JPG";"0BB7286A9E6DE72476589313E5B006631132FFCC4515CC205A7C149EBB8C4723";"Varianta nu a fost gasita in paginile publice Mendola verificate."
"imagine";"14-SOLAINE";"";"negasit";"nu exista";"";"14-SOLAINE-V4_2.JPG";"DB9CB46975009F95BFD06B5CEFC0E748BD367C698D52F54DBDC9F99604FDAA41";"Varianta nu a fost gasita in paginile publice Mendola verificate."
"imagine";"14-SOLAINE";"";"negasit";"nu exista";"";"14-SOLAINE-V4_3.JPG";"E88FE0A10842C9B0615318E3C4E7E4701E0EF0C2A1E6D3A174071EFBEBA06B58";"Varianta nu a fost gasita in paginile publice Mendola verificate."
"imagine";"14-SOLAINE";"";"negasit";"nu exista";"";"14-SOLAINE-V4_4.JPG";"7613B5C57CEA39D09FCEDFCDCD7C712C33DAFB409F601175F4349CFB95477CB4";"Varianta nu a fost gasita in paginile publice Mendola verificate."
"produs";"14-TEATRO";"";"importat";"publish";"";"";"";"Imagini locale: 15. Importat prin batch dupa confirmarea paginii publice Mendola si a imaginilor locale."
"imagine";"14-TEATRO";"";"importat";"publish";"";"14-TEATRO-V0.jpg";"DD49785957A9F74AE7F80009BDB5C1E9CF24A72C4D3A5F8E558C2060947B7F7E";"Fisier local asociat unui produs importat."
"imagine";"14-TEATRO";"";"importat";"publish";"";"14-TEATRO-V0_1.jpg";"86A6F4D6CBA39843EE3633F1006AC630849AE8D40985638A91CEC2DD3151EB16";"Fisier local asociat unui produs importat."
"imagine";"14-TEATRO";"";"importat";"publish";"";"14-TEATRO-V0_2.jpg";"8FEC59F1EACE7EFA0982F12463015C8C5286D94C01144E65347ACB8F91F6078A";"Fisier local asociat unui produs importat."
"imagine";"14-TEATRO";"";"importat";"publish";"";"14-TEATRO-V0_3.jpg";"79505AD74A588865903DB815783FFCA8CF210C236FF6BE31251D7BFAFFE8935D";"Fisier local asociat unui produs importat."
"imagine";"14-TEATRO";"";"importat";"publish";"";"14-TEATRO-V0_4.jpg";"84E5CAEC3BEC47AA093FDFF3DD60B9A21A24D83F58E0F38A41B37AC9357FC1B9";"Fisier local asociat unui produs importat."
"imagine";"14-TEATRO";"";"importat";"publish";"";"14-TEATRO-V3.jpg";"AFD451AB05D93DC969296A8C8F591FC95A4EA7971B5F4E8989E015AE0CF866ED";"Fisier local asociat unui produs importat."
"imagine";"14-TEATRO";"";"importat";"publish";"";"14-TEATRO-V3_1.jpg";"7AA48A7F5A90ED606B337994A86ACA8F247B2F9EC06AC838B79E3BF315691C43";"Fisier local asociat unui produs importat."
"imagine";"14-TEATRO";"";"importat";"publish";"";"14-TEATRO-V3_2.jpg";"5BF235CFDBBF29256E7F037D11E1CDC0E079923A990F7E28FB2D0DE3DCF71D53";"Fisier local asociat unui produs importat."
"imagine";"14-TEATRO";"";"importat";"publish";"";"14-TEATRO-V3_3.jpg";"D06F2C2B3E1DDF83B251AF833110D400DD7133F2076C29D055E3DC7EDC985750";"Fisier local asociat unui produs importat."
"imagine";"14-TEATRO";"";"importat";"publish";"";"14-TEATRO-V3_4.jpg";"466453B2F9A68622F670B015EBCB2738F5B1DDE88A8A426ABBD11556D691B92C";"Fisier local asociat unui produs importat."
"imagine";"14-TEATRO";"";"importat";"publish";"";"14-TEATRO-V7.jpg";"63E5E489B45B862F0FE84A50FC5C0079C2F33941C793D233BC486277CF31C84D";"Fisier local asociat unui produs importat."
"imagine";"14-TEATRO";"";"importat";"publish";"";"14-TEATRO-V7_1.jpg";"4A25FE57AA5B6EDD2C6474C36920ABB7945ABA2CE6E686E5ACEF49FDDF48FCB6";"Fisier local asociat unui produs importat."
"imagine";"14-TEATRO";"";"importat";"publish";"";"14-TEATRO-V7_2.jpg";"6FD0AEB3AF08ED0DC0249E3D8AB19EC1C965E0C725ACA33628C82091AD908308";"Fisier local asociat unui produs importat."
"imagine";"14-TEATRO";"";"importat";"publish";"";"14-TEATRO-V7_3.jpg";"A3597A242CBCED36F762A227FD06EC708B318B106D488507311CA091E455A67B";"Fisier local asociat unui produs importat."
"imagine";"14-TEATRO";"";"importat";"publish";"";"14-TEATRO-V7_4.jpg";"744A80B1514F434EC5B40BA3532F523924E6D3A91793081DC4A2C41CD401F892";"Fisier local asociat unui produs importat."
"produs";"14-TROPEA";"";"negasit";"nu exista";"";"";"";"Imagini locale: 10. Modelul sau varianta nu a fost gasita in paginile publice Mendola verificate."
"imagine";"14-TROPEA";"";"negasit";"nu exista";"";"14-TROPEA-V1.jpg";"F1FFB2D601388A98DA12CA2A878FA7FABEAB08FB39B2AE1F706F01D158C66C84";"Varianta nu a fost gasita in paginile publice Mendola verificate."
"imagine";"14-TROPEA";"";"negasit";"nu exista";"";"14-TROPEA-V1_1.jpg";"23B4D634CC0FB75E38E65D9A5909BC425713C7E3A2BE75E5AC6CC19E4581FB58";"Varianta nu a fost gasita in paginile publice Mendola verificate."
"imagine";"14-TROPEA";"";"negasit";"nu exista";"";"14-TROPEA-V1_2.jpg";"798E3D35EC3D2A19593A8FA3ADAA005C6171C6F7FC818778A89420E1DA724C28";"Varianta nu a fost gasita in paginile publice Mendola verificate."
"imagine";"14-TROPEA";"";"negasit";"nu exista";"";"14-TROPEA-V1_3.jpg";"6820652DFDFC46AE13DDC4A296D0759ED8D0556D6DBB02A2377EBA0CE7977C5D";"Varianta nu a fost gasita in paginile publice Mendola verificate."
"imagine";"14-TROPEA";"";"negasit";"nu exista";"";"14-TROPEA-V1_4.jpg";"62E1FC7C74C0CAE7EEE25CC16FC27706913CFCAA1026B847D55B8FAF4C357CE8";"Varianta nu a fost gasita in paginile publice Mendola verificate."
"imagine";"14-TROPEA";"";"negasit";"nu exista";"";"14-TROPEA-V4.jpg";"EE78714A9CF58581C7371408F790BB67FE34BB2198F59C4338A3BFB79E430348";"Varianta nu a fost gasita in paginile publice Mendola verificate."
"imagine";"14-TROPEA";"";"negasit";"nu exista";"";"14-TROPEA-V4_1.jpg";"B2B542E73D3A6CD27A35882D241680433C6C2BAEA7C79F13F258DF1A461D5443";"Varianta nu a fost gasita in paginile publice Mendola verificate."
"imagine";"14-TROPEA";"";"negasit";"nu exista";"";"14-TROPEA-V4_2.jpg";"89A4D9D5E82EB3804CC69FCBE21BDAB67AE36A83C783DCD10A08CBFCB926F0C1";"Varianta nu a fost gasita in paginile publice Mendola verificate."
"imagine";"14-TROPEA";"";"negasit";"nu exista";"";"14-TROPEA-V4_3.jpg";"E58383AFD7F5D768C06E1FE4C7DFCB7C0CFF13B31F5BDAF599AD473504B2AF6D";"Varianta nu a fost gasita in paginile publice Mendola verificate."
"imagine";"14-TROPEA";"";"negasit";"nu exista";"";"14-TROPEA-V4_4.jpg";"538300C0A7E3217E4374698C6D15462FC57478D4EFC470F919E5B507565EC802";"Varianta nu a fost gasita in paginile publice Mendola verificate."
"produs";"14-VALETTA";"";"negasit";"nu exista";"";"";"";"Imagini locale: 9. Modelul sau varianta nu a fost gasita in paginile publice Mendola verificate."
"imagine";"14-VALETTA";"";"negasit";"nu exista";"";"14-VALETTA.jpg";"5D294AB00D851915381E35A51ADB10246DB95424572A0A71F2AB6349EB9A2BB8";"Fisier local fara produs importat confirmat."
"imagine";"14-VALETTA";"";"negasit";"nu exista";"";"14-VALETTA_5.jpg";"943F105C9731068D609A71561DDA78BBDEE40E0A93281D988640A7A6F1608A93";"Fisier local fara produs importat confirmat."
"imagine";"14-VALETTA";"";"negasit";"nu exista";"";"14-VALETTA_6.jpg";"546285BD8F007232B3CAF48C198359211DFAD29C583F44DF7D8AB51FC776ED5F";"Fisier local fara produs importat confirmat."
"imagine";"14-VALETTA";"";"negasit";"nu exista";"";"14-VALETTA_8.jpg";"09C1D00EAD5C123ADDE24EC5883BF43DE4D5CD7192392417BD492C4017B0F95E";"Fisier local fara produs importat confirmat."
"imagine";"14-VALETTA";"";"negasit";"nu exista";"";"14-VALETTA-T01.JPG";"505300904B987885D574A4798FDCEC41344CCA22149EFE59F4F3A680C80F1977";"Varianta nu a fost gasita in paginile publice Mendola verificate."
"imagine";"14-VALETTA";"";"negasit";"nu exista";"";"14-VALETTA-T01_1.JPG";"8FD436C34EAD31E6B9783885094052522C2F6A29259524B2A7477F11F6262C84";"Varianta nu a fost gasita in paginile publice Mendola verificate."
"imagine";"14-VALETTA";"";"negasit";"nu exista";"";"14-VALETTA-T01_2.JPG";"E0EFD5E1657C9450366C915DDA6927C0F827719AE060EE4AB1C3E45A8F16CC35";"Varianta nu a fost gasita in paginile publice Mendola verificate."
"imagine";"14-VALETTA";"";"negasit";"nu exista";"";"14-VALETTA-T01_3.JPG";"BBC3DF90B61679261D56CBE296FE549E54616B4CABF2485F9339A9E49DF57B63";"Varianta nu a fost gasita in paginile publice Mendola verificate."
"imagine";"14-VALETTA";"";"negasit";"nu exista";"";"14-VALETTA-T01_4.JPG";"53F34F60128AC58DE1DFDE111621D7A7F5F154FF7CEE45D7204BE59813767DA2";"Varianta nu a fost gasita in paginile publice Mendola verificate."
"produs";"14-VENEZIA";"";"negasit";"nu exista";"";"";"";"Imagini locale: 10. Modelul sau varianta nu a fost gasita in paginile publice Mendola verificate."
"imagine";"14-VENEZIA";"";"negasit";"nu exista";"";"14-VENEZIA-T01.jpg";"4FB5CA5F6ACA65E6DFC5C7132EE48B88A52D77FBCE324C26F4ABA6B63428C3EC";"Varianta nu a fost gasita in paginile publice Mendola verificate."
"imagine";"14-VENEZIA";"";"negasit";"nu exista";"";"14-VENEZIA-T01_1.jpg";"6F16CFA642AF5F753628E5EB2D87E8AA1D4806B1572885C0837B2622AC48F3C2";"Varianta nu a fost gasita in paginile publice Mendola verificate."
"imagine";"14-VENEZIA";"";"negasit";"nu exista";"";"14-VENEZIA-T01_2.jpg";"FFF3559EAED38B6F4570583F4DED2CD540CEA9CD10CB278D1EE03A9BCC41E3D8";"Varianta nu a fost gasita in paginile publice Mendola verificate."
"imagine";"14-VENEZIA";"";"negasit";"nu exista";"";"14-VENEZIA-T01_3.jpg";"4870EFB5C46508D813BC928A08183AC2F7F1A9DD158F55AD6B53939D8BAD8219";"Varianta nu a fost gasita in paginile publice Mendola verificate."
"imagine";"14-VENEZIA";"";"negasit";"nu exista";"";"14-VENEZIA-T01_4.jpg";"B82B14768D3EA85533EE04643B74EC71E4D228190DEC7173E746F943E0526BE7";"Varianta nu a fost gasita in paginile publice Mendola verificate."
"imagine";"14-VENEZIA";"";"negasit";"nu exista";"";"14-VENEZIA-T02.jpg";"F12CE615D58CD5243224032688A1830E54098E81E0592973320605DECCD1F198";"Varianta nu a fost gasita in paginile publice Mendola verificate."
"imagine";"14-VENEZIA";"";"negasit";"nu exista";"";"14-VENEZIA-T02_1.jpg";"83253A73C1D549199824512CC17FBDFE929A6D31935479992C03AC8025A8428D";"Varianta nu a fost gasita in paginile publice Mendola verificate."
"imagine";"14-VENEZIA";"";"negasit";"nu exista";"";"14-VENEZIA-T02_2.jpg";"D157DF7E29F097A255C98FEE9A892B280B6CCD829DF529C8A6531B2BE3A9753F";"Varianta nu a fost gasita in paginile publice Mendola verificate."
"imagine";"14-VENEZIA";"";"negasit";"nu exista";"";"14-VENEZIA-T02_3.jpg";"1C92CFAE81732407540C5CB1535159A3C2A0DD8DDC1DB3EDA35F9AD14E6E7BF2";"Varianta nu a fost gasita in paginile publice Mendola verificate."
"imagine";"14-VENEZIA";"";"negasit";"nu exista";"";"14-VENEZIA-T02_4.jpg";"630FC6810C7A5813190D8A1FDAA94EC54D4E34CF4ADE6DFC27A1495A99384DFF";"Varianta nu a fost gasita in paginile publice Mendola verificate."
"produs";"14-VICENZA";"";"importat";"publish";"";"";"";"Imagini locale: 19. Importat prin batch dupa confirmarea paginii publice Mendola si a imaginilor locale."
"imagine";"14-VICENZA";"";"importat";"publish";"";"14-VICENZA-T01.JPG";"2F6D6C41E91C3FD325B65A11BE9D62E49D4AE8FA729A7299B216B74C6355AB2F";"Fisier local asociat unui produs importat."
"imagine";"14-VICENZA";"";"importat";"publish";"";"14-VICENZA-T01_1.JPG";"8902FCEFF1F7DE13F64C84C7BD393A9EDB8901C6C55788CF64A814E619FF82D9";"Fisier local asociat unui produs importat."
"imagine";"14-VICENZA";"";"importat";"publish";"";"14-VICENZA-T01_2.JPG";"4DF1B67152724EE03C52577E240C9B143465DF45BCB88E2B2D413156C7B288A7";"Fisier local asociat unui produs importat."
"imagine";"14-VICENZA";"";"importat";"publish";"";"14-VICENZA-T01_3.JPG";"1DC2AE91FC2629042BE4693AE48645F7CD5156C2824C5B404585F063356337AD";"Fisier local asociat unui produs importat."
"imagine";"14-VICENZA";"";"importat";"publish";"";"14-VICENZA-T01_4.JPG";"B6C42089D64C65307D526C6CD81F998F255801F58983D035954100A91A009D33";"Fisier local asociat unui produs importat."
"imagine";"14-VICENZA";"";"negasit";"publish";"";"14-VICENZA-T02.jpg";"88AA4980860A35D90988C5B36D706C0BDC4FCA9817B78CF1F8EA5E766A7F78C5";"Varianta nu a fost gasita in paginile publice Mendola verificate."
"imagine";"14-VICENZA";"";"negasit";"publish";"";"14-VICENZA-T02_1.jpg";"E94B20C9AB1CD05B0766D80A6DFCA85EBE72C4094BBACC8043BB1BAFA63189BA";"Varianta nu a fost gasita in paginile publice Mendola verificate."
"imagine";"14-VICENZA";"";"negasit";"publish";"";"14-VICENZA-T02_2.jpg";"688444A27CCFA4C3E74E173830034BE41E644311E067E8756DB46D78FE79209E";"Varianta nu a fost gasita in paginile publice Mendola verificate."
"imagine";"14-VICENZA";"";"negasit";"publish";"";"14-VICENZA-T02_3.jpg";"925EC5214C16009A60849D178CD29C0FD0D38C6AC7984CBADA5BE1F757FC619F";"Varianta nu a fost gasita in paginile publice Mendola verificate."
"imagine";"14-VICENZA";"";"negasit";"publish";"";"14-VICENZA-T02_4.jpg";"40B0ADF0C6EF69AED7EC7798C4AFAB4B2E0976FB793EFEC2B464AC45EC8050BC";"Varianta nu a fost gasita in paginile publice Mendola verificate."
"imagine";"14-VICENZA";"";"importat";"publish";"";"14-VICENZA-T03.jpg";"CCC5E61E0F30172D73A97CA888B08880D6AE03A6492CAC33498F6D012976D55B";"Fisier local asociat unui produs importat."
"imagine";"14-VICENZA";"";"importat";"publish";"";"14-VICENZA-T03_2.jpg";"D81B159BA0A299337A1E7F4969EB9B0E7DE7F72CCA5220FF93DAF69FD2D5BD19";"Fisier local asociat unui produs importat."
"imagine";"14-VICENZA";"";"importat";"publish";"";"14-VICENZA-T03_3.jpg";"04F9E9C7A7344D31ACEA5901D0D270962FB995E49FD8AF669F85915711F8E6BB";"Fisier local asociat unui produs importat."
"imagine";"14-VICENZA";"";"importat";"publish";"";"14-VICENZA-T03_4.jpg";"FA05ECBC411E71AE0434A2485683FA196151137793CDE9FDDB28B8B44E18832B";"Fisier local asociat unui produs importat."
"imagine";"14-VICENZA";"";"negasit";"publish";"";"14-VICENZA-T339.JPG";"9DF605DA3DF85A19817C7238EB4123D26843ACF332C2D8E80F2DECCCEC6F9717";"Varianta nu a fost gasita in paginile publice Mendola verificate."
"imagine";"14-VICENZA";"";"negasit";"publish";"";"14-VICENZA-T339_1.JPG";"42092A8CE6DA266718111B876C7D9EE36857CD867609E1AB99FB0698E5D7E1ED";"Varianta nu a fost gasita in paginile publice Mendola verificate."
"imagine";"14-VICENZA";"";"negasit";"publish";"";"14-VICENZA-T339_2.JPG";"C03FF1DC06F22A23A11E680DFE7985A25D881F55E75515542168A3ED2E0960ED";"Varianta nu a fost gasita in paginile publice Mendola verificate."
"imagine";"14-VICENZA";"";"negasit";"publish";"";"14-VICENZA-T339_3.JPG";"72D7FE116A8AD4ABC3091AEA8B90F3E067D1AD9497C5C651C5B645E8B2E9E85D";"Varianta nu a fost gasita in paginile publice Mendola verificate."
"imagine";"14-VICENZA";"";"negasit";"publish";"";"14-VICENZA-T339_4.JPG";"B96A4947212E1955F69C6530E24BCAB95DB416BAE57A5654D28C0DF4E8A5AABE";"Varianta nu a fost gasita in paginile publice Mendola verificate."
"produs";"14-VIVIEN";"";"negasit";"nu exista";"";"";"";"Imagini locale: 5. Modelul sau varianta nu a fost gasita in paginile publice Mendola verificate."
"imagine";"14-VIVIEN";"";"negasit";"nu exista";"";"14-VIVIEN-V1265.jpg";"AA016DD6D627322AE57DD37C9A101F4CC0BB8DBD4ABD58A4E12C7ADB14E4DBFC";"Varianta nu a fost gasita in paginile publice Mendola verificate."
"imagine";"14-VIVIEN";"";"negasit";"nu exista";"";"14-VIVIEN-V1265_1.jpg";"CA9C5ADBCC45092C0974B3246931DB089925101DEFE388ADBCC7E34DDEC302F9";"Varianta nu a fost gasita in paginile publice Mendola verificate."
"imagine";"14-VIVIEN";"";"negasit";"nu exista";"";"14-VIVIEN-V1265_3 (2).jpg";"51F3E8555FE2562FE87968C905989BF2ED66C768DCF822CAD753CAE4758CC5D4";"Varianta nu a fost gasita in paginile publice Mendola verificate."
"imagine";"14-VIVIEN";"";"negasit";"nu exista";"";"14-VIVIEN-V1265_3.jpg";"809D7917340A9212295D7B5DF7E7E5B4D3E5226E98932EB9B48C231DC06CE94E";"Varianta nu a fost gasita in paginile publice Mendola verificate."
"imagine";"14-VIVIEN";"";"negasit";"nu exista";"";"14-VIVIEN-V1265_4.jpg";"096D49EF7ABD43235D3968454411750E189185F1C91E3D2027A2642927153FCD";"Varianta nu a fost gasita in paginile publice Mendola verificate."
"produs";"14-VOILE";"";"importat";"publish";"";"";"";"Imagini locale: 106. Importat prin batch dupa confirmarea paginii publice Mendola si a imaginilor locale."
"imagine";"14-VOILE";"";"importat";"publish";"";"14-VOILE-CR-SH1.jpg";"3AC534B2E8EE175CE187C49F4BB8FC2AD4BC01B8CBD95FABF0BFA36FEB710471";"Fisier local asociat unui produs importat."
"imagine";"14-VOILE";"";"importat";"publish";"";"14-VOILE-CR-SH1_1.jpg";"7950356435CA37B67C06CD14B109799B3969B6DC299F8458F771D58C4077433F";"Fisier local asociat unui produs importat."
"imagine";"14-VOILE";"";"importat";"publish";"";"14-VOILE-CR-SH1_2.jpg";"5E3D903D5BE00E43CEF50EB182F3A85CD8BE8D0D45D1B737F57EB19468F3E5B3";"Fisier local asociat unui produs importat."
"imagine";"14-VOILE";"";"importat";"publish";"";"14-VOILE-CR-SH1_3.jpg";"BFA34366C35D115E4AC31BA2622CCF44648942A956F0759532BBF5D5DBEE5F93";"Fisier local asociat unui produs importat."
"imagine";"14-VOILE";"";"importat";"publish";"";"14-VOILE-CR-SH1_4.jpg";"0C13B82A33C17582F749080B178814F0F5BC68786F1AF7C521DDD84BFD62A123";"Fisier local asociat unui produs importat."
"imagine";"14-VOILE";"";"importat";"publish";"";"14-VOILE-CR-SH3.jpg";"7B62E4B6699D6CF1220C7A71ADAD5401156917BFB7DBA2799E994A653DEDF60B";"Fisier local asociat unui produs importat."
"imagine";"14-VOILE";"";"importat";"publish";"";"14-VOILE-CR-SH3_1.jpg";"0A52D5339C3E9CFF4259B80203D793BDBCCD7085A89C091F35F9908DF55F0F3A";"Fisier local asociat unui produs importat."
"imagine";"14-VOILE";"";"importat";"publish";"";"14-VOILE-CR-SH3_2.jpg";"2175792AD26CDC427C236040CF38556D9D3EA0A0CBD66C12AA396CF1C2953821";"Fisier local asociat unui produs importat."
"imagine";"14-VOILE";"";"importat";"publish";"";"14-VOILE-CR-SH3_3.jpg";"C6391B65730A09F281BBB78003FB028BFEC98A618A1AEEFCAA4BDB5A7D7FC51E";"Fisier local asociat unui produs importat."
"imagine";"14-VOILE";"";"importat";"publish";"";"14-VOILE-IF-FP-T002.jpg";"7898D53802ACC2F679A6BB797691FE7F3205CE00E54553229D19C3A441381045";"Fisier local asociat unui produs importat."
"imagine";"14-VOILE";"";"importat";"publish";"";"14-VOILE-IF-FP-T002_1.jpg";"B8E81FB93737FAC4EAA67AA1492C3182E7EF4EF2A776D6D04DDE32D15425E819";"Fisier local asociat unui produs importat."
"imagine";"14-VOILE";"";"importat";"publish";"";"14-VOILE-IF-FP-T002_2.jpg";"18114E7279F5DCF027FE92B4983CDDFBB7DC3FD48E163ACD5C2B0BAC6C185821";"Fisier local asociat unui produs importat."
"imagine";"14-VOILE";"";"importat";"publish";"";"14-VOILE-IF-FP-T002_3.jpg";"3F7C046B63DE66D3C0C80D0867B9AD27F9D61A420665968584FC9F8E1B2508E0";"Fisier local asociat unui produs importat."
"imagine";"14-VOILE";"";"importat";"publish";"";"14-VOILE-IF-FP-T002_4.jpg";"E81828A874C942BAE2E173FE07C8FBDF113ADBA646340BC6D757ACA5E810266C";"Fisier local asociat unui produs importat."
"imagine";"14-VOILE";"";"importat";"publish";"";"14-VOILE-IF-FP-T01.jpg";"BE03C74646E202E602D17B63D0BE2D6189C796486890CEB8A24F4E5135A798BD";"Fisier local asociat unui produs importat."
"imagine";"14-VOILE";"";"importat";"publish";"";"14-VOILE-IF-FP-T01_1.jpg";"A52784CCFA4FC8C97C6BC06EF8EF31748A17D1FA5A5657E886AE643C78C3516F";"Fisier local asociat unui produs importat."
"imagine";"14-VOILE";"";"importat";"publish";"";"14-VOILE-IF-FP-T01_2.jpg";"75641A646136EBE0E0593EB10ACEF2AEA7C8A92F7F932666BE73240E6400D6A1";"Fisier local asociat unui produs importat."
"imagine";"14-VOILE";"";"importat";"publish";"";"14-VOILE-IF-FP-T01_3.jpg";"BFFE159318C2BC3A24C91AFFC0995A3AD329B15E07184A53ECC0E13DB90CABED";"Fisier local asociat unui produs importat."
"imagine";"14-VOILE";"";"importat";"publish";"";"14-VOILE-IF-FP-T01_4.jpg";"8C60E21B6D7827F085AF9FABF617357824A6F7595881F6BDA2BB1F359100E137";"Fisier local asociat unui produs importat."
"imagine";"14-VOILE";"";"importat";"publish";"";"14-VOILE-R1700_4.jpg";"8192525F585DDC863F834387A39A5600ED9FB0DA745F98CCAEE4D9E2B6C13E4A";"Fisier local asociat unui produs importat."
"imagine";"14-VOILE";"";"importat";"publish";"";"14-VOILE-R1700_5.jpg";"104A3D601A9827F78D99BE1296A02AF6C8BCA4043E98CF9C291211F1BE9AFAE1";"Fisier local asociat unui produs importat."
"imagine";"14-VOILE";"";"importat";"publish";"";"14-VOILE-T001.jpg";"2535F2984D676B6CE2AF235CDD14B97A372FB2AC0F152136418597566CFCC3AF";"Fisier local asociat unui produs importat."
"imagine";"14-VOILE";"";"importat";"publish";"";"14-VOILE-T001_1.jpg";"972A9273E3DE9705A11409132CBC4F480B263F514FFCD425884840956DB6CA99";"Fisier local asociat unui produs importat."
"imagine";"14-VOILE";"";"importat";"publish";"";"14-VOILE-T001_2.jpg";"8F53C409984B3431D9A25459A5F30A3BE390EA39E6A42FF94E7376B16E9792DF";"Fisier local asociat unui produs importat."
"imagine";"14-VOILE";"";"importat";"publish";"";"14-VOILE-T001_3.jpg";"8F38871F93D0DB48B9C24828E6103D720FB63C9172FDA3F049C849D8A2BA4C7B";"Fisier local asociat unui produs importat."
"imagine";"14-VOILE";"";"importat";"publish";"";"14-VOILE-T001_4.jpg";"E533CC1135AE97A58B7A1125CE079672A4E30526B274C29F0D4F22ECB901DC9B";"Fisier local asociat unui produs importat."
"imagine";"14-VOILE";"";"importat";"publish";"";"14-VOILE-T002.jpg";"FC508DE5CF982BC69DF3EB94476D53008BE9237E62A562D9B4D61A4026E44BEC";"Fisier local asociat unui produs importat."
"imagine";"14-VOILE";"";"importat";"publish";"";"14-VOILE-T002_1.JPG";"C3E4FE8C9B0D49C5C38A2B647E403649B8C5F754EFE6B292910397BEA4FB8A62";"Fisier local asociat unui produs importat."
"imagine";"14-VOILE";"";"importat";"publish";"";"14-VOILE-T002_2.JPG";"C0A1EFAD7DE4A254ADB84CDAACF823D51F67FCB9919882CDDE45BD2FABB60668";"Fisier local asociat unui produs importat."
"imagine";"14-VOILE";"";"importat";"publish";"";"14-VOILE-T002_3.jpg";"B36592934712DF3F82993B0BB93D903845CAD6202CC7AAF7511A6E5DCCF58072";"Fisier local asociat unui produs importat."
"imagine";"14-VOILE";"";"importat";"publish";"";"14-VOILE-T002_4.jpg";"DDB31E22E70C769622468B562FB9D6AC684E11105B00B51A3E0A945736EE0745";"Fisier local asociat unui produs importat."
"imagine";"14-VOILE";"";"negasit";"publish";"";"14-VOILE-T01.jpg";"F9C1C9FA4D263588EAFB03D1CD53DB2D679CBBD0F6D915A314706933C5AAB291";"Varianta nu a fost gasita in paginile publice Mendola verificate."
"imagine";"14-VOILE";"";"negasit";"publish";"";"14-VOILE-T01_1.jpg";"A0378D125BAD25189C57D43C1F92C1155D493059963778F1C3BEDA5263DF73C1";"Varianta nu a fost gasita in paginile publice Mendola verificate."
"imagine";"14-VOILE";"";"negasit";"publish";"";"14-VOILE-T01_2.JPG";"AAA065F03EA677A7CB2371073107F88E5E8F17DE486AC0DD55E5BC6B2AC43DE6";"Varianta nu a fost gasita in paginile publice Mendola verificate."
"imagine";"14-VOILE";"";"negasit";"publish";"";"14-VOILE-T01_3.jpg";"F51191806306B7C1209A4BBA73CA34664695CB7FF42DFB3B962B1CD8E1CB5680";"Varianta nu a fost gasita in paginile publice Mendola verificate."
"imagine";"14-VOILE";"";"negasit";"publish";"";"14-VOILE-T01_4.jpg";"29D39F890006AACCD655CDEB40EA65FB3E58DCE126A29468AC1275E6D0E64B32";"Varianta nu a fost gasita in paginile publice Mendola verificate."
"imagine";"14-VOILE";"";"negasit";"publish";"";"14-VOILE-T02.jpg";"DFE66D7D7BF9EDF862E296E6A4AEC033E3593A57EC77538197324A5A604ECDC4";"Varianta nu a fost gasita in paginile publice Mendola verificate."
"imagine";"14-VOILE";"";"negasit";"publish";"";"14-VOILE-T02_1.jpg";"CE477BA07BEF75A119126689944D2D44384C78DEB285F602EE4600DE92FB5C44";"Varianta nu a fost gasita in paginile publice Mendola verificate."
"imagine";"14-VOILE";"";"negasit";"publish";"";"14-VOILE-T02_2.JPG";"2B7038ED81881C4CEC850CA2FD7A4608EB2D2FF98336AD5F7ACC318B3D5484A1";"Varianta nu a fost gasita in paginile publice Mendola verificate."
"imagine";"14-VOILE";"";"negasit";"publish";"";"14-VOILE-T02_3.jpg";"765FF0A6D2E9CDD92B35BD6B0F52D44A531650BF7F737CD07A1651692301B9FA";"Varianta nu a fost gasita in paginile publice Mendola verificate."
"imagine";"14-VOILE";"";"negasit";"publish";"";"14-VOILE-T02_4.jpg";"951834F8A6E70D1A4CEB57D746464A46C03AEE0DAF14B848B7CD2B042FDC88CA";"Varianta nu a fost gasita in paginile publice Mendola verificate."
"imagine";"14-VOILE";"";"importat";"publish";"";"14-VOILE-T05.jpg";"FF5FED092D36AFF73630B325D8332925F95DF5524E8BBEE7CC91B81061D7DAB1";"Fisier local asociat unui produs importat."
"imagine";"14-VOILE";"";"importat";"publish";"";"14-VOILE-T05_1.jpg";"A663B6F1EDBDAD76F818A777F40893E9B1B8374F358FF5847658A90A199DBABC";"Fisier local asociat unui produs importat."
"imagine";"14-VOILE";"";"importat";"publish";"";"14-VOILE-T05_2.jpg";"A7EBBE86E59899A4C557483020EC00A0A198ED2E75F25E26FEC0187B41AFE3A9";"Fisier local asociat unui produs importat."
"imagine";"14-VOILE";"";"importat";"publish";"";"14-VOILE-T05_3.jpg";"DE8EE47B63D8A6E638B265A1EDFC7F4E995C486C9E900029BBC8984CB545CF32";"Fisier local asociat unui produs importat."
"imagine";"14-VOILE";"";"importat";"publish";"";"14-VOILE-T05_4.jpg";"FE67F3681A3E99C35A8210A807D57FDD9736AC21EE7FD677FE6465791915E57F";"Fisier local asociat unui produs importat."
"imagine";"14-VOILE";"";"importat";"publish";"";"14-VOILE-T20.jpg";"6D3803F69114C521EADB6909F52333A6336BA354D259377227F6752D7831C7D3";"Fisier local asociat unui produs importat."
"imagine";"14-VOILE";"";"importat";"publish";"";"14-VOILE-T20_1.jpg";"7F9B692EF8D4B10CA504F66F487ED5E92D4767E418A88C9846D47D06E1749326";"Fisier local asociat unui produs importat."
"imagine";"14-VOILE";"";"importat";"publish";"";"14-VOILE-T20_2.jpg";"67E875B34AF03B98010109DC4A0E6BC9505E6F6534AF4F4B63CBE9767F8B5749";"Fisier local asociat unui produs importat."
"imagine";"14-VOILE";"";"importat";"publish";"";"14-VOILE-T20_3.jpg";"EA5E70F7EB65CC6C9691B9C959B1E08519D9C60CDACBF4CEFCD3D85C160EA8D5";"Fisier local asociat unui produs importat."
"imagine";"14-VOILE";"";"importat";"publish";"";"14-VOILE-T20_4.jpg";"2A41BEEA8B7B7CFA71A356C6F8CE4906A7FFC5733C885CB7BA0CEFB1EFD886F8";"Fisier local asociat unui produs importat."
"imagine";"14-VOILE";"";"negasit";"publish";"";"14-VOILE-T21.jpg";"3827C1CC4B4FE098C898B5D64EC1FF82608CB3242CF0EC3BDFF9624EEF5FBB46";"Varianta nu a fost gasita in paginile publice Mendola verificate."
"imagine";"14-VOILE";"";"negasit";"publish";"";"14-VOILE-T21_1.jpg";"6A609785273BF637E78E5AC930D15964B53605ED175AD0E1DD9619CB729505CA";"Varianta nu a fost gasita in paginile publice Mendola verificate."
"imagine";"14-VOILE";"";"negasit";"publish";"";"14-VOILE-T21_2.JPG";"C002B9949BED085EC5F3E9E5C46614F8B5BB868A3C37058FFCC25F879D5FC33B";"Varianta nu a fost gasita in paginile publice Mendola verificate."
"imagine";"14-VOILE";"";"negasit";"publish";"";"14-VOILE-T21_4.jpg";"4376AC8C28EEE4EE650393E91D01DC5177FBA9BB08FCB7C99554231C59CA7FE2";"Varianta nu a fost gasita in paginile publice Mendola verificate."
"imagine";"14-VOILE";"";"importat";"publish";"";"14-VOILE-T221.jpg";"7F5756F018720D17757546C2DC9D1692836ADD1C93412CF7A079D49F59AAD15C";"Fisier local asociat unui produs importat."
"imagine";"14-VOILE";"";"importat";"publish";"";"14-VOILE-T221_1.jpg";"79C95429AD08A9DDE5354838C34AF9884D95D4981A4DFC5206CD7BEF1C24F651";"Fisier local asociat unui produs importat."
"imagine";"14-VOILE";"";"importat";"publish";"";"14-VOILE-T221_2.JPG";"AC09CC28669B4FDFA0154D100EB78B038EC8B83876DD9F56EF6A9F3D1B266956";"Fisier local asociat unui produs importat."
"imagine";"14-VOILE";"";"importat";"publish";"";"14-VOILE-T221_3.jpg";"A218B1C3234F53E923EFCFD624F6DBCA3621A7F08586E4E0D4ED0B131182950F";"Fisier local asociat unui produs importat."
"imagine";"14-VOILE";"";"importat";"publish";"";"14-VOILE-T221_4.jpg";"F6BD30116CEA1AE2552C4A5780FE7604E7C32F1361482B2E7A65447E83F31831";"Fisier local asociat unui produs importat."
"imagine";"14-VOILE";"";"importat";"publish";"";"14-VOILE-T27_1.jpg";"D58AC35A44F863E488186C3DD7147AE8D1A5CAD240E61E67659DBC1E27D393A3";"Fisier local asociat unui produs importat."
"imagine";"14-VOILE";"";"importat";"publish";"";"14-VOILE-T27_2.jpg";"1740BA9A153A3603BB0118974DAEA02247D46E0413A4DC95CFE6D58093DBF0DC";"Fisier local asociat unui produs importat."
"imagine";"14-VOILE";"";"importat";"publish";"";"14-VOILE-T27_3.jpg";"941D40FB40AF8349313721E6E29EE5B2CE9098D27A64F0E16F19FA09D6A853E5";"Fisier local asociat unui produs importat."
"imagine";"14-VOILE";"";"importat";"publish";"";"14-VOILE-T27_4.jpg";"55490BE361F8D366A6820AF5CDC1C5699F42068D494CE80F01390C783B86B3E5";"Fisier local asociat unui produs importat."
"imagine";"14-VOILE";"";"importat";"publish";"";"14-VOILE-T30.jpg";"9E5FA76FEE2F7122BF2A0BFF4BCFC8382F0F947ABBBC5CB1C981FF6923A5B57D";"Fisier local asociat unui produs importat."
"imagine";"14-VOILE";"";"importat";"publish";"";"14-VOILE-T30_1.jpg";"FAF8A6EA5930A950748B3E8BD2BF63EC7C1FA0F640F15554DACCB5E5E210EA9E";"Fisier local asociat unui produs importat."
"imagine";"14-VOILE";"";"importat";"publish";"";"14-VOILE-T30_2.jpg";"BAFEFF022DD0119A65670EE9B733AEEC48D4B114AE1CCBD1C4DF17A147972220";"Fisier local asociat unui produs importat."
"imagine";"14-VOILE";"";"importat";"publish";"";"14-VOILE-T30_3.jpg";"E03A697733943B2617E42EAE6ECB718281C5DACF0E47268F06B5A8F57FDBA23F";"Fisier local asociat unui produs importat."
"imagine";"14-VOILE";"";"importat";"publish";"";"14-VOILE-T30_4.jpg";"8BA05A4D101C1B1A7347973DB3AAFAC04DB6C2E3DC4A153CCB42637F28676B36";"Fisier local asociat unui produs importat."
"imagine";"14-VOILE";"";"importat";"publish";"";"14-VOILE-T30_6.jpg";"2D66EF6CF81347D42FD5AFEAA126B87261C38B6529B4F528CF6C7D33B0383DDF";"Fisier local asociat unui produs importat."
"imagine";"14-VOILE";"";"importat";"publish";"";"14-VOILE-T3097.jpg";"9055B07CBC9CBD20BDD07D201A8582C450A83A6D3414BF7932A76B9017966128";"Fisier local asociat unui produs importat."
"imagine";"14-VOILE";"";"importat";"publish";"";"14-VOILE-T3097_1.jpg";"FDD657EB53F46B780E60197CD67F3013BE731D055AB212D83C6F1EF0804670CA";"Fisier local asociat unui produs importat."
"imagine";"14-VOILE";"";"importat";"publish";"";"14-VOILE-T3097_2.jpg";"AC6D69B9BA1FDF5280935BA00145EADF72EACCCB12E41FADF8E0A7145848109F";"Fisier local asociat unui produs importat."
"imagine";"14-VOILE";"";"importat";"publish";"";"14-VOILE-T3097_3.jpg";"3FD3C3FDD9239E2E60100CC6BF8A70B76CDB4B5E277FA7BECC764937ECA50FC9";"Fisier local asociat unui produs importat."
"imagine";"14-VOILE";"";"importat";"publish";"";"14-VOILE-T3097_4.jpg";"482AF19A4659D7CCD70D5A101FB11FCB011D049CCF6588317B0B28C9123877B7";"Fisier local asociat unui produs importat."
"imagine";"14-VOILE";"";"importat";"publish";"";"14-VOILE-T3097_5.jpg";"244AED97258D31E7E17CB94162FA3D75BE421911D0217C426984FC97C9348978";"Fisier local asociat unui produs importat."
"imagine";"14-VOILE";"";"importat";"publish";"";"14-VOILE-T31.jpg";"5C727372BA469CC68465EB195486967B1F00DE2108FC904C5AB27BC7E6553F17";"Fisier local asociat unui produs importat."
"imagine";"14-VOILE";"";"importat";"publish";"";"14-VOILE-T31_1.jpg";"01713A119EEFD2525767699DEF547F3FD99E684AE43FEF30B71B43C461D53506";"Fisier local asociat unui produs importat."
"imagine";"14-VOILE";"";"importat";"publish";"";"14-VOILE-T31_2.jpg";"3C97A68F53A6C6B714B403E9DE3BABC5E1DBC6F22975055B22648C1363E7892C";"Fisier local asociat unui produs importat."
"imagine";"14-VOILE";"";"importat";"publish";"";"14-VOILE-T31_3.jpg";"58019ECD08C22D6BB81542D02175B6EA66118128C5001D23B935FF99C3670CEC";"Fisier local asociat unui produs importat."
"imagine";"14-VOILE";"";"importat";"publish";"";"14-VOILE-T31_4.jpg";"7364EA0D99AFACEC43CD8D868871E3D47625261086FDE0C4A256A9F5D2B45CEF";"Fisier local asociat unui produs importat."
"imagine";"14-VOILE";"";"importat";"publish";"";"14-VOILE-T31_6.jpg";"355A2E70944F707BA45E1ED8571F291F741574F8223D226C384AF9B9C0711C92";"Fisier local asociat unui produs importat."
"imagine";"14-VOILE";"";"importat";"publish";"";"14-VOILE-T37.jpg";"6893B913892868DA377BE069A8CFF113A92E191762C95B2F95E6F880528172DC";"Fisier local asociat unui produs importat."
"imagine";"14-VOILE";"";"importat";"publish";"";"14-VOILE-T37_1.jpg";"146D72F84AD538B47DE0F4B2D0C02AA0B68EB678848A3346C0ADE08EFB9B7719";"Fisier local asociat unui produs importat."
"imagine";"14-VOILE";"";"importat";"publish";"";"14-VOILE-T37_2.jpg";"206AF62C4A47A7306DEA5B3B02F73AD68A070860DBF5B8CF98AD67DED318C706";"Fisier local asociat unui produs importat."
"imagine";"14-VOILE";"";"importat";"publish";"";"14-VOILE-T37_3.jpg";"19660993861A5CDF5677119045F4E6FE42B52E1A97C702B73EEE531BFCA33CB4";"Fisier local asociat unui produs importat."
"imagine";"14-VOILE";"";"importat";"publish";"";"14-VOILE-T37_4.jpg";"4B097B5EE1F77931D4B082A681CF2B8251C803364A3932B2526A5EFA6D9B5DC3";"Fisier local asociat unui produs importat."
"imagine";"14-VOILE";"";"importat";"publish";"";"14-VOILE-T50.jpg";"0D93EEC5C9EC43DACACB3AF3FEBA8CDDCECE31B2AA5E5C96F263D21C68DF28B2";"Fisier local asociat unui produs importat."
"imagine";"14-VOILE";"";"importat";"publish";"";"14-VOILE-T50_1.jpg";"E8954A3A6F95EE5FC043E2D566D194C0400E89AD7CED3813079CDBA4428A0784";"Fisier local asociat unui produs importat."
"imagine";"14-VOILE";"";"importat";"publish";"";"14-VOILE-T50_2.jpg";"333E3785E9A8348CA93F6A0BBAD4C0B2FDCD6A68873069D0BEF81A77683E339E";"Fisier local asociat unui produs importat."
"imagine";"14-VOILE";"";"importat";"publish";"";"14-VOILE-T50_3.jpg";"A8CB93861AB8A075C5332429CE6233A38284DAF3E038B43827C9108BF3147655";"Fisier local asociat unui produs importat."
"imagine";"14-VOILE";"";"importat";"publish";"";"14-VOILE-T50_4.jpg";"0AAD6CCAD8B06C755FC915B1895DF4F566AA3CA801F2E197293306EEEEE92804";"Fisier local asociat unui produs importat."
"imagine";"14-VOILE";"";"negasit";"publish";"";"14-VOILE-TL203.jpg";"FE7009261E8EE2B8DA3FA2A5FE5DC1717E001BEA235B020D95DC487286D25530";"Varianta nu a fost gasita in paginile publice Mendola verificate."
"imagine";"14-VOILE";"";"negasit";"publish";"";"14-VOILE-TL203_1.jpg";"1E71A15D32FC93D7EDF06C578DDE9D350D8A97E41C64BF3E89668E26F7769A9D";"Varianta nu a fost gasita in paginile publice Mendola verificate."
"imagine";"14-VOILE";"";"negasit";"publish";"";"14-VOILE-TL203_2.jpg";"FBB19BE9F6A536007D6FD72AFC0881AF93CB0355D8D217D38831665DCBABE2A5";"Varianta nu a fost gasita in paginile publice Mendola verificate."
"imagine";"14-VOILE";"";"negasit";"publish";"";"14-VOILE-TL203_4.jpg";"4A88B428A145D2DAB98A970D9DD5AA53233755D2A0B4D18BBCCEA09ACB5A6BEB";"Varianta nu a fost gasita in paginile publice Mendola verificate."
"imagine";"14-VOILE";"";"negasit";"publish";"";"14-VOILE-TL694.jpg";"6C01B8F7D7F5CAD95639DC51DB0E1B07CD291A835D86EF1AC2EEB7AF156273FD";"Varianta nu a fost gasita in paginile publice Mendola verificate."
"imagine";"14-VOILE";"";"negasit";"publish";"";"14-VOILE-TL694_1.jpg";"6F2A2B2E077DE0AD1F3FEA6D07D9B99399EBD1F0A60EA918940824836B224262";"Varianta nu a fost gasita in paginile publice Mendola verificate."
"imagine";"14-VOILE";"";"negasit";"publish";"";"14-VOILE-TL694_2.jpg";"57FFB2F84F7A4927E4513AEFBF114FFC253934BAE2756604F03376DFAF4C51E2";"Varianta nu a fost gasita in paginile publice Mendola verificate."
"imagine";"14-VOILE";"";"negasit";"publish";"";"14-VOILE-TL694_3.jpg";"CFD0EA9B5F97A8EB08B299C5B81FEE3C1AC74808C74CE35E671494014661F16B";"Varianta nu a fost gasita in paginile publice Mendola verificate."
"imagine";"14-VOILE";"";"negasit";"publish";"";"14-VOILE-TL694_4.jpg";"D4401A8CD5A2E1B4AAF2EC073C6CE0FCBFB46131D8415F9235A0E96BC352E7E9";"Varianta nu a fost gasita in paginile publice Mendola verificate."
"imagine";"14-VOILE";"";"negasit";"publish";"";"14-VOILE-TLK11.jpg";"C7802824310C63E6D74F7E7FFB63F693EE229C3A2255952B91721E6AD318AD10";"Varianta nu a fost gasita in paginile publice Mendola verificate."
"imagine";"14-VOILE";"";"negasit";"publish";"";"14-VOILE-TLK11_1.jpg";"C97BE148DB524FFDFC3413E59499008720B3DC718026C7B48BBC1EF2AFDBC5BA";"Varianta nu a fost gasita in paginile publice Mendola verificate."
"imagine";"14-VOILE";"";"negasit";"publish";"";"14-VOILE-TLK11_2.jpg";"A5392530C7044F95B9ED0F57FD237943C05C20EAB92876F2C5EB91CF2C8C4D09";"Varianta nu a fost gasita in paginile publice Mendola verificate."
"imagine";"14-VOILE";"";"negasit";"publish";"";"14-VOILE-TLK11_3.jpg";"7B94DCE56DB4C74341B8B73357D063415DFF8E73B989194FFB9A20953A42D7C4";"Varianta nu a fost gasita in paginile publice Mendola verificate."
"imagine";"14-VOILE";"";"negasit";"publish";"";"14-VOILE-TLK11_4.jpg";"E9122A0490D192EC7F74B42E0AA223B35A6A1689E4722A3DF41DF46A82A3DC6E";"Varianta nu a fost gasita in paginile publice Mendola verificate."
"produs";"14-VOLANTIS";"";"negasit";"nu exista";"";"";"";"Imagini locale: 3. Modelul sau varianta nu a fost gasita in paginile publice Mendola verificate."
"imagine";"14-VOLANTIS";"";"negasit";"nu exista";"";"14-VOLANTIS-08_1.JPG";"D4AFA83C955DD40B0B194714CD0AA79D07CF811895E0355F4B7DA56075AEE5EC";"Varianta nu a fost gasita in paginile publice Mendola verificate."
"imagine";"14-VOLANTIS";"";"negasit";"nu exista";"";"14-VOLANTIS-08_2.JPG";"652D60E0DBF6DEB7F576822891EAD860822620FAE242CAF0F5F4813A902E8476";"Varianta nu a fost gasita in paginile publice Mendola verificate."
"imagine";"14-VOLANTIS";"";"negasit";"nu exista";"";"14-VOLANTIS-08_3.JPG";"CF00E5717D914B13F2FFF6CA68899CC998743F71881A18E6BA4DC672F827734B";"Varianta nu a fost gasita in paginile publice Mendola verificate."
"produs";"14-VORTEX";"";"negasit";"nu exista";"";"";"";"Imagini locale: 5. Modelul sau varianta nu a fost gasita in paginile publice Mendola verificate."
"imagine";"14-VORTEX";"";"negasit";"nu exista";"";"14-VORTEX-R1700.JPG";"79C47B0E0DC273F5A9FFB70C2F2C3B9D04847A86E7F245DA93B7976271F2C639";"Varianta nu a fost gasita in paginile publice Mendola verificate."
"imagine";"14-VORTEX";"";"negasit";"nu exista";"";"14-VORTEX-R1700_1.JPG";"956BC6B36B7632886ACD2FCDA89893E82D412AFEE4EDC7969DAECE4F6C97BE89";"Varianta nu a fost gasita in paginile publice Mendola verificate."
"imagine";"14-VORTEX";"";"negasit";"nu exista";"";"14-VORTEX-R1700_2.JPG";"9ED122BBA78EDC41C403BE915C3097A3DF98424B3C6CF1860B3A84F88C7073E5";"Varianta nu a fost gasita in paginile publice Mendola verificate."
"imagine";"14-VORTEX";"";"negasit";"nu exista";"";"14-VORTEX-R1700_3.JPG";"F3B85EDC91D71823E7A00E775518EE560935490AB9483DB2177F715B08E6E10B";"Varianta nu a fost gasita in paginile publice Mendola verificate."
"imagine";"14-VORTEX";"";"negasit";"nu exista";"";"14-VORTEX-R1700_4.JPG";"2EFE1FE8FEC368186250DA34E4115649A2B00FD505318EC4C17A16A3AB09D483";"Varianta nu a fost gasita in paginile publice Mendola verificate."
"produs";"14-VOYAGE";"";"negasit";"nu exista";"";"";"";"Imagini locale: 3. Modelul sau varianta nu a fost gasita in paginile publice Mendola verificate."
"imagine";"14-VOYAGE";"";"negasit";"nu exista";"";"14-VOYAGE-T08_1.JPG";"14327A0D8AC0DAA22C67DD5A591D4C47BFFD4D91E4A5EBD60FC0C2FF4601BC7D";"Varianta nu a fost gasita in paginile publice Mendola verificate."
"imagine";"14-VOYAGE";"";"negasit";"nu exista";"";"14-VOYAGE-T08_2.JPG";"FC79F06E03544CEF07EE6E05EF86CD72F28EEA6303B5BCE43F231A7E4788E8C4";"Varianta nu a fost gasita in paginile publice Mendola verificate."
"imagine";"14-VOYAGE";"";"negasit";"nu exista";"";"14-VOYAGE-T08_3.JPG";"57D1718DC728EB1DFEF20CE40AF1903F4F414BF5F24D89F74919FF3423EC01B0";"Varianta nu a fost gasita in paginile publice Mendola verificate."
"produs";"NEIDENTIFICAT";"";"negasit";"nu exista";"";"";"";"Imagini locale: 1011. Modelul sau varianta nu a fost gasita in paginile publice Mendola verificate."
"imagine";"NEIDENTIFICAT";"";"negasit";"nu exista";"";"14VOILE-T21_3.jpg";"8217D57AAEB2DE8CA1A4C2283C2BBCF3EB48684819C69C3E0765F10B39B400C9";"Fisier local fara produs importat confirmat."
"imagine";"NEIDENTIFICAT";"";"negasit";"nu exista";"";"162-ROMANTIC-01.jpg";"DEE65D47F0E2294DCDD5257DCAE4F4F460BEE07F484AA1D1BF024CEED4C768DE";"Fisier local fara produs importat confirmat."
"imagine";"NEIDENTIFICAT";"";"negasit";"nu exista";"";"162-ROMANTIC-01_1.jpg";"552B6577B9C4842C802D47F8C6C4A05E32F31EFDCB03BD7C30861DC64987FE23";"Fisier local fara produs importat confirmat."
"imagine";"NEIDENTIFICAT";"";"negasit";"nu exista";"";"162-ROMANTIC-01_2.jpg";"AAE0F6A21A90E2F6506FD1F341AC089EAC983F7F921412620191BE76B8339717";"Fisier local fara produs importat confirmat."
"imagine";"NEIDENTIFICAT";"";"negasit";"nu exista";"";"162-ROMANTIC-01_3.jpg";"2F2947F0F10A57157CC393CE2E56BCF41C36BDA37F1CD3E26E5BB7425D1042B0";"Fisier local fara produs importat confirmat."
"imagine";"NEIDENTIFICAT";"";"negasit";"nu exista";"";"162-ROMANTIC-01_4.jpg";"12F317EB66EAE801B7FA8F6E8FFD447AE9282BA7AC3EBC0C31CAA50BEB262CC9";"Fisier local fara produs importat confirmat."
"imagine";"NEIDENTIFICAT";"";"negasit";"nu exista";"";"162-ROMANTIC-01_5.jpg";"008D3B5055C5C2C0AF45D3F9FB70771B444AA9B5BED0DEEDA6958785498EDA81";"Fisier local fara produs importat confirmat."
"imagine";"NEIDENTIFICAT";"";"negasit";"nu exista";"";"175-AGATA-01160.jpg";"F11487E6FB2CDE9485163C4622A326C97E605D57814FCC46DEB1853851C2D74E";"Fisier local fara produs importat confirmat."
"imagine";"NEIDENTIFICAT";"";"negasit";"nu exista";"";"175-AGATA-01160_4.jpg";"DD46FCBF9E6F9E5E2D09A4EE8B7E379835BBABB35D0C0ECAA29ABBCC828B2C1B";"Fisier local fara produs importat confirmat."
"imagine";"NEIDENTIFICAT";"";"negasit";"nu exista";"";"175-AGATA-01160_5.jpg";"FE3C3505209C93EC9B8199114A2E1033E1F192241E248C8CC1C641F98A1F7E60";"Fisier local fara produs importat confirmat."
"imagine";"NEIDENTIFICAT";"";"negasit";"nu exista";"";"175-AGATA-01160_5_1.jpg";"ABB84559B5A031632C765A78055A3F92ABC776226983822FD683D91B19880AAA";"Fisier local fara produs importat confirmat."
"imagine";"NEIDENTIFICAT";"";"negasit";"nu exista";"";"175-AGATA-0160_1.jpg";"5112855753A27A90C603F72846C7AA43919B13B78281671BEF0E0B511359089D";"Fisier local fara produs importat confirmat."
"imagine";"NEIDENTIFICAT";"";"negasit";"nu exista";"";"175-AGRA-01.jpg";"B6A9D1DD2A12B5B49265842AC9D90166E50FEB3BE3BFA6AF166A6D12AF4337A5";"Fisier local fara produs importat confirmat."
"imagine";"NEIDENTIFICAT";"";"negasit";"nu exista";"";"175-AGRA-01_1.jpg";"10E44E3377A8FC7F78FF25F9C4A7C972996DBC9AA2DE3F60828B1604CCA8503C";"Fisier local fara produs importat confirmat."
"imagine";"NEIDENTIFICAT";"";"negasit";"nu exista";"";"175-AGRA-01_2.jpg";"61435298D2EC9E0029BB095BB31F3C9BEFC20C814E294C35046CB404D81BBE07";"Fisier local fara produs importat confirmat."
"imagine";"NEIDENTIFICAT";"";"negasit";"nu exista";"";"175-AGRA-01_3.jpg";"60411876814BCD12616A56C86814D401C38915D2329A90DBF55DD6DC47B64348";"Fisier local fara produs importat confirmat."
"imagine";"NEIDENTIFICAT";"";"negasit";"nu exista";"";"175-AGRA-01_4.jpg";"7F17821B309D3EC5B6A2FE55AFB407B78C18E7A373782820CEA9A2F15EA55597";"Fisier local fara produs importat confirmat."
"imagine";"NEIDENTIFICAT";"";"negasit";"nu exista";"";"175-ALEXA-C1.JPG";"534DECDA1BDE6735E006A52E125A90BD6EA03EFB2E3F1CAF1B86C37B919AACCD";"Fisier local fara produs importat confirmat."
"imagine";"NEIDENTIFICAT";"";"negasit";"nu exista";"";"175-ALEXA-C1_1.JPG";"93A5341B89293F2AFFC89826B08B5C2F5CBC42DE9BFCD0E0EBBDC782A1E015C4";"Fisier local fara produs importat confirmat."
"imagine";"NEIDENTIFICAT";"";"negasit";"nu exista";"";"175-ALEXA-C1_2.JPG";"C08C4F7BF1D513EB5647EA3C93B11F9AA8C6014C152F757CA89C735ED9C618F3";"Fisier local fara produs importat confirmat."
"imagine";"NEIDENTIFICAT";"";"negasit";"nu exista";"";"175-ALEXA-C1_3.JPG";"A34F156D896F15DEC78EF8A5DF06BFBC18BCAC87110824D6C2FE3116E7173104";"Fisier local fara produs importat confirmat."
"imagine";"NEIDENTIFICAT";"";"negasit";"nu exista";"";"175-ALEXA-C1_4.JPG";"38728A10E407CC02ACE8CD40BE67ADA68AD3946A0E051C5B18CE2133F24CBC99";"Fisier local fara produs importat confirmat."
"imagine";"NEIDENTIFICAT";"";"negasit";"nu exista";"";"175-AMANDA-C1.JPG";"ACAFF5FC37686433C03ABB3D3EF08FB24331DACFAD1F91A909F6FFB97B0B7675";"Fisier local fara produs importat confirmat."
"imagine";"NEIDENTIFICAT";"";"negasit";"nu exista";"";"175-AMANDA-C1_2.jpg";"652DF78EA7790D889F99B7D0799A4E25E2900F57958DDF9573655BAA15105CC7";"Fisier local fara produs importat confirmat."
"imagine";"NEIDENTIFICAT";"";"negasit";"nu exista";"";"175-AMANDA-C1_4.JPG";"3644F1649618FB3BC4998D084F7CDBF39BB909BE67A55DB7BD00052FB6923D3B";"Fisier local fara produs importat confirmat."
"imagine";"NEIDENTIFICAT";"";"negasit";"nu exista";"";"175-AMANDA-C2.jpg";"4DCB970CC03B65598566FDD93D6D5B8911EDED34770507819D6433AE464CEF64";"Fisier local fara produs importat confirmat."
"imagine";"NEIDENTIFICAT";"";"negasit";"nu exista";"";"175-AMANDA-C2_1.jpg";"1E8575CCF5536366A021E940E89279E463DC9C393F1020ADABD70009AFEF1F3F";"Fisier local fara produs importat confirmat."
"imagine";"NEIDENTIFICAT";"";"negasit";"nu exista";"";"175-AMANDA-C2_2.jpg";"57979DC042743C611ECA5612C4782CF4E1A679091660BF7C29ED931B0088FAF2";"Fisier local fara produs importat confirmat."
"imagine";"NEIDENTIFICAT";"";"negasit";"nu exista";"";"175-AMANDA-C2_3.jpg";"03D55C665B48F1261ECF194939EDDBE5C01EC64BD5C76D31B0538A496B4EE023";"Fisier local fara produs importat confirmat."
"imagine";"NEIDENTIFICAT";"";"negasit";"nu exista";"";"175-AMANDA-C2_4.jpg";"23AB00CB92329A5B0A3811CF16B4DBB486B2005986E84DA45B87755BFE8D5EE6";"Fisier local fara produs importat confirmat."
"imagine";"NEIDENTIFICAT";"";"negasit";"nu exista";"";"175-AMANDA-C3.jpg";"A102F2306D2D535186ECECE45FD0296EE7549E76F56221B8699F84DDD1F29E4D";"Fisier local fara produs importat confirmat."
"imagine";"NEIDENTIFICAT";"";"negasit";"nu exista";"";"175-AMANDA-C3_1.jpg";"361A696D1BEE0CBCBF09828BA74176F7B17086C7470E416D45A89786A684E714";"Fisier local fara produs importat confirmat."
"imagine";"NEIDENTIFICAT";"";"negasit";"nu exista";"";"175-AMANDA-C3-3.jpg";"A63F5F2A2E2B540ACA0FDD5596CFF3D7BD20F1AA37C23519D76970C2228349AA";"Fisier local fara produs importat confirmat."
"imagine";"NEIDENTIFICAT";"";"negasit";"nu exista";"";"175-ANGEL-300.jpg";"8DE9C5ADA043239E05242F178C1B4F3C83F4C64A57E5CB8F46F42134E36DFCA4";"Fisier local fara produs importat confirmat."
"imagine";"NEIDENTIFICAT";"";"negasit";"nu exista";"";"175-ANGEL-300_1.jpg";"287AEDAC8FF40B9EF493B8E435B54448DF2B00A32244457D692D80B21A08D849";"Fisier local fara produs importat confirmat."
"imagine";"NEIDENTIFICAT";"";"negasit";"nu exista";"";"175-ANGEL-300_3.jpg";"D01D9F714F4E75DBD038054B097AD565567796B46B25CBF3BB75D5E5E31724A2";"Fisier local fara produs importat confirmat."
"imagine";"NEIDENTIFICAT";"";"negasit";"nu exista";"";"175-ANGEL-300_4.jpg";"876B89DD6B08C1604A3CF4364B6A0B11689B07DFFF0C1EC32B56BF7B4D09202B";"Fisier local fara produs importat confirmat."
"imagine";"NEIDENTIFICAT";"";"negasit";"nu exista";"";"175-ATRIYUM-01.jpg";"0FBB8D76D3039EDA08DCB288F85C0F3C11D27EF97EC82993365ED403884061AD";"Fisier local fara produs importat confirmat."
"imagine";"NEIDENTIFICAT";"";"negasit";"nu exista";"";"175-ATRIYUM-01_1.jpg";"B86B1377E4821EA887A8BDE6F320A940679ECF95681B2EFC59ACB8BC4D7CD4E3";"Fisier local fara produs importat confirmat."
"imagine";"NEIDENTIFICAT";"";"negasit";"nu exista";"";"175-ATRIYUM-01_3.jpg";"54F9886D27B235B225B1441E1B1A29BE3D9414187DB532748045F072441FA17C";"Fisier local fara produs importat confirmat."
"imagine";"NEIDENTIFICAT";"";"negasit";"nu exista";"";"175-ATRIYUM-01_4.jpg";"43493A12514212168B21D074954FCE4A101AEE29A6179CA4163F4DC50006B649";"Fisier local fara produs importat confirmat."
"imagine";"NEIDENTIFICAT";"";"negasit";"nu exista";"";"175-AUDREY-C1_1.JPG";"7F3B9FD56E8AD4A6E5DB87C052FAC9DA3A4CE8E74BBCFE85E17FF2FFA32EE027";"Fisier local fara produs importat confirmat."
"imagine";"NEIDENTIFICAT";"";"negasit";"nu exista";"";"175-AUDREY-C1_2.JPG";"4763A5A69DADF5C4013AABEED9C1872CEBD3BEAC4FE646C5E4BB5B28E8E05911";"Fisier local fara produs importat confirmat."
"imagine";"NEIDENTIFICAT";"";"negasit";"nu exista";"";"175-AUDREY-C1_3 (2).JPG";"33FC71A7AD717986022F2A9EAEF0E1B249C6F0A11613B0009C9342838DFACF5C";"Fisier local fara produs importat confirmat."
"imagine";"NEIDENTIFICAT";"";"negasit";"nu exista";"";"175-AUDREY-C1_3.JPG";"D091536A511099395DC66ED8FA7F2F68816717D27D9DE579B6BF37EFB48DF37F";"Fisier local fara produs importat confirmat."
"imagine";"NEIDENTIFICAT";"";"negasit";"nu exista";"";"175-AUDREY-C1_4.JPG";"3A55AAB1566C5164B8C92823758EC33FCBD45F7D7421FE80A0B5587A6AF0C044";"Fisier local fara produs importat confirmat."
"imagine";"NEIDENTIFICAT";"";"negasit";"nu exista";"";"175-AURORA-C1.JPG";"4FFAC8AAF61620FE808446852423CE2E161310B3A3DCFCD4D0B33B2C474DC207";"Fisier local fara produs importat confirmat."
"imagine";"NEIDENTIFICAT";"";"negasit";"nu exista";"";"175-AURORA-C1_1.JPG";"2414905924DFE9FB82DD9E02B31D8B4531155F12247B6F8BD32DBD795E3C0BC0";"Fisier local fara produs importat confirmat."
"imagine";"NEIDENTIFICAT";"";"negasit";"nu exista";"";"175-AURORA-C1_3.JPG";"A73BBD4702389C5FD479CF8288F764DE7D127D8D9DA22B377B75EB767514817F";"Fisier local fara produs importat confirmat."
"imagine";"NEIDENTIFICAT";"";"negasit";"nu exista";"";"175-AURORA-C1_4.JPG";"88B9DED4AA14EEEAC87B8E60ED9A922507ECC444120C5C0EF27D9594C8FDD5EE";"Fisier local fara produs importat confirmat."
"imagine";"NEIDENTIFICAT";"";"negasit";"nu exista";"";"175-AYLIN-01.jpg";"46CCC291CEA2ED30B46A6E57F49FD5E164DC76C50874DFC674BA67FC776BD1B1";"Fisier local fara produs importat confirmat."
"imagine";"NEIDENTIFICAT";"";"negasit";"nu exista";"";"175-AYLIN-01_1.JPG";"3571497803D0D92DBE0ED822D58F7B258F3CCD44AFF3535943C7E95D576C0467";"Fisier local fara produs importat confirmat."
"imagine";"NEIDENTIFICAT";"";"negasit";"nu exista";"";"175-AYLIN-01_2.JPG";"DC764BF3BF5A5231F25D00A8C1435091D484C87645D13A7E74B555D06BB460F4";"Fisier local fara produs importat confirmat."
"imagine";"NEIDENTIFICAT";"";"negasit";"nu exista";"";"175-AYLIN-01_3.jpg";"F358B712DE25F2DECB0DF1B4011D40B5A275EFC28679F63415937F8893CC7258";"Fisier local fara produs importat confirmat."
"imagine";"NEIDENTIFICAT";"";"negasit";"nu exista";"";"175-AZALEA-C1.jpg";"62889FDDE6410837526477718A12A5A09F9EADB37803A772D0C4260358B177BD";"Fisier local fara produs importat confirmat."
"imagine";"NEIDENTIFICAT";"";"negasit";"nu exista";"";"175-AZALEA-C1_1.jpg";"C202CD5D4A593F2FCAB0FCD30815209051648109FED2B673E6B4D15E34288410";"Fisier local fara produs importat confirmat."
"imagine";"NEIDENTIFICAT";"";"negasit";"nu exista";"";"175-AZALEA-C1_2.jpg";"5AA6F39BBE85DA517DE35176DC126C7774401600A7C93F282BCEAE10352CA140";"Fisier local fara produs importat confirmat."
"imagine";"NEIDENTIFICAT";"";"negasit";"nu exista";"";"175-AZALEA-C1_3.jpg";"E740116C81FEB09CAA2A0014B785A17C6CC834FBBD53129678A19D9968033B92";"Fisier local fara produs importat confirmat."
"imagine";"NEIDENTIFICAT";"";"negasit";"nu exista";"";"175-AZALEA-C1_4.jpg";"4A539757D1DF0B8D0CDCFD1070CF47E03D16D4994A41A9566E063C1171C21B6C";"Fisier local fara produs importat confirmat."
"imagine";"NEIDENTIFICAT";"";"negasit";"nu exista";"";"175-BAILEY-01_1.JPG";"CF9EBEEA885D52F5AE3619468348165BA79D3A31065B3786A683C61065B65A79";"Fisier local fara produs importat confirmat."
"imagine";"NEIDENTIFICAT";"";"negasit";"nu exista";"";"175-BAILEY-01_2.JPG";"E4D3E252E32A89FCA63B58B8EFB089841FD6620491A8AEC5D03A84711DE56579";"Fisier local fara produs importat confirmat."
"imagine";"NEIDENTIFICAT";"";"negasit";"nu exista";"";"175-BAILEY-01_3.JPG";"50BF075B6F71FDD97AD374086F89B69654B5CEB9BCE1B2D4C9B7EC6AE3540CA5";"Fisier local fara produs importat confirmat."
"imagine";"NEIDENTIFICAT";"";"negasit";"nu exista";"";"175-BETTY-C1_1.jpg";"0145BCEFD7A90CAD16B525F89D1404932C9EA300D843FE9017B480CAA9902575";"Fisier local fara produs importat confirmat."
"imagine";"NEIDENTIFICAT";"";"negasit";"nu exista";"";"175-BETTY-C1_2.jpg";"F95270A79F5BC173E1D7EB4662DAEEE8CCDD37E796110ECD454ED0D23816A359";"Fisier local fara produs importat confirmat."
"imagine";"NEIDENTIFICAT";"";"negasit";"nu exista";"";"175-BETTY-C1_3a.jpg";"A5811DBAD341690850FCC2B77E8A0D920340F43A92F078E3BBB9423391E27970";"Fisier local fara produs importat confirmat."
"imagine";"NEIDENTIFICAT";"";"negasit";"nu exista";"";"175-BETTY-C1a.jpg";"099F609160810FDFCEDF77F1CB6CED745BCA1E9BB432E99A70AF7146B6B4E02A";"Fisier local fara produs importat confirmat."
"imagine";"NEIDENTIFICAT";"";"negasit";"nu exista";"";"175-BLANCA-C1.jpg";"A5F0DCE9F78DF48F5B908383768562CF8FBF257398B15D34F5713C442B4176CB";"Fisier local fara produs importat confirmat."
"imagine";"NEIDENTIFICAT";"";"negasit";"nu exista";"";"175-BLANCA-C1_1.jpg";"055444722E289C5CDDB315F3CFD4F78139B13B2D5C5888C0E32601485E6FC39B";"Fisier local fara produs importat confirmat."
"imagine";"NEIDENTIFICAT";"";"negasit";"nu exista";"";"175-BLANCA-C1_3.jpg";"6BB0B174F8B50603A3A6896258799C5BD32C621118BCA2C6B897623EDF9B8976";"Fisier local fara produs importat confirmat."
"imagine";"NEIDENTIFICAT";"";"negasit";"nu exista";"";"175-BLANCA-C1_4.jpg";"F7568BA15C7D63D5DAC15C7F53C637593593FFE7E6AD5B58F109CE5F1F6EE691";"Fisier local fara produs importat confirmat."
"imagine";"NEIDENTIFICAT";"";"negasit";"nu exista";"";"175-CAPRI-02.JPG";"B5A6693C5F97F1C5F5A1BAB49E0E63313404FD727E6018DF1A8EE4BDBDCAEA67";"Fisier local fara produs importat confirmat."
"imagine";"NEIDENTIFICAT";"";"negasit";"nu exista";"";"175-CAPRI-02_1.JPG";"1B5704A44389C79299E4FEA6B2B04991C0B31121BA47E84B60D872E3D2A927E4";"Fisier local fara produs importat confirmat."
"imagine";"NEIDENTIFICAT";"";"negasit";"nu exista";"";"175-CAPRI-02_2.JPG";"5EBB8C7263A6D3E2FCF00A7BABE60954A562ECC44FE19CEFFB6D203507BF28F6";"Fisier local fara produs importat confirmat."
"imagine";"NEIDENTIFICAT";"";"negasit";"nu exista";"";"175-CAPRI-02_3.JPG";"09A8ED105BDF43097CE6464F788BB3BBCF3F6D9294F9EC6EC32923C1C016C87D";"Fisier local fara produs importat confirmat."
"imagine";"NEIDENTIFICAT";"";"negasit";"nu exista";"";"175-CAPRI-02_4.JPG";"ECF37D4B4C229F7D4851F930D1411F0CB20F6EB612ABF6C3FED5BA95684B3EDD";"Fisier local fara produs importat confirmat."
"imagine";"NEIDENTIFICAT";"";"negasit";"nu exista";"";"175-CAPRI-03_2.JPG";"222D3FC1CCB4FCE25FD196C13F83B62E81C9E749AED2A19DF8BA3EC06379BBE5";"Fisier local fara produs importat confirmat."
"imagine";"NEIDENTIFICAT";"";"negasit";"nu exista";"";"175-CAPRI-03_3.jpg";"C8DA369446CD74CCF5AF0BE9597587E3323131171F46CF126B09724618B313E6";"Fisier local fara produs importat confirmat."
"imagine";"NEIDENTIFICAT";"";"negasit";"nu exista";"";"175-CAPRI-03_5.jpg";"2A03E9B44C98886D85F9382C03DD838C3904253E4B9E7652AF4EDD92DF3C93C5";"Fisier local fara produs importat confirmat."
"imagine";"NEIDENTIFICAT";"";"negasit";"nu exista";"";"175-CARMINE-C1.jpg";"74640630C103945CE5135B8D3267C07EA1DB7F62400AD010E49A03B8CED7C7BB";"Fisier local fara produs importat confirmat."
"imagine";"NEIDENTIFICAT";"";"negasit";"nu exista";"";"175-CARMINE-C1_4.jpg";"55B2F180409DD76BBED978E6DD215332EAA8E9191DFFB07E597CE0D37073A591";"Fisier local fara produs importat confirmat."
"imagine";"NEIDENTIFICAT";"";"negasit";"nu exista";"";"175-CARMINE-C1_5.jpg";"25FFD50923E3253940FBB46FEAFA32E5F5FBC235B9748650707701C54F070075";"Fisier local fara produs importat confirmat."
"imagine";"NEIDENTIFICAT";"";"negasit";"nu exista";"";"175-CARMINE-C2.jpg";"43D3691BCF3C92CA7D3834207315BFF30A946B8FA7789E412F58BEC5C91524B0";"Fisier local fara produs importat confirmat."
"imagine";"NEIDENTIFICAT";"";"negasit";"nu exista";"";"175-CARMINE-C2_1.jpg";"2065173950DA4E1E6A01FE40206C16D3EDD097439C05594E87F2C97893E5294E";"Fisier local fara produs importat confirmat."
"imagine";"NEIDENTIFICAT";"";"negasit";"nu exista";"";"175-CARMINE-C2_4.jpg";"B8295656972875428522759BB71B41428315A559CA131068A04AA24201F9202B";"Fisier local fara produs importat confirmat."
"imagine";"NEIDENTIFICAT";"";"negasit";"nu exista";"";"175-CHELSEA-C1.jpg";"9C64DA7DA81CC34666F322CA7E725E6C23AF69BF3E0EE623C1B5314AD411C7F6";"Fisier local fara produs importat confirmat."
"imagine";"NEIDENTIFICAT";"";"negasit";"nu exista";"";"175-CHELSEA-C1_10.jpg";"24E72D124139FE0D413CD5B979B9323BA2660C0CFE29B1DBCC4D524129FC5F15";"Fisier local fara produs importat confirmat."
"imagine";"NEIDENTIFICAT";"";"negasit";"nu exista";"";"175-CHELSEA-C1_5.jpg";"E56032BBF8CA2F9F31825F7711AC0127B1C1DDD568136D65FC5E065C5761ADCE";"Fisier local fara produs importat confirmat."
"imagine";"NEIDENTIFICAT";"";"negasit";"nu exista";"";"175-CHELSEA-C1_6.jpg";"9EC0CFB855097E7DC20C7A8C4DF724739810F6BB3B3CFE2EEED3430CECE647DF";"Fisier local fara produs importat confirmat."
"imagine";"NEIDENTIFICAT";"";"negasit";"nu exista";"";"175-CHELSEA-C1_8.jpg";"8DFFE5A96F9D06A9F76F52AB9965CB733E1078EAAA53D20156B676325EDBB68B";"Fisier local fara produs importat confirmat."
"imagine";"NEIDENTIFICAT";"";"negasit";"nu exista";"";"175-CHELSEA-C1_9.jpg";"5CFD21FA8F8022E6E775D1187683E9D4C7DD07039CDEA8E53588D75EC31CAACF";"Fisier local fara produs importat confirmat."
"imagine";"NEIDENTIFICAT";"";"negasit";"nu exista";"";"175-COMO-C1.jpg";"A47F5D720735A07F75786552BBACF17E12F87DCB9C00B426FC25BBBBFD7A16D4";"Fisier local fara produs importat confirmat."
"imagine";"NEIDENTIFICAT";"";"negasit";"nu exista";"";"175-COMO-C1_5.jpg";"2B2D3ECB8751A19E6CF29B109183DF3D4AE88E6BAF3782DCAF2F53BFCC6DBF02";"Fisier local fara produs importat confirmat."
"imagine";"NEIDENTIFICAT";"";"negasit";"nu exista";"";"175-COMO-C1_6.jpg";"2DB2222497F4984F9CAB6FDC66E8557AA8C2A02A5CA80CD9DE9A08A4B12FD961";"Fisier local fara produs importat confirmat."
"imagine";"NEIDENTIFICAT";"";"negasit";"nu exista";"";"175-COMO-C1_8.jpg";"CE41A2A8EA1CCF2009ADC83444E6E16C13827976F13D11A3FC8E3423B94597DB";"Fisier local fara produs importat confirmat."
"imagine";"NEIDENTIFICAT";"";"negasit";"nu exista";"";"175-CORSA-C3_2 (2).jpg";"BE73861B04F2478A1956BA5205039D9ACB036EC7356DC21728D4EA511505246A";"Fisier local fara produs importat confirmat."
"imagine";"NEIDENTIFICAT";"";"negasit";"nu exista";"";"175-DCITY-C2.jpg";"4C1D33D7B82337F12E5C58B2B5C106CF9BDD6CB30D79E3D1DFD6F71F389E2016";"Fisier local fara produs importat confirmat."
"imagine";"NEIDENTIFICAT";"";"negasit";"nu exista";"";"175-DCITY-C2_1.JPG";"8FB134D79F3DA26261F6B094D1A376AB5511DA2A1F4AF9CA05351B85ED252FE5";"Fisier local fara produs importat confirmat."
"imagine";"NEIDENTIFICAT";"";"negasit";"nu exista";"";"175-DCITY-C2_2.JPG";"35937A8AD08E0C7CF856951E2592D47478F71D4ED05B7902499F857A18C3F513";"Fisier local fara produs importat confirmat."
"imagine";"NEIDENTIFICAT";"";"negasit";"nu exista";"";"175-DCITY-C2_3.jpg";"F2F331618EF9F2BEE196D287365EF2ADF37823280981FACED12884D865FBA78B";"Fisier local fara produs importat confirmat."
"imagine";"NEIDENTIFICAT";"";"negasit";"nu exista";"";"175-DTOUR-01.jpg";"13B1874F92E209BD4670EF66D41CCE17C68C036D3B00319C86DD3565275A48B8";"Fisier local fara produs importat confirmat."
"imagine";"NEIDENTIFICAT";"";"negasit";"nu exista";"";"175-DTOUR-01_4.jpg";"E6C500C9ED2BF7EA0689FBF5E014F041789034BC0BD3527F833E557CC105CB3E";"Fisier local fara produs importat confirmat."
"imagine";"NEIDENTIFICAT";"";"negasit";"nu exista";"";"175-DUMBO-C1.JPG";"32D152A2EEC2EEEC3615222FFFE76B3BBC3555835A2A2E7017C23EFD0700FAA2";"Fisier local fara produs importat confirmat."
"imagine";"NEIDENTIFICAT";"";"negasit";"nu exista";"";"175-DUMBO-C1_1.JPG";"942F3B323DA1112FED7F4327FAC862212F505D3569DA4C21834DED7D10B98E6F";"Fisier local fara produs importat confirmat."
"imagine";"NEIDENTIFICAT";"";"negasit";"nu exista";"";"175-DUMBO-C1_2.JPG";"9200551A64F9E05CF8990D2FA3B4B2157AC41665630BF095BAA70D7B0E84E903";"Fisier local fara produs importat confirmat."
"imagine";"NEIDENTIFICAT";"";"negasit";"nu exista";"";"175-DUMBO-C1_3.JPG";"D29DC2FC7A765B9D29E95C5B7B47F608AD3D9AF308CC60530382C4509B8D6935";"Fisier local fara produs importat confirmat."
"imagine";"NEIDENTIFICAT";"";"negasit";"nu exista";"";"175-DUMBO-C1_4.JPG";"9AACDBD517305DE7E50804695294D68B7BB45548DD9F9D031FBD3E5D2FD56597";"Fisier local fara produs importat confirmat."
"imagine";"NEIDENTIFICAT";"";"negasit";"nu exista";"";"175-EDERA-C1.jpg";"C535FBE545D2E6F4C7A1D76D5964CA62A2E85CF1230CB38ED8FAE7A54128C82B";"Fisier local fara produs importat confirmat."
"imagine";"NEIDENTIFICAT";"";"negasit";"nu exista";"";"175-EDERA-C1_1.jpg";"78A04AC0290F2898773F066166990EBE680B9FF70BCCD76200ADB796AFA748EF";"Fisier local fara produs importat confirmat."
"imagine";"NEIDENTIFICAT";"";"negasit";"nu exista";"";"175-EDERA-C1_2.jpg";"75D895EF19085CB59423AEC3DD4058C55E11C3516D3C78E77AE3CFEE63D5A69E";"Fisier local fara produs importat confirmat."
"imagine";"NEIDENTIFICAT";"";"negasit";"nu exista";"";"175-EDERA-C1_3.jpg";"8CE18DD6ED083FFFD9B5586D8CCD9A6EA204288E06FA84DD5493F490F040EA6B";"Fisier local fara produs importat confirmat."
"imagine";"NEIDENTIFICAT";"";"negasit";"nu exista";"";"175-EDERA-C1_4.jpg";"A1C553455E7C18EAD1861E199CD430F27F7CA9ACE0560F72C0BFEDF79F933807";"Fisier local fara produs importat confirmat."
"imagine";"NEIDENTIFICAT";"";"negasit";"nu exista";"";"175-EDITH-C1.JPG";"77F9DB7433FEA7B851FE68A62BF99A468654B88819F151BC5BC6D3D1790C5E05";"Fisier local fara produs importat confirmat."
"imagine";"NEIDENTIFICAT";"";"negasit";"nu exista";"";"175-EDITH-C1_4.JPG";"F13DC80B2B04E7F68313DB27E443A0A930B383C0158E9AB504756AFE70A690B6";"Fisier local fara produs importat confirmat."
"imagine";"NEIDENTIFICAT";"";"negasit";"nu exista";"";"175-GRANADA-C1.jpg";"7123A01FA10071ECAC2B9B4DBB1C220BE0FB6EA67C05F2C3CB583F9D9C839AD2";"Fisier local fara produs importat confirmat."
"imagine";"NEIDENTIFICAT";"";"negasit";"nu exista";"";"175-GRANADA-C1_2.jpg";"738447F66B9CDA9B2016236651D0A85DEC6207D5DAFAF572486E4C0AE0FC473F";"Fisier local fara produs importat confirmat."
"imagine";"NEIDENTIFICAT";"";"negasit";"nu exista";"";"175-GRANADA-C1_3.jpg";"3EA73525EB738BDB687A54665AF7D3C86CB1D1B07D906EF880CC835480747E88";"Fisier local fara produs importat confirmat."
"imagine";"NEIDENTIFICAT";"";"negasit";"nu exista";"";"175-GRANADA-C1_4.jpg";"0BE0BF8A1E191DB7392CE346FB2B0DF8118CB910A8CAFBF8201E44E25234377C";"Fisier local fara produs importat confirmat."
"imagine";"NEIDENTIFICAT";"";"negasit";"nu exista";"";"175-GRANADA-C2.jpg";"12CFC19596FBF7ACF34319812D235178B451506EC88A18389D1E4BB4EFCF4757";"Fisier local fara produs importat confirmat."
"imagine";"NEIDENTIFICAT";"";"negasit";"nu exista";"";"175-GRANADA-C2_1.jpg";"E85CCCA162E0730678DEC12BADC03A9055B9FB165DA2CC3A9EB1B0B755588692";"Fisier local fara produs importat confirmat."
"imagine";"NEIDENTIFICAT";"";"negasit";"nu exista";"";"175-GRANADA-C2_2.jpg";"247609E4340E4E26987C1B4CF7CF07F8FFC963D4B1BC7C51E41C505C0BDE8707";"Fisier local fara produs importat confirmat."
"imagine";"NEIDENTIFICAT";"";"negasit";"nu exista";"";"175-GRANADA-C2_3.jpg";"4520798B6E437DE53DEB41C0BEDBE4C7427697406DE09EC01420BE8A167F327F";"Fisier local fara produs importat confirmat."
"imagine";"NEIDENTIFICAT";"";"negasit";"nu exista";"";"175-GRANADA-C2_4.jpg";"4948300241D7AAF19E79F8396DA2151AD452DE69C905FE58406C805B44D34D49";"Fisier local fara produs importat confirmat."
"imagine";"NEIDENTIFICAT";"";"negasit";"nu exista";"";"175-HAZEL-01.jpg";"8A16FC4D506496F8B7BEC1293C015771644DFB56D0EB6AAF6EACAE674C7D0485";"Fisier local fara produs importat confirmat."
"imagine";"NEIDENTIFICAT";"";"negasit";"nu exista";"";"175-HAZEL-01_1.jpg";"9878851CBD6C2D483FBB66D63303364259B41433ECC59378980FEC7B3BCB1993";"Fisier local fara produs importat confirmat."
"imagine";"NEIDENTIFICAT";"";"negasit";"nu exista";"";"175-HAZEL-01_2.jpg";"6300CD59502242DF1C079402AB36DEF8F7598950B2D84A41484B7A5A74643003";"Fisier local fara produs importat confirmat."
"imagine";"NEIDENTIFICAT";"";"negasit";"nu exista";"";"175-HAZEL-01_3.jpg";"108C9368A55D8B4F78456765B1C95EACD7F3BCF2871233F936D01338F09331B7";"Fisier local fara produs importat confirmat."
"imagine";"NEIDENTIFICAT";"";"negasit";"nu exista";"";"175-HAZEL-01_4.jpg";"C41C1E9FCC0D315C7BB0B4B7388CBEA99CFBC86A123F61FFFC08EF9D11600C93";"Fisier local fara produs importat confirmat."
"imagine";"NEIDENTIFICAT";"";"negasit";"nu exista";"";"175-HELENE-C2.JPG";"9A14058B46EC543B90C1A68666040C3A2278466B4A10C951C0A010A65DDEDE05";"Fisier local fara produs importat confirmat."
"imagine";"NEIDENTIFICAT";"";"negasit";"nu exista";"";"175-HELENE-C2_1.JPG";"E214CAD5822DDE24710A610F88E061D95755B87681882EC94BDD2EFA8AE274F0";"Fisier local fara produs importat confirmat."
"imagine";"NEIDENTIFICAT";"";"negasit";"nu exista";"";"175-HELENE-C2_3.JPG";"BF8CA34B26231F83C0C0BA416E4D1ECF1145615D09E5688CE8E8929E94A72EFD";"Fisier local fara produs importat confirmat."
"imagine";"NEIDENTIFICAT";"";"negasit";"nu exista";"";"175-HELENE-C2_4.JPG";"209EA27D33859344B769A6C26F3943B50AB721F631A2C714293E0E3DBE35D25B";"Fisier local fara produs importat confirmat."
"imagine";"NEIDENTIFICAT";"";"negasit";"nu exista";"";"175-INDIRA-C1 (2).jpg";"87732A07A0FFFDBBCE62A9DF7A690084156FFCF80B5B02979C3E5DD00735FD18";"Fisier local fara produs importat confirmat."
"imagine";"NEIDENTIFICAT";"";"negasit";"nu exista";"";"175-INDIRA-C1_4 (2).JPG";"B9C65C1FAA5CABF99CC06DB499B9864D7F315CD1CC84018870EA008A9C42FD91";"Fisier local fara produs importat confirmat."
"imagine";"NEIDENTIFICAT";"";"negasit";"nu exista";"";"175-JENNY-01.jpg";"93D9243FB2BFCD6886C8DAC41B33394FECDDE5197115330EF0D555988F906D86";"Fisier local fara produs importat confirmat."
"imagine";"NEIDENTIFICAT";"";"negasit";"nu exista";"";"175-JENNY-01_1.jpg";"485F9447D20679C4807E9FA09602E8166272C53B7BA5498064A5034B6D2C2FCD";"Fisier local fara produs importat confirmat."
"imagine";"NEIDENTIFICAT";"";"negasit";"nu exista";"";"175-JENNY-01_2.jpg";"4AEBE78A4F3590409F992553B534B033289E813D1A7C3B785E47BEB554C433B7";"Fisier local fara produs importat confirmat."
"imagine";"NEIDENTIFICAT";"";"negasit";"nu exista";"";"175-JENNY-01_3.jpg";"28A2662CB50802025255878C7E73DE91B3C89D28D5C10EAEB1C832CEFAF10836";"Fisier local fara produs importat confirmat."
"imagine";"NEIDENTIFICAT";"";"negasit";"nu exista";"";"175-JENNY-02.jpg";"627531B3E0BE3480F3F342451F3D1DAB1BC5278615268D5816B3BF5A3D253339";"Fisier local fara produs importat confirmat."
"imagine";"NEIDENTIFICAT";"";"negasit";"nu exista";"";"175-JENNY-02_1.jpg";"5189AD5F61B5713EF3251A4AC8AD473F58ABB12A274DEF7EFA8940C1243F9CD5";"Fisier local fara produs importat confirmat."
"imagine";"NEIDENTIFICAT";"";"negasit";"nu exista";"";"175-JENNY-02_2.jpg";"F6FCC685ABD0706BE7231BB09B6CDA95860D9A3B665CA36B165389424A0F339A";"Fisier local fara produs importat confirmat."
"imagine";"NEIDENTIFICAT";"";"negasit";"nu exista";"";"175-JENNY-02_3.jpg";"BC3B693045D1FF3679796F1954E6F0BEFDB91D642D43CE3284931214EE6FAC9C";"Fisier local fara produs importat confirmat."
"imagine";"NEIDENTIFICAT";"";"negasit";"nu exista";"";"175-JENNY-02_4.jpg";"84FAF99AE7544D8D8896E0A01B9A6E232CACB80FDFDB849E5849E94F1DB5EA12";"Fisier local fara produs importat confirmat."
"imagine";"NEIDENTIFICAT";"";"negasit";"nu exista";"";"175-KEIRA-C1.jpg";"181C95E06097A8FFF8BBA3EFF5C3DB429840AA78C2AF8F43E0F276EDB48EF7D1";"Fisier local fara produs importat confirmat."
"imagine";"NEIDENTIFICAT";"";"negasit";"nu exista";"";"175-KEIRA-C1_5.jpg";"5486DDA911C6D283E94DF3342619AF9C7B3D9627E1A18D908D0E5FC7DF35B1FD";"Fisier local fara produs importat confirmat."
"imagine";"NEIDENTIFICAT";"";"negasit";"nu exista";"";"175-KEIRA-C1_6.jpg";"36FD2667DB35D0DAED4DFCF23C59E59A82C7F62A5CDA378CE744D5F9CF279405";"Fisier local fara produs importat confirmat."
"imagine";"NEIDENTIFICAT";"";"negasit";"nu exista";"";"175-KEIRA-C1_8.jpg";"220E51523D72B9691BE0869D3E90112DEC87ADA88014B22AD2FCBC143FF9AD16";"Fisier local fara produs importat confirmat."
"imagine";"NEIDENTIFICAT";"";"negasit";"nu exista";"";"175-LISANDRA-C1.JPG";"07C26A149CAA8E952F2BE40FC956BC5E78CB119A98B1C0A36B5BA348A180750D";"Fisier local fara produs importat confirmat."
"imagine";"NEIDENTIFICAT";"";"negasit";"nu exista";"";"175-LISANDRA-C1_1.jpg";"ED6B4A99AF8F2E9E19BE94F3D0CA849195B399E33DC4130F7F7A4A8DCD04260F";"Fisier local fara produs importat confirmat."
"imagine";"NEIDENTIFICAT";"";"negasit";"nu exista";"";"175-LISANDRA-C1_2-alb-2000.jpg";"A28AC545A30CD2AE29489497FE4FB3D426BFAF811F07BD75E112B23C51BF9FB5";"Fisier local fara produs importat confirmat."
"imagine";"NEIDENTIFICAT";"";"negasit";"nu exista";"";"175-LISANDRA-C1_3.jpg";"D755076160C4DC79E6E5C3B63EF7BFEE070A8CCFBFF32FF5FC67C5204F46BAB9";"Fisier local fara produs importat confirmat."
"imagine";"NEIDENTIFICAT";"";"negasit";"nu exista";"";"175-LISANDRA-C1_4.JPG";"51A36E7ABB3FCD79946D26383C547221FF5A10976A35FA94D2BBAE2ABFE61CD7";"Fisier local fara produs importat confirmat."
"imagine";"NEIDENTIFICAT";"";"negasit";"nu exista";"";"175-LORELLE-C1.jpg";"55C949794B1A1BE1F50C111644965BA0CE614EAD811C99ED7E00047388EBAC63";"Fisier local fara produs importat confirmat."
"imagine";"NEIDENTIFICAT";"";"negasit";"nu exista";"";"175-LORELLE-C1_1.JPG";"E7BCA8E9D239BD474849BED4C2171A556129C196A13749F80AE69432121BEFBA";"Fisier local fara produs importat confirmat."
"imagine";"NEIDENTIFICAT";"";"negasit";"nu exista";"";"175-LORELLE-C1_3 (2).JPG";"95A874D4475B9F2E5E9451B14B3982B98452B37B4C45748F8DADEE3B7DCAA915";"Fisier local fara produs importat confirmat."
"imagine";"NEIDENTIFICAT";"";"negasit";"nu exista";"";"175-LORELLE-C1_3.JPG";"24D4E50980DB4246E3DAF9320F496CC496D2EAC2EF8E7AAC2A5CB088BCD05835";"Fisier local fara produs importat confirmat."
"imagine";"NEIDENTIFICAT";"";"negasit";"nu exista";"";"175-LORELLE-C1_alb.JPG";"D150A5976D59F6B252EF82EC6A6A4FCF81B2F04AE800AB6F6D1DF234A896EE13";"Fisier local fara produs importat confirmat."
"imagine";"NEIDENTIFICAT";"";"negasit";"nu exista";"";"175-LORRIE-C2.jpg";"0BD79A9E569C72680533C34862F15DD9F357AE417FFB26D0B7F41CF2976C3F46";"Fisier local fara produs importat confirmat."
"imagine";"NEIDENTIFICAT";"";"negasit";"nu exista";"";"175-LORRIE-C2_1.jpg";"C9A6E29FEA869577EA30723333220C9497F87205B350E887DB63EAB026B071ED";"Fisier local fara produs importat confirmat."
"imagine";"NEIDENTIFICAT";"";"negasit";"nu exista";"";"175-LORRIE-C2_2.jpg";"3221DC8046749525F87723D15514EBA4E47C175AD6FFFE7212A286BB95437598";"Fisier local fara produs importat confirmat."
"imagine";"NEIDENTIFICAT";"";"negasit";"nu exista";"";"175-LORRIE-C2_3.jpg";"8BCEE857381464C313620E6F4F20A5D7D4F83E4CEC0FC4E5BC966B0D3A25A374";"Fisier local fara produs importat confirmat."
"imagine";"NEIDENTIFICAT";"";"negasit";"nu exista";"";"175-LORRIE-C2_4.jpg";"EE84B750022DF960CFE1920F3AC5544D18B69224683A019B64177CE1B7A18502";"Fisier local fara produs importat confirmat."
"imagine";"NEIDENTIFICAT";"";"negasit";"nu exista";"";"175-MAHONIA-C1.jpg";"4A701516B9B8A474156FAAB4CA96D529AC32E0C0EDA12C159C5B8B7E845736F4";"Fisier local fara produs importat confirmat."
"imagine";"NEIDENTIFICAT";"";"negasit";"nu exista";"";"175-MAHONIA-C1_1.jpg";"06A80A64843F53A6421853DE25F8E04E991A7CCE820A5784CC61FAA748DD33DE";"Fisier local fara produs importat confirmat."
"imagine";"NEIDENTIFICAT";"";"negasit";"nu exista";"";"175-MAHONIA-C1_2.jpg";"AD056AEF83DF64C1B4B85BEE72AA10AA194A192ED2E363A5E8B341A48C1221FF";"Fisier local fara produs importat confirmat."
"imagine";"NEIDENTIFICAT";"";"negasit";"nu exista";"";"175-MAHONIA-C1_4.jpg";"6430465503899B530C36AC7C9C902F78039DD6EC8E2A453AFAC1E164B4C2050D";"Fisier local fara produs importat confirmat."
"imagine";"NEIDENTIFICAT";"";"negasit";"nu exista";"";"175-MARDI-01 (1).jpg";"CB8A4D5E3120DF1B805401083416DFE27469FF591498448365F3F8F86CECF10C";"Fisier local fara produs importat confirmat."
"imagine";"NEIDENTIFICAT";"";"negasit";"nu exista";"";"175-MARDI-01.jpg";"CB8A4D5E3120DF1B805401083416DFE27469FF591498448365F3F8F86CECF10C";"Fisier local fara produs importat confirmat."
"imagine";"NEIDENTIFICAT";"";"negasit";"nu exista";"";"175-MARDI-01_1 (1).jpg";"165F63E21F001E33C0001BE2129FE15E0965A58B4015178840FC6B229FB3E0B7";"Fisier local fara produs importat confirmat."
"imagine";"NEIDENTIFICAT";"";"negasit";"nu exista";"";"175-MARDI-01_1.jpg";"165F63E21F001E33C0001BE2129FE15E0965A58B4015178840FC6B229FB3E0B7";"Fisier local fara produs importat confirmat."
"imagine";"NEIDENTIFICAT";"";"negasit";"nu exista";"";"175-MARDI-01_2 (1).jpg";"F3285B2195C18F00879132003FAAE12DEEC39E46F404820D4FC2E7D7BD5C061F";"Fisier local fara produs importat confirmat."
"imagine";"NEIDENTIFICAT";"";"negasit";"nu exista";"";"175-MARDI-01_2.jpg";"F3285B2195C18F00879132003FAAE12DEEC39E46F404820D4FC2E7D7BD5C061F";"Fisier local fara produs importat confirmat."
"imagine";"NEIDENTIFICAT";"";"negasit";"nu exista";"";"175-MARDI-01_3 (1).jpg";"0A39FC6D5BEF2DA658D1D8EE5682658E4735663DB3589DD15250EA40F2055B68";"Fisier local fara produs importat confirmat."
"imagine";"NEIDENTIFICAT";"";"negasit";"nu exista";"";"175-MARDI-01_3.jpg";"0A39FC6D5BEF2DA658D1D8EE5682658E4735663DB3589DD15250EA40F2055B68";"Fisier local fara produs importat confirmat."
"imagine";"NEIDENTIFICAT";"";"negasit";"nu exista";"";"175-MARDI-01_4 (1).jpg";"E0985D5704E0DB08D50193C642AB82ADF04BB4EEAF1A4CD9FB3DE1DE6832E9C6";"Fisier local fara produs importat confirmat."
"imagine";"NEIDENTIFICAT";"";"negasit";"nu exista";"";"175-MODESTO-C1.jpg";"AC4C9501A08A39033B8F59EB416C833FDE87EAB81D8FD5FCE7EE29039472D96F";"Fisier local fara produs importat confirmat."
"imagine";"NEIDENTIFICAT";"";"negasit";"nu exista";"";"175-MODESTO-C1_1.JPG";"71178838FB7335C69A035BD443BD1025678003E421F4C6C676F76838FDAAE256";"Fisier local fara produs importat confirmat."
"imagine";"NEIDENTIFICAT";"";"negasit";"nu exista";"";"175-MODESTO-C1_2.JPG";"E40767B4798DC2F3CFC0C78F1885D19C4A068018D938D6641DF5339B8F4943DD";"Fisier local fara produs importat confirmat."
"imagine";"NEIDENTIFICAT";"";"negasit";"nu exista";"";"175-MODESTO-C1_3.JPG";"F592ABB32F1ACA938AFF0899349241FDDAD1E7E6F08AEFE893E7F48892E019C8";"Fisier local fara produs importat confirmat."
"imagine";"NEIDENTIFICAT";"";"negasit";"nu exista";"";"175-MOTIVE-C1.jpg";"7621D2B68148347FBCF33E7A8467F4273A04C0DD5D77C9876A41CC7AF76B54BD";"Fisier local fara produs importat confirmat."
"imagine";"NEIDENTIFICAT";"";"negasit";"nu exista";"";"175-MOTIVE-C1_1.jpg";"E94F3321EB16C69F4BD1EB9B4450F9469BFE6B99E3BD56400B4AF197305B90DF";"Fisier local fara produs importat confirmat."
"imagine";"NEIDENTIFICAT";"";"negasit";"nu exista";"";"175-MOTIVE-C1_3.jpg";"FA540CA5105FAC0DDB694F88078CF229785F4820639D37C8304E57171FB8CFD9";"Fisier local fara produs importat confirmat."
"imagine";"NEIDENTIFICAT";"";"negasit";"nu exista";"";"175-MOTIVE-C1_4.jpg";"73722B3250B6A55219945A19872559E41865ADF834B13EBEF36F709AF3DBBD6F";"Fisier local fara produs importat confirmat."
"imagine";"NEIDENTIFICAT";"";"negasit";"nu exista";"";"175-NASTIA-01.jpg";"E71E023FE63C8186403BC10F84C5D8EEE22CA21145890A2201F1B268E366B0D2";"Fisier local fara produs importat confirmat."
"imagine";"NEIDENTIFICAT";"";"negasit";"nu exista";"";"175-NASTIA-01_1.jpg";"06E99F55171D5365AD40F54FACED0664A64AD39871EBDB804D5ED81E01D59D46";"Fisier local fara produs importat confirmat."
"imagine";"NEIDENTIFICAT";"";"negasit";"nu exista";"";"175-NASTIA-01_2.jpg";"C5C941BB45C26A86288D299C190181AECE0D11C1CA23539D45FCCAE045494018";"Fisier local fara produs importat confirmat."
"imagine";"NEIDENTIFICAT";"";"negasit";"nu exista";"";"175-NASTIA-01_4.jpg";"06617594C125E4656F43D035DFC3F01359C7BB0555E46BDCE7A9882037778EEE";"Fisier local fara produs importat confirmat."
"imagine";"NEIDENTIFICAT";"";"negasit";"nu exista";"";"175-NATUR-T02.jpg";"1D98158956AB608C47AD1B34378172751F80B2A93CCA02D56CE797EAC289FEB8";"Fisier local fara produs importat confirmat."
"imagine";"NEIDENTIFICAT";"";"negasit";"nu exista";"";"175-NATUR-T02_1.jpg";"729866C8ED19862FEC0B48086F15D50688ACB849561EE668CC4C52E86F1A5C66";"Fisier local fara produs importat confirmat."
"imagine";"NEIDENTIFICAT";"";"negasit";"nu exista";"";"175-NATUR-T02_2.jpg";"A92A97BF5079B0D321DD2BB2C1C115CFE54FB9AADA2E8B95A124D502C3F2BEC2";"Fisier local fara produs importat confirmat."
"imagine";"NEIDENTIFICAT";"";"negasit";"nu exista";"";"175-NATUR-T02_3.jpg";"3DBA9768DA401112044F6C3A0F1177089642D066C4E3810E59093A153BB1BAE1";"Fisier local fara produs importat confirmat."
"imagine";"NEIDENTIFICAT";"";"negasit";"nu exista";"";"175-NATUR-T02_4.jpg";"9BE60125178ECD39E68E8AF4456BC07D032964552BD2E745E2C0537B7B42B987";"Fisier local fara produs importat confirmat."
"imagine";"NEIDENTIFICAT";"";"negasit";"nu exista";"";"175-NICOLE-C1.jpg";"DCCE4BA91C8977FF4B5F28DABC56DC0D991B091531C6A3335B3512AC860F14B6";"Fisier local fara produs importat confirmat."
"imagine";"NEIDENTIFICAT";"";"negasit";"nu exista";"";"175-NICOLE-C1_1.jpg";"A075DF451FC3F5C45A3A2F4BD1B465959ABAF2CAD483B848AF261CF9714B45CD";"Fisier local fara produs importat confirmat."
"imagine";"NEIDENTIFICAT";"";"negasit";"nu exista";"";"175-NICOLE-C1_4.jpg";"8E28D39312C3DBF20365723DB9A478F2AEB7552EE33449EE89850AD57E5B369F";"Fisier local fara produs importat confirmat."
"imagine";"NEIDENTIFICAT";"";"negasit";"nu exista";"";"175-NOLA-C1.jpg";"8A4A52EA6681FADCE838C505523292DCD05D840D1D8B9B1158AB40442D3B1E32";"Fisier local fara produs importat confirmat."
"imagine";"NEIDENTIFICAT";"";"negasit";"nu exista";"";"175-NOLA-C1_3.jpg";"FF0DF544C9D40B48B003E95FFED2CF2ADB34A54353DDB18A17067D8D22ACF981";"Fisier local fara produs importat confirmat."
"imagine";"NEIDENTIFICAT";"";"negasit";"nu exista";"";"175-NOLA-C1_3a.jpg";"C0B14AB086757499F672A6C19525418BB08536B6E7E7E5D591FB408B3BB078D4";"Fisier local fara produs importat confirmat."
"imagine";"NEIDENTIFICAT";"";"negasit";"nu exista";"";"175-PEARL-01.jpg";"798A1B3FFFB37A35959BE1240A2E78E023D5BD9BFC260F62FDDB2598109444EB";"Fisier local fara produs importat confirmat."
"imagine";"NEIDENTIFICAT";"";"negasit";"nu exista";"";"175-PEARL-01_10.jpg";"8F0F182B2F3E2DCA058CF3ECFB74D26B555A5993CE6EB2EA008B47B47D8D74C8";"Fisier local fara produs importat confirmat."
"imagine";"NEIDENTIFICAT";"";"negasit";"nu exista";"";"175-PEARL-01_5.jpg";"85FD9D8CEF5C5E3C1B7D216252380686ED862D1104637B3211A207DA82818884";"Fisier local fara produs importat confirmat."
"imagine";"NEIDENTIFICAT";"";"negasit";"nu exista";"";"175-PEARL-01_6.jpg";"BE654579F82E605746284B3A566DBEC23B9FE6A68FAD2F86F096FA2D25235387";"Fisier local fara produs importat confirmat."
"imagine";"NEIDENTIFICAT";"";"negasit";"nu exista";"";"175-PEARL-01_8.jpg";"253C677B1CE476A16FEC343E2FBAFADA57FA19691F0653E2E160C345B97F59FC";"Fisier local fara produs importat confirmat."
"imagine";"NEIDENTIFICAT";"";"negasit";"nu exista";"";"175-PEARL-01_9.jpg";"8428328637D8621357423C7CE2A62093921A26A60CD27235610C6EB5BFC5AEEC";"Fisier local fara produs importat confirmat."
"imagine";"NEIDENTIFICAT";"";"negasit";"nu exista";"";"175-POWL-C1.JPG";"88DB70722453D2ADCC328F17B41DB1D2C38EA3C08C13A9D7D53EC8F955F22578";"Fisier local fara produs importat confirmat."
"imagine";"NEIDENTIFICAT";"";"negasit";"nu exista";"";"175-POWL-C1_1.JPG";"09AD73B9D486D820F01B097F5EFF269612BCC881EBE42A441626C3D1F61C5623";"Fisier local fara produs importat confirmat."
"imagine";"NEIDENTIFICAT";"";"negasit";"nu exista";"";"175-POWL-C1_2.JPG";"53B872A207F2EA62548DA3921D78317A44388E25422CEC3A552F8E3A39AB649F";"Fisier local fara produs importat confirmat."
"imagine";"NEIDENTIFICAT";"";"negasit";"nu exista";"";"175-POWL-C1_3.JPG";"5185C6C39F6CB2DA43B03E089A2855AEA9CCB5202E6DECF35F3C850317B3FE9E";"Fisier local fara produs importat confirmat."
"imagine";"NEIDENTIFICAT";"";"negasit";"nu exista";"";"175-POWL-C1_4.JPG";"69AD20F18849F1CD96CA5C88531AF03CE25CB66E00F33391FCE4837800D3A4E7";"Fisier local fara produs importat confirmat."
"imagine";"NEIDENTIFICAT";"";"negasit";"nu exista";"";"175-SECRET-C1_1.JPG";"3627E1EA7240A74576C48AFB8E6BB13840BF12120EBBDC32C1D96ECA7CDDDA0A";"Fisier local fara produs importat confirmat."
"imagine";"NEIDENTIFICAT";"";"negasit";"nu exista";"";"175-SECRET-C1_2.jpg";"52A7EAD0CE532EC8CA862F7739AC1E208301AD2AC0A0BB8CD7F8B77AB5E6DC1C";"Fisier local fara produs importat confirmat."
"imagine";"NEIDENTIFICAT";"";"negasit";"nu exista";"";"175-SECRET-C1_3.JPG";"26F1631684A1D9B107FA2C0CB7D771E21E4F3E1FDC78922FBF8841C04B97DF70";"Fisier local fara produs importat confirmat."
"imagine";"NEIDENTIFICAT";"";"negasit";"nu exista";"";"175-SECRET-C1_4.JPG";"EA2C9BC92D2D36933395FC484D2D420E5F61F8DC228F8ABD8551BFF2A2BD9504";"Fisier local fara produs importat confirmat."
"imagine";"NEIDENTIFICAT";"";"negasit";"nu exista";"";"175-SILAN-C1.jpg";"5D75D6217B6A08DB3B934776F1EA47276B29844E617F91A70D560DEF491A38EF";"Fisier local fara produs importat confirmat."
"imagine";"NEIDENTIFICAT";"";"negasit";"nu exista";"";"175-SILAN-C1_1.jpg";"1FC812A039A0E03A749F2D9EBDFAFF026C41E4BBB6D70A9EC96D2587BF82B17B";"Fisier local fara produs importat confirmat."
"imagine";"NEIDENTIFICAT";"";"negasit";"nu exista";"";"175-SILAN-C1_3.jpg";"F2978666AC3281144865706A01B78C6EEFDE10C912FC003A5B992E41362F9B25";"Fisier local fara produs importat confirmat."
"imagine";"NEIDENTIFICAT";"";"negasit";"nu exista";"";"175-SILAN-C1_4.jpg";"B49C2BC52CD9DB5BE5FA75DBA4E3D273AFE4CB92EB8C8D39A072CF08179287AE";"Fisier local fara produs importat confirmat."
"imagine";"NEIDENTIFICAT";"";"negasit";"nu exista";"";"175-SILAN-C2.jpg";"8033ECDD9DE493DE19187E56F0033A9B220BDA580FCE088B98108A0D1635AB6D";"Fisier local fara produs importat confirmat."
"imagine";"NEIDENTIFICAT";"";"negasit";"nu exista";"";"175-SILAN-C2_4.jpg";"21BAC87F569EE33620A24A2B21206A3D67E25B498746BC3249ABC6B0917BCFB2";"Fisier local fara produs importat confirmat."
"imagine";"NEIDENTIFICAT";"";"negasit";"nu exista";"";"175-SILAN-C3.jpg";"F401354162A5393D8895B0B34683A7280A7C85FC546B510944BE0493AEC06267";"Fisier local fara produs importat confirmat."
"imagine";"NEIDENTIFICAT";"";"negasit";"nu exista";"";"175-SILAN-C3_1.jpg";"BF1ED2DB8D8879EE708F865D5388E9B9E2475F4908E9A31718C330C6DB0720F8";"Fisier local fara produs importat confirmat."
"imagine";"NEIDENTIFICAT";"";"negasit";"nu exista";"";"175-SILAN-C3_3.jpg";"5803F7EF2B26553B2D5A0C653A216DC348A03572E73DB38F2820EF5C48FA8BEE";"Fisier local fara produs importat confirmat."
"imagine";"NEIDENTIFICAT";"";"negasit";"nu exista";"";"175-SILAN-C3_4.jpg";"29876D2BACF260E97A1C0443EF62A22BBF998D03CDA10F6CE25C7D2A3572E729";"Fisier local fara produs importat confirmat."
"imagine";"NEIDENTIFICAT";"";"negasit";"nu exista";"";"175-SUPREME-C1.jpg";"5C33CFAF5E76E83046B56B6CD6A5F10EAB5E329D160F0778B7BBBEF91915595C";"Fisier local fara produs importat confirmat."
"imagine";"NEIDENTIFICAT";"";"negasit";"nu exista";"";"175-SUPREME-C1_1.jpg";"505C8E3EF2B45E393871AAB732348C5D8ABA8451D4AE60D9E941611521B87AA3";"Fisier local fara produs importat confirmat."
"imagine";"NEIDENTIFICAT";"";"negasit";"nu exista";"";"175-SUPREME-C1_2.jpg";"15A9EB35CDBB10FB4ECC3C9C48BD22706DAC53A2AF84B87610147FF3013DE7AB";"Fisier local fara produs importat confirmat."
"imagine";"NEIDENTIFICAT";"";"negasit";"nu exista";"";"175-SUPREME-C1_3.jpg";"AF35B219218B0539A26212C3A29C22CD043706E543A3450504542A749A8548FA";"Fisier local fara produs importat confirmat."
"imagine";"NEIDENTIFICAT";"";"negasit";"nu exista";"";"175-SUPREME-C1_4.jpg";"6C09919D6D69BCFFA50706CB8BC712E212A14D0C984C47FF86204B0CCE069E09";"Fisier local fara produs importat confirmat."
"imagine";"NEIDENTIFICAT";"";"negasit";"nu exista";"";"175-SUPREME-C3.jpg";"E9A1F39046316E062CAA0067A340302823874BF40C06FED3312F9A764EA5A1DC";"Fisier local fara produs importat confirmat."
"imagine";"NEIDENTIFICAT";"";"negasit";"nu exista";"";"175-SUPREME-C3_1.jpg";"C88E2ACBD3CF9DD7A0BCE3A9B0E925F09907111EC88BD7DCAC88EBC7A544D5BC";"Fisier local fara produs importat confirmat."
"imagine";"NEIDENTIFICAT";"";"negasit";"nu exista";"";"175-SUPREME-C3_2.jpg";"4B4D1D75B8F85A6B717284869AA73748D56BD4FB8376C881B1DC754E6793D325";"Fisier local fara produs importat confirmat."
"imagine";"NEIDENTIFICAT";"";"negasit";"nu exista";"";"175-SUPREME-C3_3.jpg";"00B230A0E95826622E6775014210B7EB9B506F21A35EE4D33229ED05EF4F1441";"Fisier local fara produs importat confirmat."
"imagine";"NEIDENTIFICAT";"";"negasit";"nu exista";"";"175-SUPREME-C4.jpg";"B764D7B4F9398BE86CEDAE1C91F31EF9677B77A39750C0F244CB39CE960FC600";"Fisier local fara produs importat confirmat."
"imagine";"NEIDENTIFICAT";"";"negasit";"nu exista";"";"175-SUPREME-C4_4.jpg";"2054EBD05244B7F56AABBEF32644E6BA888CCBF35107E38D4EAFD48BDAF4A7EF";"Fisier local fara produs importat confirmat."
"imagine";"NEIDENTIFICAT";"";"negasit";"nu exista";"";"175-SUPREME-C4_8.jpg";"836A23E10D5CD01FE71A4E2A99E1C80D51F5CD1DF499D3C962146BF2A83785AB";"Fisier local fara produs importat confirmat."
"imagine";"NEIDENTIFICAT";"";"negasit";"nu exista";"";"175-SUPREME-C5.jpg";"2A256E640E4B7706397E16FAED0F9399AA39E3BF55F166C2C0CF43234CC339DE";"Fisier local fara produs importat confirmat."
"imagine";"NEIDENTIFICAT";"";"negasit";"nu exista";"";"175-SUPREME-C5_1.jpg";"3C3BC54CA2D84E8454D71F459C4761F15C190B2F3A8D6E5C62FFC2036C9ACA5F";"Fisier local fara produs importat confirmat."
"imagine";"NEIDENTIFICAT";"";"negasit";"nu exista";"";"175-SUPREME-C5_2.jpg";"D3201ACCB9499C1384D84CFE005EBDB2E0DDAE94CB26750A2B72B12D0126DF20";"Fisier local fara produs importat confirmat."
"imagine";"NEIDENTIFICAT";"";"negasit";"nu exista";"";"175-SUPREME-C5_3.jpg";"8E12FFBF007BB504CAC09663F656990182858A61AF4115CF5F01707A201E6E0F";"Fisier local fara produs importat confirmat."
"imagine";"NEIDENTIFICAT";"";"negasit";"nu exista";"";"175-SUPREME-C5_4.jpg";"66B01D2EBE492BC7E86F550991D410C4433710BDCC07176BF09BBBFA81BD7189";"Fisier local fara produs importat confirmat."
"imagine";"NEIDENTIFICAT";"";"negasit";"nu exista";"";"175-SUPREME-C6.JPG";"F2FB3974C4028EC836AB0A11D83390E364DE23938F89824595BDFCDBE6D3D495";"Fisier local fara produs importat confirmat."
"imagine";"NEIDENTIFICAT";"";"negasit";"nu exista";"";"175-SUPREME-C6_1.JPG";"8BF7B53F87A18ACB378DA26C8E17E3C84DB2E340AD4C585529F932D863788B30";"Fisier local fara produs importat confirmat."
"imagine";"NEIDENTIFICAT";"";"negasit";"nu exista";"";"175-SUPREME-C6_2.JPG";"C481209CB7E1C63EDD84BCFCD85E0F32513D9D2AABF8E1B018AA564B14105BE2";"Fisier local fara produs importat confirmat."
"imagine";"NEIDENTIFICAT";"";"negasit";"nu exista";"";"175-SUPREME-C6_3.jpg";"92791321D984DDC08FF2A7489BA9F57C8C7C662751F1CE41DCC46BFD322153D7";"Fisier local fara produs importat confirmat."
"imagine";"NEIDENTIFICAT";"";"negasit";"nu exista";"";"175-TRELLISE-C2_1.jpg";"E128BE708B66F45FE1D57A1C98D7D6F54D965D72BA70FB7173BB50BCA3124C20";"Fisier local fara produs importat confirmat."
"imagine";"NEIDENTIFICAT";"";"negasit";"nu exista";"";"175-TRELLISE-C2_3.jpg";"11F65C92D9D5E706EFD3FC0C24882FBF04657FE95505A49513F2D4E3188BE54B";"Fisier local fara produs importat confirmat."
"imagine";"NEIDENTIFICAT";"";"negasit";"nu exista";"";"175-TRELLISE-C2_5_1.jpg";"7FC8CEB845FC9B7E1E60D6158F4B0B6D88F852FC0A73F92A7CDCCCDDBF2B785B";"Fisier local fara produs importat confirmat."
"imagine";"NEIDENTIFICAT";"";"negasit";"nu exista";"";"175-TRICIA-C1.JPG";"D5244E4E9D8866A537445A34F0C23570BBCCCBF6E897F14EBC08701866456CF0";"Fisier local fara produs importat confirmat."
"imagine";"NEIDENTIFICAT";"";"negasit";"nu exista";"";"175-TRICIA-C1_4.JPG";"DB42BB97E7FEDB7438711AE904A3DF6AE223C8BF63C816F16220E0122D257352";"Fisier local fara produs importat confirmat."
"imagine";"NEIDENTIFICAT";"";"negasit";"nu exista";"";"175-TUNIS-C11.jpg";"15B6863A9DA181E103E24C59B00ED04D62DF32472440015D419193D4281C01D9";"Fisier local fara produs importat confirmat."
"imagine";"NEIDENTIFICAT";"";"negasit";"nu exista";"";"175-TUNIS-C11_1.jpg";"E21C8FC4A7F3D38C34980D17F6C59AEEA8DA0A39279E2B7335D0052269E8E08A";"Fisier local fara produs importat confirmat."
"imagine";"NEIDENTIFICAT";"";"negasit";"nu exista";"";"175-TUNIS-C11_2.jpg";"F55E5424BEE004CBBD60A581FD34E479BC61AD6B2CC6BF69FAF62F7E104A5820";"Fisier local fara produs importat confirmat."
"imagine";"NEIDENTIFICAT";"";"negasit";"nu exista";"";"175-TUNIS-C11_4.jpg";"1BF42935A3B207852D2281EA54B10001AFF8FA99413E2B22C5924CC603C48117";"Fisier local fara produs importat confirmat."
"imagine";"NEIDENTIFICAT";"";"negasit";"nu exista";"";"175-VELLA-02.JPG";"0D3A6345B54CC89027388D4F05570617E982C4F4864F0EE4ECB27CABAF4B4B56";"Fisier local fara produs importat confirmat."
"imagine";"NEIDENTIFICAT";"";"negasit";"nu exista";"";"175-VELLA-02_1.jpg";"A2013B0A3195E47F52C03632515F3CABF0541EB4471B2270329B30BF75E22921";"Fisier local fara produs importat confirmat."
"imagine";"NEIDENTIFICAT";"";"negasit";"nu exista";"";"175-VELLA-02_2.jpg";"9529052648C80C44A1E9C3239C99860432FCB74C57628760BCEF53CE2E634C99";"Fisier local fara produs importat confirmat."
"imagine";"NEIDENTIFICAT";"";"negasit";"nu exista";"";"175-VELLA-02_3.jpg";"5FFD9D349261F733228C18DDAAD64053237266270CBF4BE5A1BAD3B55197ECCE";"Fisier local fara produs importat confirmat."
"imagine";"NEIDENTIFICAT";"";"negasit";"nu exista";"";"175-VELLA-02_4.jpg";"BEB45FC035C3B3F21AD48F44A26A8B82E673D0AEEC5DFB2DEB6671DBC4CC919D";"Fisier local fara produs importat confirmat."
"imagine";"NEIDENTIFICAT";"";"negasit";"nu exista";"";"175-WAIKIKI-C1.jpg";"07BA5587489EA01914CB296E7AC498AC862A4A173A3D1809DC9B2E69068DB302";"Fisier local fara produs importat confirmat."
"imagine";"NEIDENTIFICAT";"";"negasit";"nu exista";"";"175-WAIKIKI-C1_10.jpg";"BEEE21CFB88FD26E3E00ABE5BF53B081200D65C24C934CB520DA549A120C1649";"Fisier local fara produs importat confirmat."
"imagine";"NEIDENTIFICAT";"";"negasit";"nu exista";"";"175-WAIKIKI-C1_5.jpg";"A9DD998F84A55C1FAA8D286146483F75880D07F77C36F18FE5978F67F293A605";"Fisier local fara produs importat confirmat."
"imagine";"NEIDENTIFICAT";"";"negasit";"nu exista";"";"175-WAIKIKI-C1_6.jpg";"D44A6D24D3B1FDB59E6816DA695D475B784062E80CC19DD88F362D8DDB9B651C";"Fisier local fara produs importat confirmat."
"imagine";"NEIDENTIFICAT";"";"negasit";"nu exista";"";"175-WAIKIKI-C1_8.jpg";"0D659167A0226932A065CD92853F699677CB793625F5449CEB72D43C31CA2D98";"Fisier local fara produs importat confirmat."
"imagine";"NEIDENTIFICAT";"";"negasit";"nu exista";"";"175-WAIKIKI-C1_9.jpg";"AB1D7E4D17D748C8FCB2B72FE8254B24D0B659814A6CC7B2BFEEA88EAB31B707";"Fisier local fara produs importat confirmat."
"imagine";"NEIDENTIFICAT";"";"negasit";"nu exista";"";"184-GLORY-01.jpg";"EF7733FECA85B8E9635042A048B3EDCA7CCEB64D40E23175A8F968A62EF2BC5C";"Fisier local fara produs importat confirmat."
"imagine";"NEIDENTIFICAT";"";"negasit";"nu exista";"";"184-GLORY-01_4.jpg";"FEDE3FBCC9FCB718F415CDDAA425AA49310840193564588DAF43F63BD21ACCE6";"Fisier local fara produs importat confirmat."
"imagine";"NEIDENTIFICAT";"";"negasit";"nu exista";"";"184-GLORY-6.jpg";"A4BF97A02D7916D7CF45DA94ECF8874CF892161A30D940BA8A55BDA2B2701AAC";"Fisier local fara produs importat confirmat."
"imagine";"NEIDENTIFICAT";"";"negasit";"nu exista";"";"184-GLORY-6_1.jpg";"F73025FEFA17FF83F3A121C053E4623A499E0CF2C4332918F0815F6F77F7ED63";"Fisier local fara produs importat confirmat."
"imagine";"NEIDENTIFICAT";"";"negasit";"nu exista";"";"184-GLORY-6_2.jpg";"00C8536EA5BF4602C001972B295889EE090ABC2C4C5C03659E2B2AE0526081D0";"Fisier local fara produs importat confirmat."
"imagine";"NEIDENTIFICAT";"";"negasit";"nu exista";"";"184-GLORY-6_4.jpg";"9BA0B5C6CD88815078B948EACC51D7F08F8616120E307ABC978DB52623B6B0FF";"Fisier local fara produs importat confirmat."
"imagine";"NEIDENTIFICAT";"";"negasit";"nu exista";"";"206-BERLIN-T01.jpg";"76052E0048BB392A7DC87F4FB2A029118BBDD2F65694B1917F92BC00F9FD8C1C";"Fisier local fara produs importat confirmat."
"imagine";"NEIDENTIFICAT";"";"negasit";"nu exista";"";"206-BERLIN-T01_1.jpg";"3FABE2A044023547023583A47A330DBA0C3DF40EB3EFB813EF75300094CE10FF";"Fisier local fara produs importat confirmat."
"imagine";"NEIDENTIFICAT";"";"negasit";"nu exista";"";"206-BERLIN-T01_3.jpg";"5D62DAA2CE2C8A8D4DC8E300BED45BDBC015F706AA55DEDE17BB228EE6CA579B";"Fisier local fara produs importat confirmat."
"imagine";"NEIDENTIFICAT";"";"negasit";"nu exista";"";"206-BERLIN-T01_4.jpg";"C4B26D588B9968B15C47D8A6D0178A25C0B710100B9029D24A875D8C89A9A65E";"Fisier local fara produs importat confirmat."
"imagine";"NEIDENTIFICAT";"";"negasit";"nu exista";"";"206-PACIFIC-01.jpg";"AAE2F6D11335C46656A6A7FBEDBC76C4F76EE89F84382B42E83BE1AD8F92EF9F";"Fisier local fara produs importat confirmat."
"imagine";"NEIDENTIFICAT";"";"negasit";"nu exista";"";"206-PACIFIC-01_1.JPG";"0DD9F4F1D436292D00F7BCD23FF4E780A28AB11EC57B519DC534E37089E2E43B";"Fisier local fara produs importat confirmat."
"imagine";"NEIDENTIFICAT";"";"negasit";"nu exista";"";"206-PACIFIC-01_3.JPG";"55BFAA9481E4A783C31316917ECB2DF686B1CAE64976D427437002B4D3935320";"Fisier local fara produs importat confirmat."
"imagine";"NEIDENTIFICAT";"";"negasit";"nu exista";"";"206-PACIFIC-01_4.JPG";"BB519B7417742FA76EB28BE0B5AD130ACD283407485758203FB196F3C3B6843B";"Fisier local fara produs importat confirmat."
"imagine";"NEIDENTIFICAT";"";"negasit";"nu exista";"";"206-PALERMO-A.jpg";"182AF387203D34CE8E7ED386E91F2BE21DA4DA1221791595154C12FF3461FAEE";"Fisier local fara produs importat confirmat."
"imagine";"NEIDENTIFICAT";"";"negasit";"nu exista";"";"206-PALERMO-A_1.JPG";"4CB501A98EF7940719E1F12EE5AA36804B44021355D903F2B7592551303412A2";"Fisier local fara produs importat confirmat."
"imagine";"NEIDENTIFICAT";"";"negasit";"nu exista";"";"206-PALERMO-A_3.JPG";"A645521E41E714BD17E3DA5D0B86710D399B38F3D210789FFF3E8025BB1F3248";"Fisier local fara produs importat confirmat."
"imagine";"NEIDENTIFICAT";"";"negasit";"nu exista";"";"206-PALERMO-A_4.jpg";"5AA65C154A9EBEEF0A7EF808EE4D583603D31FF33B8D41C33B375C29D3B14087";"Fisier local fara produs importat confirmat."
"imagine";"NEIDENTIFICAT";"";"negasit";"nu exista";"";"217-COLIN-BJ.jpg";"731D67F223496FB1BCAE7AD767378D0FD4EC32C78E39A2F1BA1650FD35C8939A";"Fisier local fara produs importat confirmat."
"imagine";"NEIDENTIFICAT";"";"negasit";"nu exista";"";"217-COLIN-BJ_1.jpg";"CF823A91C057ADCC509C222D550DAD37BAE435D22039712AF7257D4019EE5934";"Fisier local fara produs importat confirmat."
"imagine";"NEIDENTIFICAT";"";"negasit";"nu exista";"";"217-COLIN-BJ_2.jpg";"A1E0E1E8FDB99DF813B5342CDF9C736B56DABE45F97076657CFF2C68130B2FED";"Fisier local fara produs importat confirmat."
"imagine";"NEIDENTIFICAT";"";"negasit";"nu exista";"";"217-COLIN-BJ_3.jpg";"809DB4F7FF7A44D78DA62D1CB6800241341610FBA5CD8FF8AEC8101D5D8D4515";"Fisier local fara produs importat confirmat."
"imagine";"NEIDENTIFICAT";"";"negasit";"nu exista";"";"217-COLIN-BJ_4.jpg";"16CC85F51FAABE8016F1F2ABB8D4A18E809A069D6FE3D70DF4DAE53E0D47DAF1";"Fisier local fara produs importat confirmat."
"imagine";"NEIDENTIFICAT";"";"negasit";"nu exista";"";"217-COLIN-GR.jpg";"54F4A7E31FDAB1CD7F9313701854982B08F462BDACAE68ADBE71AC6ECF1EE194";"Fisier local fara produs importat confirmat."
"imagine";"NEIDENTIFICAT";"";"negasit";"nu exista";"";"217-COLIN-GR_1.jpg";"48B959B135B7D981245863631356DF914C2D0E1C22A85BECA0415A03232F3741";"Fisier local fara produs importat confirmat."
"imagine";"NEIDENTIFICAT";"";"negasit";"nu exista";"";"217-COLIN-GR_2.jpg";"0E40857C266787F2ADD38D95EFA674088D6DDA84762E101A327949214F2CC8F6";"Fisier local fara produs importat confirmat."
"imagine";"NEIDENTIFICAT";"";"negasit";"nu exista";"";"217-COLIN-GR_3.jpg";"C2FF1FB6E8B631CB9ED0D5C56A2A00E8A5F06896170AF69B5D7391D1EF2C0DBC";"Fisier local fara produs importat confirmat."
"imagine";"NEIDENTIFICAT";"";"negasit";"nu exista";"";"217-COLIN-GR_4.jpg";"80107780CBCFED9146E577BF0E2943A759F6E297F64706EBA0E8AE317334E9A5";"Fisier local fara produs importat confirmat."
"imagine";"NEIDENTIFICAT";"";"negasit";"nu exista";"";"217-COLIN-TC_2.jpg";"2C0A7E5091215554EA4C3433C4B756885D860A6A2BA4E07F90274AE1EE1301E0";"Fisier local fara produs importat confirmat."
"imagine";"NEIDENTIFICAT";"";"negasit";"nu exista";"";"217-COLIN-VE.jpg";"DA31DF38F051830C4E51ACB21A7A5B6BBC8FBA83033E95C35F4C845723269BF0";"Fisier local fara produs importat confirmat."
"imagine";"NEIDENTIFICAT";"";"negasit";"nu exista";"";"217-COLIN-VE_1.jpg";"EA1F96A0FE5662F3A5AB37B88ABE88859C7F682C7E1073849DD3A2E2B33C9BDB";"Fisier local fara produs importat confirmat."
"imagine";"NEIDENTIFICAT";"";"negasit";"nu exista";"";"217-COLIN-VE_3.jpg";"6777484C1094ABF8E3EF8C0977BBEB94493AB963DB0B16198F55B9362712C1FD";"Fisier local fara produs importat confirmat."
"imagine";"NEIDENTIFICAT";"";"negasit";"nu exista";"";"217-COLIN-VE_4.jpg";"98F2E13A5C31CC6225FEEAD4D407DCB2F49160666ADE9C25ACFC504389142E4E";"Fisier local fara produs importat confirmat."
"imagine";"NEIDENTIFICAT";"";"negasit";"nu exista";"";"237-AMIDA-01.jpg";"BC39C9B0745010654D51E8DBC39DF0421532DDDA9841CEC7A52E5ADE3F317988";"Fisier local fara produs importat confirmat."
"imagine";"NEIDENTIFICAT";"";"negasit";"nu exista";"";"237-AMIDA-01_1.jpg";"39408B48F883B76327535494F7D087C00DEDB6F475687ECA7F4D98B05B5167BA";"Fisier local fara produs importat confirmat."
"imagine";"NEIDENTIFICAT";"";"negasit";"nu exista";"";"237-AMIDA-01_2.jpg";"C3053A1FFC39FA21A8F2605EF5221FC272EA5F5284A782C1F1C06A09D79AD453";"Fisier local fara produs importat confirmat."
"imagine";"NEIDENTIFICAT";"";"negasit";"nu exista";"";"237-AMIDA-01_3.jpg";"442099893EED218BE97BF22BAB4FF7597BFBA10F5BBCD828EABE2A39E56F5886";"Fisier local fara produs importat confirmat."
"imagine";"NEIDENTIFICAT";"";"negasit";"nu exista";"";"237-AMIDA-01_4.jpg";"52AEC501A05F1622127BCE17CD17040D34EFD98206A7777C7BCA5071D08AA4AF";"Fisier local fara produs importat confirmat."
"imagine";"NEIDENTIFICAT";"";"negasit";"nu exista";"";"237-AMIDA-07_1.jpg";"31E6FF9A7636B49AE810069307FACC5485B82DA784DE070BCB000480A59EF7C1";"Fisier local fara produs importat confirmat."
"imagine";"NEIDENTIFICAT";"";"negasit";"nu exista";"";"237-AMIDA-07_2.jpg";"77CEAF3BD7E9E664161BD38FDA8693D6ACFF735E7E19863D4A547FF4D00EA053";"Fisier local fara produs importat confirmat."
"imagine";"NEIDENTIFICAT";"";"negasit";"nu exista";"";"237-AMIDA-07_3.jpg";"5C5B7C70C9E70F496FEBD154A7FC59CDA73BDD07452FA94C601A3A14EAE2C396";"Fisier local fara produs importat confirmat."
"imagine";"NEIDENTIFICAT";"";"negasit";"nu exista";"";"237-AMIDA-07_4.jpg";"4423B5BE6C4EB62A8D40B3DEF74090413DE07AACB247E789BC7F15581CA423AB";"Fisier local fara produs importat confirmat."
"imagine";"NEIDENTIFICAT";"";"negasit";"nu exista";"";"237-ARROW-05.jpg";"401165A9BA8902CF2A7C8E26C073A3573B15B55E31C1964C2395C0CEE1C0B048";"Fisier local fara produs importat confirmat."
"imagine";"NEIDENTIFICAT";"";"negasit";"nu exista";"";"237-ARROW-05_1.jpg";"9449748BCEAA21510A17CBC485D9205B88A38E3A8DF419DCA213AAAA7C1C3D17";"Fisier local fara produs importat confirmat."
"imagine";"NEIDENTIFICAT";"";"negasit";"nu exista";"";"237-ARROW-05_2.jpg";"C4760F3BDAEB48AA690EB84C52381ED9056588D1EF19EDA86077FBBC5CE16957";"Fisier local fara produs importat confirmat."
"imagine";"NEIDENTIFICAT";"";"negasit";"nu exista";"";"237-ARROW-05_3.jpg";"01E5C6BE768AE159CDEE481E549E8BE50DD2F4EB9F427C3E100FBE33FA14DDAE";"Fisier local fara produs importat confirmat."
"imagine";"NEIDENTIFICAT";"";"negasit";"nu exista";"";"237-ARROW-05_4.jpg";"4BAC788478C815BDBE3F29366055F63A6E796A056A089B278C67F84EC659F1A2";"Fisier local fara produs importat confirmat."
"imagine";"NEIDENTIFICAT";"";"negasit";"nu exista";"";"237-ARROW-06.jpg";"0D5CB8F39393060704332FBFA07F04D56C91C779E65386BD777BA9A50F8710D9";"Fisier local fara produs importat confirmat."
"imagine";"NEIDENTIFICAT";"";"negasit";"nu exista";"";"237-ARROW-06_1.jpg";"0FA4DBEA875C66EBC5F8F3C72B4ED5B2D0BBB53AD5F53BA69B816B16D8FE0AA1";"Fisier local fara produs importat confirmat."
"imagine";"NEIDENTIFICAT";"";"negasit";"nu exista";"";"237-ARROW-06_2.jpg";"288F8622EEF9FA64628B3532ACF8C4A14FD808CFE79B7D94960EFBE096675032";"Fisier local fara produs importat confirmat."
"imagine";"NEIDENTIFICAT";"";"negasit";"nu exista";"";"237-ARROW-06_3.jpg";"8B2F7757D08E715BDE6F349AF6CA9391A47B6724190A7887DAEBF61A48C344AC";"Fisier local fara produs importat confirmat."
"imagine";"NEIDENTIFICAT";"";"negasit";"nu exista";"";"237-ARROW-06_4.jpg";"E64383F1AD4012187735FF148917E463AF6EBBAB2657C3D6F09414D186F6F6E4";"Fisier local fara produs importat confirmat."
"imagine";"NEIDENTIFICAT";"";"negasit";"nu exista";"";"237-ARROW-09.jpg";"5CCECF346EFD27F999FFA8E9B880061AB54227789B9CBC25B379113809CAFDD3";"Fisier local fara produs importat confirmat."
"imagine";"NEIDENTIFICAT";"";"negasit";"nu exista";"";"237-ARROW-09_1.jpg";"FDA129A060989F6B55D5A88400D56315A429824BA291A753BD0E13A4A6327EB4";"Fisier local fara produs importat confirmat."
"imagine";"NEIDENTIFICAT";"";"negasit";"nu exista";"";"237-ARROW-09_2.jpg";"6521602221257B73F9ACDA33035BF795C4304633B192A7D0FFE6DEE3C02103EC";"Fisier local fara produs importat confirmat."
"imagine";"NEIDENTIFICAT";"";"negasit";"nu exista";"";"237-ARROW-09_3.jpg";"857A8E663BC7269789CDC70E8A6CC0CC8553C4EE8182BAB2DE9889B96005FD46";"Fisier local fara produs importat confirmat."
"imagine";"NEIDENTIFICAT";"";"negasit";"nu exista";"";"237-ARROW-09_4.jpg";"48FD253BBA2B9DBCAB22671ED8DCAA3C3B7156F859C9CCF55915041264D07713";"Fisier local fara produs importat confirmat."
"imagine";"NEIDENTIFICAT";"";"negasit";"nu exista";"";"237-BAHAMAS-08.jpg";"CF9DC3C579D77E7C9F44AC861A689425AE7A31BF8650FA2FF9A96B34CC8D738D";"Fisier local fara produs importat confirmat."
"imagine";"NEIDENTIFICAT";"";"negasit";"nu exista";"";"237-BAHAMAS-08_1.jpg";"8D52E6E72BA9682DB4FC92319ED61B9EE3DE6D17C5BB8093097EE7CBDF3AA787";"Fisier local fara produs importat confirmat."
"imagine";"NEIDENTIFICAT";"";"negasit";"nu exista";"";"237-BAHAMAS-08_3.jpg";"DD2B63F2FD2E7CA82D586DF51EDFC530D26E8A065C2D59C09F5CDDCDE711D66A";"Fisier local fara produs importat confirmat."
"imagine";"NEIDENTIFICAT";"";"negasit";"nu exista";"";"237-BAHAMAS-08_4.jpg";"798C199CEEE7F5E76324B191EF7B17E5D67888B4115918C898D1CD69AE1F3D5E";"Fisier local fara produs importat confirmat."
"imagine";"NEIDENTIFICAT";"";"negasit";"nu exista";"";"237-BAHAMAS-08_alb.JPG";"7BAEFB84A066C3998E35C47D24490FF109176FBFA24F424E689A39144AB4367C";"Fisier local fara produs importat confirmat."
"imagine";"NEIDENTIFICAT";"";"negasit";"nu exista";"";"237-CASTELLANO-05.jpg";"8485AF0DDA0496AF8865C9C9441F6FF3D10DBE39D918FBDE12CAD6D9D13A7D10";"Fisier local fara produs importat confirmat."
"imagine";"NEIDENTIFICAT";"";"negasit";"nu exista";"";"237-CASTELLANO-05_2.jpg";"3D28B3A6854D3E14DB3EF57378C26ACA46D4144C4F320BACB0B7B358BBB91954";"Fisier local fara produs importat confirmat."
"imagine";"NEIDENTIFICAT";"";"negasit";"nu exista";"";"237-CASTELLANO-05_3.jpg";"68F264B7CF3402D372DC29AC90A71035B010F9242FC45454088BB62A5F418284";"Fisier local fara produs importat confirmat."
"imagine";"NEIDENTIFICAT";"";"negasit";"nu exista";"";"237-CASTELLANO-05_4.jpg";"22FB93EE8B5DBA82CCC7C75B92311C8631D3E0CDB4FE22FF0489ECEA52BDA660";"Fisier local fara produs importat confirmat."
"imagine";"NEIDENTIFICAT";"";"negasit";"nu exista";"";"237-CASTELLANO-08.jpg";"5F662505619C1C5925EFD9154CAE8011713FAF9EEFB4D4D9353350478863965E";"Fisier local fara produs importat confirmat."
"imagine";"NEIDENTIFICAT";"";"negasit";"nu exista";"";"237-CASTELLANO-08_1.jpg";"700E70DC1182775B685D652B93B96184E894170AD91785DDFDFDB3E890ACBF6D";"Fisier local fara produs importat confirmat."
"imagine";"NEIDENTIFICAT";"";"negasit";"nu exista";"";"237-CASTELLANO-08_3.jpg";"F9A7F203FA9DC4BD150457BD06C330802A753C619518BFC100B65041C3E72EBA";"Fisier local fara produs importat confirmat."
"imagine";"NEIDENTIFICAT";"";"negasit";"nu exista";"";"237-CASTELLANO-10.jpg";"1A4E6E2ADB5FB760727C2100BD8775781A816867315F2E321FD2E273C6CC8622";"Fisier local fara produs importat confirmat."
"imagine";"NEIDENTIFICAT";"";"negasit";"nu exista";"";"237-CASTELLANO-10_1.jpg";"379CB2AA2A31D999A35D29B446FE1D67C07F59E49FCCDB229D6AE4DF08FA63AF";"Fisier local fara produs importat confirmat."
"imagine";"NEIDENTIFICAT";"";"negasit";"nu exista";"";"237-CASTELLANO-10_2.jpg";"3FFB282A975B0DFF0FDE3AF575F1E0C753DDA3FBB0422EFF096FFEDDAB10B57E";"Fisier local fara produs importat confirmat."
"imagine";"NEIDENTIFICAT";"";"negasit";"nu exista";"";"237-CASTELLANO-10_3.jpg";"115F4A553ED2374B799854EC430941F06D01E31375ED6F7F6BCF50AD0929EB63";"Fisier local fara produs importat confirmat."
"imagine";"NEIDENTIFICAT";"";"negasit";"nu exista";"";"237-CASTELLANO-10_4.jpg";"4E32583EFBB9D249A8A5375E1B155D1290A2C4BA893A8EBCEAA37E0ED8ABBC79";"Fisier local fara produs importat confirmat."
"imagine";"NEIDENTIFICAT";"";"negasit";"nu exista";"";"237-CASTELLANO-11.jpg";"0D61376ED74B1165DD112D202DA8841F3371BA34133B059F099C3F0DA132A281";"Fisier local fara produs importat confirmat."
"imagine";"NEIDENTIFICAT";"";"negasit";"nu exista";"";"237-CASTELLANO-11_5.jpg";"5EAC2E0A54E1051489DB12BB424814886368443194493B558CAD224582AE03CC";"Fisier local fara produs importat confirmat."
"imagine";"NEIDENTIFICAT";"";"negasit";"nu exista";"";"237-CASTELLANO-11_6.jpg";"8727CB91ADCCBE84BB0F31796594AD5EA5AA6C1B46EED580C8D74096B667404F";"Fisier local fara produs importat confirmat."
"imagine";"NEIDENTIFICAT";"";"negasit";"nu exista";"";"237-CASTELLANO-11_7.jpg";"5EAC2E0A54E1051489DB12BB424814886368443194493B558CAD224582AE03CC";"Fisier local fara produs importat confirmat."
"imagine";"NEIDENTIFICAT";"";"negasit";"nu exista";"";"237-CASTELLANO-11_8.jpg";"8376DDC1810E7923B2FF164CD2302C16CFFE1669E26DFFF51D65A9CF76BB59C6";"Fisier local fara produs importat confirmat."
"imagine";"NEIDENTIFICAT";"";"negasit";"nu exista";"";"237-CASTELLANO-13.jpg";"9F603E46F0FB0657C6FEBD45A1AE5AB2026C941D4BCBCB0EFFAF744F83AF8F0D";"Fisier local fara produs importat confirmat."
"imagine";"NEIDENTIFICAT";"";"negasit";"nu exista";"";"237-CASTELLANO-13_1.jpg";"7932EF55A6EF69ABE59C6FB1674320632CB0C19C81CECDD3E4125AB527A70DAD";"Fisier local fara produs importat confirmat."
"imagine";"NEIDENTIFICAT";"";"negasit";"nu exista";"";"237-CASTELLANO-13_2.jpg";"149DC69DAC5B37B5059A009A946E781FBA9E48E5E586E0C2F91702D57FE4D1FF";"Fisier local fara produs importat confirmat."
"imagine";"NEIDENTIFICAT";"";"negasit";"nu exista";"";"237-CASTELLANO-13_2_alb-2000.jpg";"8C19F61E3CB5AD2C597A334F7DD4CAB5EB736AEE86957B2B6C9C26ED202D1856";"Fisier local fara produs importat confirmat."
"imagine";"NEIDENTIFICAT";"";"negasit";"nu exista";"";"237-CASTELLANO-13_3.jpg";"95417FF6B2982CED20DEF4BFD44A819A12B1819D2AEAFD7CD05B45E778472666";"Fisier local fara produs importat confirmat."
"imagine";"NEIDENTIFICAT";"";"negasit";"nu exista";"";"237-CASTELLANO-13_4.jpg";"7FE861FFC5DE7BAD962FF519F0485A1F161630721CC96C44D5512B2947BAE09A";"Fisier local fara produs importat confirmat."
"imagine";"NEIDENTIFICAT";"";"negasit";"nu exista";"";"237-CASTELLANO-16.jpg";"388DCF5B4CAED7809462129CD3D760E76FEA77EB6A3F62600883F69A51904FB1";"Fisier local fara produs importat confirmat."
"imagine";"NEIDENTIFICAT";"";"negasit";"nu exista";"";"237-CASTELLANO-16_1.jpg";"8A84ED628B799B6B88B71880199CBC401C4194EA054F01542A3C13D35E762721";"Fisier local fara produs importat confirmat."
"imagine";"NEIDENTIFICAT";"";"negasit";"nu exista";"";"237-CASTELLANO-16_2.jpg";"751E622EE8E43B5D9447EE5F7D61F818C9EB18759DC255C9C38A8187F0D90F0D";"Fisier local fara produs importat confirmat."
"imagine";"NEIDENTIFICAT";"";"negasit";"nu exista";"";"237-CASTELLANO-16_2_alb-2000.jpg";"73EBC5AE0C90D2461B9CE5DA8A5D854B6D01C468D61C408FB2D10CC3BF55F19E";"Fisier local fara produs importat confirmat."
"imagine";"NEIDENTIFICAT";"";"negasit";"nu exista";"";"237-CASTELLANO-16_3.jpg";"7D7E64AF6134ECCA3896B97C7196ED7DAA568758EBD60E6D36EBF3DD997E8705";"Fisier local fara produs importat confirmat."
"imagine";"NEIDENTIFICAT";"";"negasit";"nu exista";"";"237-CASTELLANO-16_4.jpg";"3BD5E11C0F0975E9ADC525C206B305364516BB16A8DBEF0EF1D35784BAAB1592";"Fisier local fara produs importat confirmat."
"imagine";"NEIDENTIFICAT";"";"negasit";"nu exista";"";"237-CASTELLANO-17B.jpg";"4BE790CDF48E649D5BDCF906987A06BF56A8E62C3DF690E8C00CA24FE528723D";"Fisier local fara produs importat confirmat."
"imagine";"NEIDENTIFICAT";"";"negasit";"nu exista";"";"237-CASTELLANO-17B_1.jpg";"DDAB581A2752C4557359D407B949CC58AA34AF9409A219ACBC42E6D5AAEBBBC4";"Fisier local fara produs importat confirmat."
"imagine";"NEIDENTIFICAT";"";"negasit";"nu exista";"";"237-CASTELLANO-17B_2.jpg";"236EA410E14112E6B0F41B91CEBFE7B4668033E172F0A878F8D51B11E188A137";"Fisier local fara produs importat confirmat."
"imagine";"NEIDENTIFICAT";"";"negasit";"nu exista";"";"237-CASTELLANO-17B_3.jpg";"BB8C6CFBF45175800D37DFBF3B7E2489E689A4CBE29B25C5492AEC035A7A0B7E";"Fisier local fara produs importat confirmat."
"imagine";"NEIDENTIFICAT";"";"negasit";"nu exista";"";"237-CASTELLANO-17B_4(1).jpg";"CEDB01845185C41C35B407908821C9FA833D953DD0D314BF82ABBE1F5A79F23C";"Fisier local fara produs importat confirmat."
"imagine";"NEIDENTIFICAT";"";"negasit";"nu exista";"";"237-CASTELLANO-17B_4.jpg";"4695FB912DA12F12592FE424614F89CFDD481493C59A3AC98981C16C2110C808";"Fisier local fara produs importat confirmat."
"imagine";"NEIDENTIFICAT";"";"negasit";"nu exista";"";"237-CASTELLANO-24.jpg";"4C88B97AAB5A85DED78F59339CFE69A3C47BEC24CFF413F800363EF45E47BE6A";"Fisier local fara produs importat confirmat."
"imagine";"NEIDENTIFICAT";"";"negasit";"nu exista";"";"237-CASTELLANO-24_1.jpg";"3C6D6ABF30B21DED19E7A3B6140B3423A0A46200DE629C3AEA5C09723E272C4D";"Fisier local fara produs importat confirmat."
"imagine";"NEIDENTIFICAT";"";"negasit";"nu exista";"";"237-CASTELLANO-24_2.jpg";"E7269563C33675A59461EB60654900752DF15D48665AEC2189B732915E7244A7";"Fisier local fara produs importat confirmat."
"imagine";"NEIDENTIFICAT";"";"negasit";"nu exista";"";"237-CASTELLANO-24_4.jpg";"153B34B2E58BAD32F3F9DB38BE0E762726020AEF84A895F9573A685AE7719B3E";"Fisier local fara produs importat confirmat."
"imagine";"NEIDENTIFICAT";"";"negasit";"nu exista";"";"237-CASTELLANO-25.jpg";"C35286C4363A2BA2C46198D363433B52147A60FA364756C6A16D980EE345DAB2";"Fisier local fara produs importat confirmat."
"imagine";"NEIDENTIFICAT";"";"negasit";"nu exista";"";"237-CASTELLANO-25_5.jpg";"BA755896B0B7033A61E23A6372476EE8518F865810E43CED7345FA13F05DAF57";"Fisier local fara produs importat confirmat."
"imagine";"NEIDENTIFICAT";"";"negasit";"nu exista";"";"237-CASTELLANO-25_6.jpg";"F92A61E27B978DD05F4E907AC76C0E41BD2E0DEE2AEC555FD730678774E73B31";"Fisier local fara produs importat confirmat."
"imagine";"NEIDENTIFICAT";"";"negasit";"nu exista";"";"237-CASTELLANO-25_8.jpg";"4ED1F3831BAC88E9D7EE4C2DA1959C90CB2EEE9B5CE1D2485036D081F878695B";"Fisier local fara produs importat confirmat."
"imagine";"NEIDENTIFICAT";"";"negasit";"nu exista";"";"237-castellano-3.jpg";"2FEEDF89F33B4F6B4E12D306A38262D4C0892BD16E7F860CEB263B932DF285DE";"Fisier local fara produs importat confirmat."
"imagine";"NEIDENTIFICAT";"";"negasit";"nu exista";"";"237-castellano-3_1.jpg";"4F290A9BFC02D9111F87506CE9D6A3CABCF502000C2AE18FE186579839FB34D7";"Fisier local fara produs importat confirmat."
"imagine";"NEIDENTIFICAT";"";"negasit";"nu exista";"";"237-castellano-3_4.jpg";"6E1615828787296E284984B8523CB66B1A3A251CA11CB0178BEE53862C4E9610";"Fisier local fara produs importat confirmat."
"imagine";"NEIDENTIFICAT";"";"negasit";"nu exista";"";"237-CASTELLANO-35.jpg";"4A99D85C3EFD9435059B3C84E45EED37A3DB7DA3CFFF8DB30B72EEB15E5E2C43";"Fisier local fara produs importat confirmat."
"imagine";"NEIDENTIFICAT";"";"negasit";"nu exista";"";"237-CASTELLANO-35_1.jpg";"A758DF3CB4C90105C0139E8CBDFEDEC3377A1CC3F8A80E27B73D5C06CE53B727";"Fisier local fara produs importat confirmat."
"imagine";"NEIDENTIFICAT";"";"negasit";"nu exista";"";"237-CASTELLANO-35_2.jpg";"CD3D9FC7C8498078067F91EC791DA48DB3AE029FBBBD4E32CF780D2CDCEAE6BD";"Fisier local fara produs importat confirmat."
"imagine";"NEIDENTIFICAT";"";"negasit";"nu exista";"";"237-CASTELLANO-35_4.jpg";"9A168783C87E50C28C69ABC4B9F4033F4A20D8DFB67917402E7C741F13E2FCB7";"Fisier local fara produs importat confirmat."
"imagine";"NEIDENTIFICAT";"";"negasit";"nu exista";"";"237-CASTELLANO-4.jpg";"0ACCCFFB44045C6E8F24443D64525A385CF4C8A0AA11EB8B8372D59579E62CEA";"Fisier local fara produs importat confirmat."
"imagine";"NEIDENTIFICAT";"";"negasit";"nu exista";"";"237-CASTELLANO-4_1.jpg";"1FC5F31B16EFD8F2133F4DB88DF28B348D6B2E47DF2520B3BBE36E49BBCAA294";"Fisier local fara produs importat confirmat."
"imagine";"NEIDENTIFICAT";"";"negasit";"nu exista";"";"237-CASTELLANO-4_2.jpg";"AD4B41FE439B9B5E9E7D59ACB9B3276FF5A1F787C2B0632EA6F93A9162616183";"Fisier local fara produs importat confirmat."
"imagine";"NEIDENTIFICAT";"";"negasit";"nu exista";"";"237-CASTELLANO-4_3.jpg";"D3866B1B5150B312B15CAF8B9408386794F32AEC953F6FAEADC08CE9EA8D6F9D";"Fisier local fara produs importat confirmat."
"imagine";"NEIDENTIFICAT";"";"negasit";"nu exista";"";"237-CASTELLANO-42.jpg";"292AE271244CF12455A71295C42F53E4E0ADF5827943BE0836798EF86EC9C38C";"Fisier local fara produs importat confirmat."
"imagine";"NEIDENTIFICAT";"";"negasit";"nu exista";"";"237-CASTELLANO-42_1.jpg";"F88ADD69D0E9BBDB595DE242D4AF855A7EF7EA404AEE9060F984687AB7C83A42";"Fisier local fara produs importat confirmat."
"imagine";"NEIDENTIFICAT";"";"negasit";"nu exista";"";"237-CASTELLANO-42_2.jpg";"AEA3C6A0050D1E38F9C64E8B5BE9B5B750202AD397F7B3933BC3A03DFD96E4FA";"Fisier local fara produs importat confirmat."
"imagine";"NEIDENTIFICAT";"";"negasit";"nu exista";"";"237-CASTELLANO-42_3.jpg";"5D54CE1BCBF10FF6482CADB30AE130B2FE59B81EE56A5413BFC9C4E63D28DFCD";"Fisier local fara produs importat confirmat."
"imagine";"NEIDENTIFICAT";"";"negasit";"nu exista";"";"237-CASTELLANO-45.jpg";"4D60AF02C5D7126B705284DEC1ECC4B1EF733C48512AC5F858D63AE39D5298AF";"Fisier local fara produs importat confirmat."
"imagine";"NEIDENTIFICAT";"";"negasit";"nu exista";"";"237-CASTELLANO-45_1.jpg";"47312B12EEACB4B1D4B676C3888350604D89E3645E5FD560023AE6066114D07C";"Fisier local fara produs importat confirmat."
"imagine";"NEIDENTIFICAT";"";"negasit";"nu exista";"";"237-CASTELLANO-45_2.jpg";"91612D6420D305E859CBBD03848AF65414AF51C1C1B277A0A5EA9B79E313726A";"Fisier local fara produs importat confirmat."
"imagine";"NEIDENTIFICAT";"";"negasit";"nu exista";"";"237-CASTELLANO-45_3.jpg";"1B48F81F9B796829132467BEE6316BFC846C250D00F5576C5A49BB114750DAF1";"Fisier local fara produs importat confirmat."
"imagine";"NEIDENTIFICAT";"";"negasit";"nu exista";"";"237-CASTELLANO-45_4.jpg";"1F2D0D064131FD45E93FC41AE33804C0841317F401716949EC7DF80387D3C8E9";"Fisier local fara produs importat confirmat."
"imagine";"NEIDENTIFICAT";"";"negasit";"nu exista";"";"237-CHEER-01.jpg";"9F612B24047E3DAAD139F563216CE33F32C69D0265972335E4A891D07878BFB9";"Fisier local fara produs importat confirmat."
"imagine";"NEIDENTIFICAT";"";"negasit";"nu exista";"";"237-CHEER-01_1.jpg";"7C1BB13FF3337967870F5C3A48501C68ABF93275314CF5F3432EA21A5C2F0D3D";"Fisier local fara produs importat confirmat."
"imagine";"NEIDENTIFICAT";"";"negasit";"nu exista";"";"237-CHEER-01_2.jpg";"D5BA6D2E98D2FA1D8F6AE2C187D598B1700B2721196336715CB0EF7A26ED32B4";"Fisier local fara produs importat confirmat."
"imagine";"NEIDENTIFICAT";"";"negasit";"nu exista";"";"237-CHEER-01_3.jpg";"43E1E7D83CDD818E1C6B3CD7A708D66645CBACF3A0383BC77DE2391F412C8144";"Fisier local fara produs importat confirmat."
"imagine";"NEIDENTIFICAT";"";"negasit";"nu exista";"";"237-CHEER-01_4.jpg";"93095CFC3C079D91C8130F76665F3F2D96659A1012144ABCCA0EF072BEF4CBFE";"Fisier local fara produs importat confirmat."
"imagine";"NEIDENTIFICAT";"";"negasit";"nu exista";"";"237-CHEER-03.jpg";"0828F7187423120420F5B02D34183C96E13184F1C4F5BE0431CA19EAD4B4EB6A";"Fisier local fara produs importat confirmat."
"imagine";"NEIDENTIFICAT";"";"negasit";"nu exista";"";"237-CHEER-03_1.jpg";"16480393AE349F7F72B05F1503F2277D4929C45F56F9B284A3E59D745700226B";"Fisier local fara produs importat confirmat."
"imagine";"NEIDENTIFICAT";"";"negasit";"nu exista";"";"237-CHEER-03_2.jpg";"E65BB268C7ED43BC3DDC594FB0DDD953544E19A7FB46814AB97D3B6D829BB524";"Fisier local fara produs importat confirmat."
"imagine";"NEIDENTIFICAT";"";"negasit";"nu exista";"";"237-CHEER-03_4.jpg";"7CA533680BA8F6B249B9ED2D93EF4CBF5D0AABB79FB7456BA9702FF86457B879";"Fisier local fara produs importat confirmat."
"imagine";"NEIDENTIFICAT";"";"negasit";"nu exista";"";"237-CHEER-03_5.jpg";"314ACB4ADAB31514D1D7751CA544EBD8A79B2F01F8EDE74CF551DB1816FE3FDD";"Fisier local fara produs importat confirmat."
"imagine";"NEIDENTIFICAT";"";"negasit";"nu exista";"";"237-CHEER-04.jpg";"33D37F6022DF01E4AAD0D7E88E1A47FA1D9C2560D19E671323A6FB03D577E2F2";"Fisier local fara produs importat confirmat."
"imagine";"NEIDENTIFICAT";"";"negasit";"nu exista";"";"237-CHEER-04_1.jpg";"1713C166237EB286B044017F7357121AD4387F91FE2C32F92138775AA690BF54";"Fisier local fara produs importat confirmat."
"imagine";"NEIDENTIFICAT";"";"negasit";"nu exista";"";"237-CHEER-04_2.jpg";"C1BDE72638B6E20E4D00FBA9250BC78CB1940FA51BF6E05032A9B6D14330ACBE";"Fisier local fara produs importat confirmat."
"imagine";"NEIDENTIFICAT";"";"negasit";"nu exista";"";"237-CHEER-04_3.jpg";"AD601486ECE2F9819A06CF45591CE2CBDF0FBD3C4B9E856E345B89FE10C3902A";"Fisier local fara produs importat confirmat."
"imagine";"NEIDENTIFICAT";"";"negasit";"nu exista";"";"237-CHEER-04_4.jpg";"1CB8CFE1735CC88DA82444E4917F4A9E2B08D2BD404A84B8D438F1445A61A0B9";"Fisier local fara produs importat confirmat."
"imagine";"NEIDENTIFICAT";"";"negasit";"nu exista";"";"237-CHEER-08.jpg";"1B3A550FECC5FFA5D4B768F41DC9D4F2BED168F96A3EBA248E24A4436A3AFBD4";"Fisier local fara produs importat confirmat."
"imagine";"NEIDENTIFICAT";"";"negasit";"nu exista";"";"237-CHEER-08_1.jpg";"999D14E0BAF8C8424964C4415988A374D13AB0C8AA5367871332AF69EE20A4F2";"Fisier local fara produs importat confirmat."
"imagine";"NEIDENTIFICAT";"";"negasit";"nu exista";"";"237-CHEER-08_2.jpg";"5DF7BA749D2215EA4F7F95118EE76B05F64F873319BD0835EAD87F7450AC7B40";"Fisier local fara produs importat confirmat."
"imagine";"NEIDENTIFICAT";"";"negasit";"nu exista";"";"237-CHEER-08_4.jpg";"27182A923594C4CDBBB7A9C3FB05FC06E39A0A3C7E66707C3AAE4A3A7CC1E18D";"Fisier local fara produs importat confirmat."
"imagine";"NEIDENTIFICAT";"";"negasit";"nu exista";"";"237-CHEER-08_4_3.jpg";"814E623E5A171FCFE9C7634FA0FB4199FBA2E62FC913487EE8D3879B5915453C";"Fisier local fara produs importat confirmat."
"imagine";"NEIDENTIFICAT";"";"negasit";"nu exista";"";"237-CHEER-09.jpg";"96A9408A7EE527ECCC3DA9E61856E1B673A6D3A0F3E08454F6DFCD3E943BB08B";"Fisier local fara produs importat confirmat."
"imagine";"NEIDENTIFICAT";"";"negasit";"nu exista";"";"237-CHEER-09_1.jpg";"69EC110455F7D4168FCBFC65D5A0FF517F8FBFA08C9239B3E0E909B072294283";"Fisier local fara produs importat confirmat."
"imagine";"NEIDENTIFICAT";"";"negasit";"nu exista";"";"237-CHEER-09_3.jpg";"98D6D0A3869500C0BF0099443E79DD231BAC48B6AD0406F7DA3C5EB1FFA6CCCC";"Fisier local fara produs importat confirmat."
"imagine";"NEIDENTIFICAT";"";"negasit";"nu exista";"";"237-CHEER-09_4.jpg";"AA3348644D8E342D7732BED49E9303A54916320622D2EFAB729853C512D9ED85";"Fisier local fara produs importat confirmat."
"imagine";"NEIDENTIFICAT";"";"negasit";"nu exista";"";"237-CHEER-09_6.jpg";"21E34904698AB826AADEBE3AE884AEE68DB3816B71E48B0500559466E780AFF3";"Fisier local fara produs importat confirmat."
"imagine";"NEIDENTIFICAT";"";"negasit";"nu exista";"";"237-CHEER-10.jpg";"162FA791BB4CC90F540EDC83FC06004192ACE7A0E29BB6E95ACF961366CA289C";"Fisier local fara produs importat confirmat."
"imagine";"NEIDENTIFICAT";"";"negasit";"nu exista";"";"237-CHEER-10_1.jpg";"BD639FE7B1D45F3BC71CB029E7B47DC624074CC66224DF88134A8C7DF510C5B3";"Fisier local fara produs importat confirmat."
"imagine";"NEIDENTIFICAT";"";"negasit";"nu exista";"";"237-CHEER-10_2.jpg";"F1FB5C88186755BC8032A9B93E0C585BEA4AC2CE0CC89FF9A9575053BAE5322C";"Fisier local fara produs importat confirmat."
"imagine";"NEIDENTIFICAT";"";"negasit";"nu exista";"";"237-CHEER-10_3.jpg";"757DB84FF90EF916C979F44B65818062D0EF0990BFEA38DA33D73B1E37556C6A";"Fisier local fara produs importat confirmat."
"imagine";"NEIDENTIFICAT";"";"negasit";"nu exista";"";"237-CHEER-10_4.jpg";"73F892537BF7983821DBA0DFFD66B64A6BAC8AB9E95495BEE6FF75DDC214AAC3";"Fisier local fara produs importat confirmat."
"imagine";"NEIDENTIFICAT";"";"negasit";"nu exista";"";"237-CHEER-14.jpg";"B07CC9E8F76E8D6F2EE2A3C9E67C564F5109CAE16B14513DF0602A198C2B5E8B";"Fisier local fara produs importat confirmat."
"imagine";"NEIDENTIFICAT";"";"negasit";"nu exista";"";"237-CHEER-14_1.jpg";"4B239BD29A61E271651179AD301031173E09A84A0CDCB5E860046F6450899DE4";"Fisier local fara produs importat confirmat."
"imagine";"NEIDENTIFICAT";"";"negasit";"nu exista";"";"237-CHEER-14_2.jpg";"93BFD8EEF415FC1986030D1B69F989CE05F3C74F25FA1084E666BA9EC8C6FF1C";"Fisier local fara produs importat confirmat."
"imagine";"NEIDENTIFICAT";"";"negasit";"nu exista";"";"237-CHEER-14_3.jpg";"5011B56923DEEAD648F8CCD627256F3BBE9413F41B0DB177710E7AA49BD9F4A0";"Fisier local fara produs importat confirmat."
"imagine";"NEIDENTIFICAT";"";"negasit";"nu exista";"";"237-CHEER-14_4.jpg";"E2D030AAA257958D7205A1BB2018BEE026BC9FD95B595E36EA4FF2D85A1851E9";"Fisier local fara produs importat confirmat."
"imagine";"NEIDENTIFICAT";"";"negasit";"nu exista";"";"237-CHEER-16.jpg";"C5F7134BF02A889C4B1661680EF54341448C00EDE9C306168A37873AC0DC1798";"Fisier local fara produs importat confirmat."
"imagine";"NEIDENTIFICAT";"";"negasit";"nu exista";"";"237-CHEER-16_1.jpg";"AB11A178A3B6D94F18FBD6E3FC2F869566D0CA7387048F2831E26C69B8603761";"Fisier local fara produs importat confirmat."
"imagine";"NEIDENTIFICAT";"";"negasit";"nu exista";"";"237-CHEER-16_2.jpg";"E5CEFDD6B54E6A6F2A2D335B6D3F25A8739879B37D643104DFA9BF4819D014DE";"Fisier local fara produs importat confirmat."
"imagine";"NEIDENTIFICAT";"";"negasit";"nu exista";"";"237-CHEER-16_3.jpg";"141B16C2BD4CCA5FA16AE595BC72CF98A70E0DCFBD438E24C041E4C7B52F63D0";"Fisier local fara produs importat confirmat."
"imagine";"NEIDENTIFICAT";"";"negasit";"nu exista";"";"237-CHEER-16_4.jpg";"F2DB427059A93120962CADEDE656206F537D5DC4822A07346354AF82133B8306";"Fisier local fara produs importat confirmat."
"imagine";"NEIDENTIFICAT";"";"negasit";"nu exista";"";"237-CHEER-17.jpg";"9CB5929652BD775AE2275B17482AA5AE0BC493951DD3648B5AC56F81266ABCC9";"Fisier local fara produs importat confirmat."
"imagine";"NEIDENTIFICAT";"";"negasit";"nu exista";"";"237-CHEER-17_1.jpg";"0871E65A411D2A591323857E4BCAB7A7FFA512CCE2286D7985869C10E5FCD44F";"Fisier local fara produs importat confirmat."
"imagine";"NEIDENTIFICAT";"";"negasit";"nu exista";"";"237-CHEER-17_2.jpg";"EBE2653B6B543C1971944F9AE7FA258121AB94B82C102165C5E2A3D107FB1FB8";"Fisier local fara produs importat confirmat."
"imagine";"NEIDENTIFICAT";"";"negasit";"nu exista";"";"237-CHEER-17_3.jpg";"FCE863F23834A9CD77DC32186CDE31BC66C82BBF06DAAD2643F4641841F0D7E6";"Fisier local fara produs importat confirmat."
"imagine";"NEIDENTIFICAT";"";"negasit";"nu exista";"";"237-CHEER-17_4.jpg";"3FA2D83D3DC21E6FC6355E4F95793F84396DAD20DDBC3351D8153515A812D3DE";"Fisier local fara produs importat confirmat."
"imagine";"NEIDENTIFICAT";"";"negasit";"nu exista";"";"237-CHEER-17_6.jpg";"63B2C00A8E4949148B27DEFC49B0C790F82D9819A3CF44F23D9DA83FC7F261DB";"Fisier local fara produs importat confirmat."
"imagine";"NEIDENTIFICAT";"";"negasit";"nu exista";"";"237-CHEER-18B.jpg";"0896E11BF1F4E0614C9C1067E227603D4C410E6663C0102EBAE94F7A826C0061";"Fisier local fara produs importat confirmat."
"imagine";"NEIDENTIFICAT";"";"negasit";"nu exista";"";"237-CHEER-18B_1.jpg";"52935309F11AC6CF7108C74DC5407D4BDE224F51A5C3F9A0C93910B99B6E3BBC";"Fisier local fara produs importat confirmat."
"imagine";"NEIDENTIFICAT";"";"negasit";"nu exista";"";"237-CHEER-18B_2.jpg";"DADA9A56A84D98B5B98DD03A9BD28D9DEE28A3F612ECA4DBC3DD88FAE9D9C92D";"Fisier local fara produs importat confirmat."
"imagine";"NEIDENTIFICAT";"";"negasit";"nu exista";"";"237-CHEER-18B_3.jpg";"382917B02E073E1DB311BC98EA73C65866B8C810EF902D243BBFA702D9265061";"Fisier local fara produs importat confirmat."
"imagine";"NEIDENTIFICAT";"";"negasit";"nu exista";"";"237-CHEER-18B-4.jpg";"BA65D881DB42B5EBA3E1B6CB6428FB01506F0F680C649DEDA0F5E7512FA8F159";"Fisier local fara produs importat confirmat."
"imagine";"NEIDENTIFICAT";"";"negasit";"nu exista";"";"237-CHEER-22.jpg";"3A56F040DF5AFBA9E06DB7BE987D5A44BDAA65CE00AE0DF48CF190237405216E";"Fisier local fara produs importat confirmat."
"imagine";"NEIDENTIFICAT";"";"negasit";"nu exista";"";"237-CHEER-22_1.jpg";"F394110657EBC53F85A069FBD6771A1BD206CE7283303F13E06F230AACE14C74";"Fisier local fara produs importat confirmat."
"imagine";"NEIDENTIFICAT";"";"negasit";"nu exista";"";"237-CHEER-22_2.jpg";"94807271F6BFB06559DBE09B361831ECA574A74D12221EFA297D1A4350BD353E";"Fisier local fara produs importat confirmat."
"imagine";"NEIDENTIFICAT";"";"negasit";"nu exista";"";"237-CHEER-22_3.jpg";"F390A6F7273F8997E6276CED6F8F51750FEE6E2135814CF951AF750985D21815";"Fisier local fara produs importat confirmat."
"imagine";"NEIDENTIFICAT";"";"negasit";"nu exista";"";"237-CHEER-22_4.jpg";"9D1CB0BD5D6253B582E337694B2C97BA6A4CF0408269B4CAD5363815B2823A25";"Fisier local fara produs importat confirmat."
"imagine";"NEIDENTIFICAT";"";"negasit";"nu exista";"";"237-CHEER-7B (2).jpg";"65ABBA71F682F6B7A4DBF65AC6A86ACD9B4E3B64C5613DADF58404F39F21AC7B";"Fisier local fara produs importat confirmat."
"imagine";"NEIDENTIFICAT";"";"negasit";"nu exista";"";"237-CHEER-7B.jpg";"1B2C96061B0CB5E925B180882D615886A40D510ACC079039A8D2F9FCCF7FB583";"Fisier local fara produs importat confirmat."
"imagine";"NEIDENTIFICAT";"";"negasit";"nu exista";"";"237-CHEER-7B_1.jpg";"B19D3D43984332F4C6D23FCCAFBCDCB289E1DA56D9CFD2F809255E7B4FF4D3D8";"Fisier local fara produs importat confirmat."
"imagine";"NEIDENTIFICAT";"";"negasit";"nu exista";"";"237-CHEER-7B_3.jpg";"CFC36B3D404915BE265D78823B741F03F4062B05E756A1915E272E55919DD040";"Fisier local fara produs importat confirmat."
"imagine";"NEIDENTIFICAT";"";"negasit";"nu exista";"";"237-CHEER-7B_6.jpg";"198A6ED61B7537A227A03E6A8B6B44C238C4AF9E653EA734AEBD6386504DDF76";"Fisier local fara produs importat confirmat."
"imagine";"NEIDENTIFICAT";"";"negasit";"nu exista";"";"237-CHEER-7B_7.jpg";"A8B469D9BF566F050D52C08BE5EC5F7CF791AF5A69DA35DDD91503E991C79D58";"Fisier local fara produs importat confirmat."
"imagine";"NEIDENTIFICAT";"";"negasit";"nu exista";"";"237-CORA-01.jpg";"17171B89F1CA44C849968674A0700D5F49DBBDB3064456B102818A11E70B7DF1";"Fisier local fara produs importat confirmat."
"imagine";"NEIDENTIFICAT";"";"negasit";"nu exista";"";"237-CORA-01_3.jpg";"BF8D2C497B93C17BD922928C99529D946696DF58762FFDCCA4258D533C69885E";"Fisier local fara produs importat confirmat."
"imagine";"NEIDENTIFICAT";"";"negasit";"nu exista";"";"237-CORA-01_4.jpg";"48824621EBABEF5260E62609F7E7078A7F659A8D4E9963B5173E1C4DBD63914C";"Fisier local fara produs importat confirmat."
"imagine";"NEIDENTIFICAT";"";"negasit";"nu exista";"";"237-CORA-06_1.jpg";"96E13CBCA5CCBF698A96DDC0B446FB727878083A05ACAAD33961AB5311EBB850";"Fisier local fara produs importat confirmat."
"imagine";"NEIDENTIFICAT";"";"negasit";"nu exista";"";"237-CORA-06_2.jpg";"C42DEAC221B913BFF2FA27033B653B42F563078FAB3289FBB82E069C25446026";"Fisier local fara produs importat confirmat."
"imagine";"NEIDENTIFICAT";"";"negasit";"nu exista";"";"237-CORA-06_3.jpg";"2AE6452E1DB384204B65D427CD40D04D42C68868526B476823DC4119FBFE699C";"Fisier local fara produs importat confirmat."
"imagine";"NEIDENTIFICAT";"";"negasit";"nu exista";"";"279-CAROLINA-01_4.jpg";"C95A1E550539098584238AF4D07C32F81616425F97B46D270176D36A854C800C";"Fisier local fara produs importat confirmat."
"imagine";"NEIDENTIFICAT";"";"negasit";"nu exista";"";"314-BELMONT-07.JPG";"2658BEFC1676A96E2F671FC97A0C619B614236709C07595AB1E55DFAB7CFF332";"Fisier local fara produs importat confirmat."
"imagine";"NEIDENTIFICAT";"";"negasit";"nu exista";"";"314-BELMONT-07_1.JPG";"69019B917EB879F12BC09C4B4F98BFDE3480AE690ABD39024C7C58EAC25B590A";"Fisier local fara produs importat confirmat."
"imagine";"NEIDENTIFICAT";"";"negasit";"nu exista";"";"314-BELMONT-07_2.JPG";"FCEA253D88B2F57E10A6FBCF9343B48DB3B2B5DB485A824E3531255D332DB92A";"Fisier local fara produs importat confirmat."
"imagine";"NEIDENTIFICAT";"";"negasit";"nu exista";"";"314-BELMONT-07_3.JPG";"E49792C15D314C52BD16DED9CB6DA425C6BA31DE4E7D3836E09B79202033A9B6";"Fisier local fara produs importat confirmat."
"imagine";"NEIDENTIFICAT";"";"negasit";"nu exista";"";"314-BELMONT-07_4.JPG";"E764813022EFA9132D71B0490889EA2E77C8ADC968DD5C9F93F2122294383098";"Fisier local fara produs importat confirmat."
"imagine";"NEIDENTIFICAT";"";"negasit";"nu exista";"";"314-CIELO-03.jpg";"1B7114D4803B19DE7B8D4FB2F3777B5CA9625FCFF08EB12E2851FE0F691A4A2A";"Fisier local fara produs importat confirmat."
"imagine";"NEIDENTIFICAT";"";"negasit";"nu exista";"";"314-CIELO-03_1.jpg";"123044BCC0C839EC364F7473F42148BC2DE273FFA16B2EA8E4068F7DABEBC0C0";"Fisier local fara produs importat confirmat."
"imagine";"NEIDENTIFICAT";"";"negasit";"nu exista";"";"314-CIELO-03_2.jpg";"89C865B2164642851AAA418A54C4CB62B203DB1AFD3C173E0EF1DF96D78CD7E8";"Fisier local fara produs importat confirmat."
"imagine";"NEIDENTIFICAT";"";"negasit";"nu exista";"";"314-CIELO-03_3.jpg";"70539397A65A9E3E4ADA37661471745039EFA247A7B3B2CACF8642ECEAF86445";"Fisier local fara produs importat confirmat."
"imagine";"NEIDENTIFICAT";"";"negasit";"nu exista";"";"314-CIELO-03_4.jpg";"0809F8449622750065A895B1FB5957B0063052F9C7607F9EE407F432BBB8B9C0";"Fisier local fara produs importat confirmat."
"imagine";"NEIDENTIFICAT";"";"negasit";"nu exista";"";"314-CIELO-05.jpg";"03D27384D42FB61FD7CBADF558620F0E40300249FB319E632DED20A4E9A333AA";"Fisier local fara produs importat confirmat."
"imagine";"NEIDENTIFICAT";"";"negasit";"nu exista";"";"314-CIELO-05_1.jpg";"03195B6DEE0DF26F2DB261E0C9711805EB0859B577F01A98C4EB3F10B6DE029A";"Fisier local fara produs importat confirmat."
"imagine";"NEIDENTIFICAT";"";"negasit";"nu exista";"";"314-CIELO-05_2.jpg";"C3B8B7F29BFE64867B1B80DC20D60C8F44EB6038E15F483E4C6DB6BBA76EC97F";"Fisier local fara produs importat confirmat."
"imagine";"NEIDENTIFICAT";"";"negasit";"nu exista";"";"314-CIELO-05_3.jpg";"C55128E9E6586E70C44F5647E97B6FFA09BD5ABD92BC77FC8EFA002397878891";"Fisier local fara produs importat confirmat."
"imagine";"NEIDENTIFICAT";"";"negasit";"nu exista";"";"314-CIELO-05_4.jpg";"620EA79A75701924D725116AD093F85AD4F685A9626453158F885BA208E1E3DC";"Fisier local fara produs importat confirmat."
"imagine";"NEIDENTIFICAT";"";"negasit";"nu exista";"";"314-CIELO-14.jpg";"818AB0C0059801E09F56024BB23DD0A72DE54C27309963F578AD427DD0FCADBF";"Fisier local fara produs importat confirmat."
"imagine";"NEIDENTIFICAT";"";"negasit";"nu exista";"";"314-CIELO-14_1.jpg";"5C254B3D5F448BA635BFD9C2AE465737AFD2E6FDF11AF915FC103BCB1E664E06";"Fisier local fara produs importat confirmat."
"imagine";"NEIDENTIFICAT";"";"negasit";"nu exista";"";"314-CIELO-14_2.jpg";"D292EE5E0F84E3C474ED43A5363C094A4021E5F1CAEA6C18C5DD8ED41BFFE03F";"Fisier local fara produs importat confirmat."
"imagine";"NEIDENTIFICAT";"";"negasit";"nu exista";"";"314-CIELO-14_3.jpg";"C457F6F3A8EEE46A6AA2EBC1DAC3636626704DFEF9BF33AE11BD907176AC12B7";"Fisier local fara produs importat confirmat."
"imagine";"NEIDENTIFICAT";"";"negasit";"nu exista";"";"314-CIELO-14_4.jpg";"4782D0DE4933E07FFC99ABA781FDD60E3E0A0D1028D06E5319FC916B0D4FA7C4";"Fisier local fara produs importat confirmat."
"imagine";"NEIDENTIFICAT";"";"negasit";"nu exista";"";"314-GIUSEPPE-01.jpg";"EBE7C2450FF09F09899358CC80FBD65C0B27F170459EF3C5ABD6269F86D6C521";"Fisier local fara produs importat confirmat."
"imagine";"NEIDENTIFICAT";"";"negasit";"nu exista";"";"314-GIUSEPPE-01_4.JPG";"002AA80325D2F6850D2D65DA9E76C7F504295285B4F2B034438A60156C2367E0";"Fisier local fara produs importat confirmat."
"imagine";"NEIDENTIFICAT";"";"negasit";"nu exista";"";"314-GIUSEPPE-09.JPG";"9386B5949E9330F8EB8C52EB410A061B28435EAE4AF4536BBC013629EEB55DF9";"Fisier local fara produs importat confirmat."
"imagine";"NEIDENTIFICAT";"";"negasit";"nu exista";"";"314-GIUSEPPE-09_4.jpg";"A1A358B9B4BB4C6C5FBA5037E8F394FD7F07A151F2F6519D659BF4C1CD134AB0";"Fisier local fara produs importat confirmat."
"imagine";"NEIDENTIFICAT";"";"negasit";"nu exista";"";"314-MARCIANO-06.jpg";"E8DCA903E337774242D3E03006937AA9E7041C330245065BB22D8DAD54F684E1";"Fisier local fara produs importat confirmat."
"imagine";"NEIDENTIFICAT";"";"negasit";"nu exista";"";"314-MARCIANO-06_5.jpg";"BE563DD22A7A146853787DD15C7ADB19BC95EF80E523D0EB68DF1AF11AA5CE10";"Fisier local fara produs importat confirmat."
"imagine";"NEIDENTIFICAT";"";"negasit";"nu exista";"";"314-MARCIANO-06_6.jpg";"5735A2B2D272B3A1396731C848E70F6BA3F4D5635C7202A2DC3F54E6BCE40D1F";"Fisier local fara produs importat confirmat."
"imagine";"NEIDENTIFICAT";"";"negasit";"nu exista";"";"314-MARCIANO-06_8.jpg";"3B45A440C459DD1F1E18792F69D4F324285643084E127A993C93FF23341071E8";"Fisier local fara produs importat confirmat."
"imagine";"NEIDENTIFICAT";"";"negasit";"nu exista";"";"314-MARCIANO-06_9.jpg";"05CC4894D0DC8F2CCA57AE68941197DB139278481CB89A106AF86EB06E3AEC32";"Fisier local fara produs importat confirmat."
"imagine";"NEIDENTIFICAT";"";"negasit";"nu exista";"";"314-RAVELO-01_4.jpg";"BF39D0A912F3B9DDD458F4FE03FC9DD5AB4C648BDC035BEC15FEE58B27867FC3";"Fisier local fara produs importat confirmat."
"imagine";"NEIDENTIFICAT";"";"negasit";"nu exista";"";"314-RAVELO-01_5.jpg";"B7406E91B6C529396A31295B09A35FD5B604750FECE6B97D67242715B272ADD8";"Fisier local fara produs importat confirmat."
"imagine";"NEIDENTIFICAT";"";"negasit";"nu exista";"";"314-RAVELO-01_6.jpg";"F2EDF7BCE2D458030979511D0F67BCCF84C8A5C2B8900A3FADADADDAA36D0611";"Fisier local fara produs importat confirmat."
"imagine";"NEIDENTIFICAT";"";"negasit";"nu exista";"";"314-RAVELO-01_9.jpg";"6781F0C7A651C92585589830F327DF05BA08F96E559DBCA027C83CB422929EF0";"Fisier local fara produs importat confirmat."
"imagine";"NEIDENTIFICAT";"";"negasit";"nu exista";"";"314-RAVELO-06.jpg";"C1EB3730EA5B1BE6CF9F78A3DA9482192705E5DDA6DF70928A4D1900BD632FC1";"Fisier local fara produs importat confirmat."
"imagine";"NEIDENTIFICAT";"";"negasit";"nu exista";"";"314-RAVELO-06_1.jpg";"E8657FC99D96544938C960C0FC3C94AC25C7B646FAD86613DD9AA277038DC7F0";"Fisier local fara produs importat confirmat."
"imagine";"NEIDENTIFICAT";"";"negasit";"nu exista";"";"314-RAVELO-06_3.jpg";"9F00E594D4CE8E17E196481D653582D9AF54D80AEC62CC85F34FEF4B49F315CC";"Fisier local fara produs importat confirmat."
"imagine";"NEIDENTIFICAT";"";"negasit";"nu exista";"";"314-RAVELO-06_4.jpg";"E98AA4AC7562D081E9C72F79AC4DFE96AE9D1AFB571E76AEF2EC6236DD2EDFD5";"Fisier local fara produs importat confirmat."
"imagine";"NEIDENTIFICAT";"";"negasit";"nu exista";"";"314-RAVELO-08.jpg";"3651ADA80232F31C4D4B3ACC358A5D97764020E9A1C5823ED6A00CFA189736B2";"Fisier local fara produs importat confirmat."
"imagine";"NEIDENTIFICAT";"";"negasit";"nu exista";"";"314-RAVELO-08_1.jpg";"797EA13AE7BFCB7B49534E5592544837A2A20B786BA751A79B3FA655C1DAC0C1";"Fisier local fara produs importat confirmat."
"imagine";"NEIDENTIFICAT";"";"negasit";"nu exista";"";"314-RAVELO-08_3.jpg";"E6C0083934EBDEA105C0CB4A862750F02234EB0EB44C2F6B536C90D93102BEC1";"Fisier local fara produs importat confirmat."
"imagine";"NEIDENTIFICAT";"";"negasit";"nu exista";"";"314-RAVELO-08_4.jpg";"023CA5DF5C877FB0118B2F89FAA127103BDF56C0BAF36CC39E0D7C1735D34185";"Fisier local fara produs importat confirmat."
"imagine";"NEIDENTIFICAT";"";"negasit";"nu exista";"";"315-ANALIA-01_1.jpg";"F7ADF3B354E14847551F1AA01F5F0037105BF2F369A8B0559F86DF1A13E7E9D3";"Fisier local fara produs importat confirmat."
"imagine";"NEIDENTIFICAT";"";"negasit";"nu exista";"";"315-ANALIA-01_2.jpg";"5C01070C98C2C5AA4BAD79E77C9891520469528484CEF47FF88D1CD7EF8C7541";"Fisier local fara produs importat confirmat."
"imagine";"NEIDENTIFICAT";"";"negasit";"nu exista";"";"315-APRIL-01.JPG";"5D83968901D1B0DC351A2B7394B4046B5A9B1DBACCC2C6EE071DC2CA5293EBF9";"Fisier local fara produs importat confirmat."
"imagine";"NEIDENTIFICAT";"";"negasit";"nu exista";"";"315-APRIL-01_1.JPG";"DF4E97F0FD6F74FBB0B8D4458E49B58BC5B658CC4F7D81F98FD869502B7974AE";"Fisier local fara produs importat confirmat."
"imagine";"NEIDENTIFICAT";"";"negasit";"nu exista";"";"315-APRIL-01_2.JPG";"B7A1435069345682EA27422A7CB9C31DD2047D0C6F44A381865338DCD4BB3F55";"Fisier local fara produs importat confirmat."
"imagine";"NEIDENTIFICAT";"";"negasit";"nu exista";"";"315-APRIL-01_2_alb_2000.jpg";"DA434BFCC499F1AFEE4DC95AB265F493A4239B56978CCCC5CA2F464B5379269F";"Fisier local fara produs importat confirmat."
"imagine";"NEIDENTIFICAT";"";"negasit";"nu exista";"";"315-APRIL-01_3.JPG";"918E2D730D71B1EF377A7CA7520D20D0768DDE3970F9A2FE731A13D7D4BE7B9A";"Fisier local fara produs importat confirmat."
"imagine";"NEIDENTIFICAT";"";"negasit";"nu exista";"";"315-APRIL-01_4.JPG";"8B50A2FD333D7A81C277DB38EB3BEBA58C0831121FE795FAD2DCC56699CFED8D";"Fisier local fara produs importat confirmat."
"imagine";"NEIDENTIFICAT";"";"negasit";"nu exista";"";"315-FLAME-C1.jpg";"930733815EEBE1A6CDA1F1BD182E117CE89E1195612A8D2B67EE1C48964A8477";"Fisier local fara produs importat confirmat."
"imagine";"NEIDENTIFICAT";"";"negasit";"nu exista";"";"315-FLAME-C1_10.jpg";"84A9C2290A988AC67FCD78755D4BF893B3EF29FCD4323699C0CC87F230A7D16A";"Fisier local fara produs importat confirmat."
"imagine";"NEIDENTIFICAT";"";"negasit";"nu exista";"";"315-FLAME-C1_5.jpg";"416E2F398D32027A47FECB7B3E3768DF624949FD2A0CC1A884FCB0AACDE9D355";"Fisier local fara produs importat confirmat."
"imagine";"NEIDENTIFICAT";"";"negasit";"nu exista";"";"315-FLAME-C1_6.jpg";"650BAD6CCF5CF5C5913F3D01219057C0446307D124A5F2F8540B8185D8964572";"Fisier local fara produs importat confirmat."
"imagine";"NEIDENTIFICAT";"";"negasit";"nu exista";"";"315-FLAME-C1_8.jpg";"4D7BDBDBB06B53392D90555F9900621E8969CC71C53617BA3F7ED7F0990D0C19";"Fisier local fara produs importat confirmat."
"imagine";"NEIDENTIFICAT";"";"negasit";"nu exista";"";"315-FLAME-C1_9.jpg";"39A9F9F27DDBA1C5A8D34D6ADF98AC0BA76E4E9C87917D78481C0FA806589977";"Fisier local fara produs importat confirmat."
"imagine";"NEIDENTIFICAT";"";"negasit";"nu exista";"";"315-FLAME-C2.jpg";"B26DB7115F714287B41E9F8B06C59B1EC2393A57CF8FB6BD4941D7E2216FBFEE";"Fisier local fara produs importat confirmat."
"imagine";"NEIDENTIFICAT";"";"negasit";"nu exista";"";"315-FLAME-C2_10.jpg";"ECCEEB8B401CA0539E209542B1D88343C1C6469CA272504D865981E5516E1402";"Fisier local fara produs importat confirmat."
"imagine";"NEIDENTIFICAT";"";"negasit";"nu exista";"";"315-FLAME-C2_5.jpg";"FAB1838DB1B60AD0B8A54920EC9F06DB8BBAF8690042F55A970B4CC3D9FED666";"Fisier local fara produs importat confirmat."
"imagine";"NEIDENTIFICAT";"";"negasit";"nu exista";"";"315-FLAME-C2_6.jpg";"38FFCEA82751C3D1B5A92F084E8E3D9FF496354DBB0BA763419AF9B57A1AA8A3";"Fisier local fara produs importat confirmat."
"imagine";"NEIDENTIFICAT";"";"negasit";"nu exista";"";"315-FLAME-C2_8.jpg";"6A074E5B4D5EB2209B083174CA9399DA477E32BC824329B000454E2CF7E738B6";"Fisier local fara produs importat confirmat."
"imagine";"NEIDENTIFICAT";"";"negasit";"nu exista";"";"315-FLAME-C2_9.jpg";"DFE0BD3F509124B1A7BE3DE2274548E608B939BA8CD2C971F1ADBFC2B3E809D9";"Fisier local fara produs importat confirmat."
"imagine";"NEIDENTIFICAT";"";"negasit";"nu exista";"";"315-JANINE-01.jpg";"7D8A7626DFC38AEF6CE5FABCB22CF783244E7688C4F99655B142EC298D64DA15";"Fisier local fara produs importat confirmat."
"imagine";"NEIDENTIFICAT";"";"negasit";"nu exista";"";"315-JANINE-01_5.jpg";"471553B8619531E48216B051E379AA16CA670E5762D2C73101EF290E7A0F783A";"Fisier local fara produs importat confirmat."
"imagine";"NEIDENTIFICAT";"";"negasit";"nu exista";"";"315-JANINE-01_6.jpg";"8D1586267FBCE1A1EF3E7109CC876D76F7E1BE74B01D08225F707835858ED519";"Fisier local fara produs importat confirmat."
"imagine";"NEIDENTIFICAT";"";"negasit";"nu exista";"";"315-JANINE-01_8.jpg";"808679EFCDE6F84966EB8626FD6DB6DEDF91E4A6C80972713DF75338E5DDF10F";"Fisier local fara produs importat confirmat."
"imagine";"NEIDENTIFICAT";"";"negasit";"nu exista";"";"315-JANINE-01_9.jpg";"22BE82EDF2603A05F21882C5A99F53BBF6193BF1F73CC7364558AA1ED6EC0D95";"Fisier local fara produs importat confirmat."
"imagine";"NEIDENTIFICAT";"";"negasit";"nu exista";"";"315-LEIA-01.jpg";"8316B967060DF4C111846778FB643B789CB66B60EF04AADE57DF719A9547D5C5";"Fisier local fara produs importat confirmat."
"imagine";"NEIDENTIFICAT";"";"negasit";"nu exista";"";"315-LEIA-01_1 (2).jpg";"14F43A816FE0AD600244265B407357FA14426B2D3081D78705A4E8D34A1CC9F5";"Fisier local fara produs importat confirmat."
"imagine";"NEIDENTIFICAT";"";"negasit";"nu exista";"";"315-LEIA-01_2.jpg";"6AA4426DFC24146CF2FA084E20133818844DE066C48DDD96A768271062B02FAF";"Fisier local fara produs importat confirmat."
"imagine";"NEIDENTIFICAT";"";"negasit";"nu exista";"";"315-LEIA-01_3.jpg";"50022C1B15A1670F4CC5714BC9076560CC67E86ABB16125426D07B461A28AC3A";"Fisier local fara produs importat confirmat."
"imagine";"NEIDENTIFICAT";"";"negasit";"nu exista";"";"315-LEIA-01_4.jpg";"A7CA7C25980E3E70F95CBE4BF93D52DBFF3D16BD17B86986733954775A8A4AF4";"Fisier local fara produs importat confirmat."
"imagine";"NEIDENTIFICAT";"";"negasit";"nu exista";"";"315-LOUISIANA-01.jpg";"955C37FCFD03D77FEBD63F0E3BE76D30FAFD6B334600249C8F0A3F24A879A8C6";"Fisier local fara produs importat confirmat."
"imagine";"NEIDENTIFICAT";"";"negasit";"nu exista";"";"315-LOUISIANA-01_10.jpg";"0998B727D4D993087B10466786A91BDC0407B2BA150522C40306D67A044FA7FD";"Fisier local fara produs importat confirmat."
"imagine";"NEIDENTIFICAT";"";"negasit";"nu exista";"";"315-LOUISIANA-01_5.jpg";"EB7A648B9423B466250AD0E3FA66DC49149AA66D9479A58B09425A4829B33780";"Fisier local fara produs importat confirmat."
"imagine";"NEIDENTIFICAT";"";"negasit";"nu exista";"";"315-LOUISIANA-01_6.jpg";"127669518BABE690F70979778CA909635043A1F403F7B0B9570BE043054ED8E5";"Fisier local fara produs importat confirmat."
"imagine";"NEIDENTIFICAT";"";"negasit";"nu exista";"";"315-LOUISIANA-01_8.jpg";"E3667BFA5D4A6CF26012E2ED0A47B63667A07B321B22D040829975AE61DC6817";"Fisier local fara produs importat confirmat."
"imagine";"NEIDENTIFICAT";"";"negasit";"nu exista";"";"315-LOUISIANA-01_9.jpg";"9BB2B784B30DEECBE9E8E96CCF44F2A51A414D049833330439FBBE907BDB04C0";"Fisier local fara produs importat confirmat."
"imagine";"NEIDENTIFICAT";"";"negasit";"nu exista";"";"315-PESCARA-01.jpg";"987C0B144214071139DB34F29CF94DAEE0A4FF6A0D3AC725D0F86F5D05F53321";"Fisier local fara produs importat confirmat."
"imagine";"NEIDENTIFICAT";"";"negasit";"nu exista";"";"315-PESCARA-01_1.jpg";"811CFDB33D8BAAD9F3602F9EA74C95ACB078536B2DB0B53184A6E2FD1DBB2FD1";"Fisier local fara produs importat confirmat."
"imagine";"NEIDENTIFICAT";"";"negasit";"nu exista";"";"315-PESCARA-01_2.jpg";"F63438DC356ED46C68770DFBE0967F27D8EB99C563B3528BA6C825E2EDBB6EC4";"Fisier local fara produs importat confirmat."
"imagine";"NEIDENTIFICAT";"";"negasit";"nu exista";"";"315-PESCARA-01_3.jpg";"B9A7D13855CF2AF42A96605619ECE76C7289E8EA38780DCA58280C2BA184598A";"Fisier local fara produs importat confirmat."
"imagine";"NEIDENTIFICAT";"";"negasit";"nu exista";"";"315-PESCARA-01_4.jpg";"2CC86DFCD642E7A1440E1CB769FE55D449866D7AC6FEAAFF1875235B1B3855D1";"Fisier local fara produs importat confirmat."
"imagine";"NEIDENTIFICAT";"";"negasit";"nu exista";"";"315-RIVA-02_20.jpg";"6083BA96C504FDA2D19CEF337C06424A5BD099437E59E8EA41B490DD634DA9AF";"Fisier local fara produs importat confirmat."
"imagine";"NEIDENTIFICAT";"";"negasit";"nu exista";"";"315-RIVA-02_3.jpg";"8556D100BE2C1A804A6FEDB19E3523104CD3A8B32723A56D100022C32C681BEA";"Fisier local fara produs importat confirmat."
"imagine";"NEIDENTIFICAT";"";"negasit";"nu exista";"";"315-RIVA-02_5.jpg";"4143FC836B2D2C0C38203D99A67D90B3A50489AC8E3AC0AD85D281F436DFE737";"Fisier local fara produs importat confirmat."
"imagine";"NEIDENTIFICAT";"";"negasit";"nu exista";"";"315-RIVA-02_6.jpg";"B963D3088BD972631E490DEFC912A3286BEF4C05FFDAB54454FAE399F527487D";"Fisier local fara produs importat confirmat."
"imagine";"NEIDENTIFICAT";"";"negasit";"nu exista";"";"315-RIVA-03.jpg";"73FC1F0F88BD98EFED1920C3D30C6FD329A28E68EADF418F51561C7E7FBD1CF3";"Fisier local fara produs importat confirmat."
"imagine";"NEIDENTIFICAT";"";"negasit";"nu exista";"";"315-RIVA-03_1.jpg";"009F7888B5A5B259E5901BE5970C07E961F4F1DFC7D033935C765DF0250D9EE5";"Fisier local fara produs importat confirmat."
"imagine";"NEIDENTIFICAT";"";"negasit";"nu exista";"";"315-RIVA-03_2.jpg";"92C0E3071D079CD7D9E3E81D4D6EE20E630B6DFBF0D362A5184CF6BAE5B99986";"Fisier local fara produs importat confirmat."
"imagine";"NEIDENTIFICAT";"";"negasit";"nu exista";"";"315-RIVA-03_4.jpg";"9A23AA2C398AE7217D771F5191ED22EA8E1AFFAF094E675C303A42E807418BE7";"Fisier local fara produs importat confirmat."
"imagine";"NEIDENTIFICAT";"";"negasit";"nu exista";"";"315-RIVA-04.jpg";"430E334842D6DAD44919A66606F69DCB1A7D38B943707502C00921916409FB3E";"Fisier local fara produs importat confirmat."
"imagine";"NEIDENTIFICAT";"";"negasit";"nu exista";"";"315-RIVA-04_1.jpg";"AB02EB897997A3DE3633F16CD8AC290CBAFD8C672D7701E639099EC320DCE579";"Fisier local fara produs importat confirmat."
"imagine";"NEIDENTIFICAT";"";"negasit";"nu exista";"";"315-RIVA-04_2.jpg";"FB53BA39A5EDEF37EB396992BBAE11787E0814BE26C3B7FA24F07DFCB0747170";"Fisier local fara produs importat confirmat."
"imagine";"NEIDENTIFICAT";"";"negasit";"nu exista";"";"315-RIVA-04_4.jpg";"9A0AB82D16BC8609D6401102A1623074072D7D0902AD8B59A61786A39D761D75";"Fisier local fara produs importat confirmat."
"imagine";"NEIDENTIFICAT";"";"negasit";"nu exista";"";"315-RIVA-08.jpg";"9DAD921C4A7EA1333CC79D8AD3B4F3E487512B8343C90AEFB87D7B87344F4444";"Fisier local fara produs importat confirmat."
"imagine";"NEIDENTIFICAT";"";"negasit";"nu exista";"";"315-RIVA-08_1.jpg";"0BF12A9DBC92D1157FB10FDC17B144AA6E46456BF749F9A3DEDE8035F1E6048F";"Fisier local fara produs importat confirmat."
"imagine";"NEIDENTIFICAT";"";"negasit";"nu exista";"";"315-RIVA-08_2.jpg";"2CE9E9C0880BAEF1C25B226EAC52EE54EED63BE31A426BAD1E218BA330460219";"Fisier local fara produs importat confirmat."
"imagine";"NEIDENTIFICAT";"";"negasit";"nu exista";"";"315-RIVA-08_3.jpg";"20D99509F4724D5150DC9C59ACFAD11F85F145EE09FE36F395E6B7C8B7CC9A60";"Fisier local fara produs importat confirmat."
"imagine";"NEIDENTIFICAT";"";"negasit";"nu exista";"";"315-RIVA-08_4.jpg";"2487EEEE466B0E83E25D6A072B1FEF45840DB141C34BE3689A44C7226DACBF7C";"Fisier local fara produs importat confirmat."
"imagine";"NEIDENTIFICAT";"";"negasit";"nu exista";"";"315-RIVA-10.jpg";"127691E06686270335D73D36BD40359AA1D091BE008074439B3ABA988B0F26E4";"Fisier local fara produs importat confirmat."
"imagine";"NEIDENTIFICAT";"";"negasit";"nu exista";"";"315-RIVA-10_1.jpg";"F8F0D31A192E97967A17E651DC8375A359480E65720F1C83E2E58806B8750D72";"Fisier local fara produs importat confirmat."
"imagine";"NEIDENTIFICAT";"";"negasit";"nu exista";"";"315-RIVA-10_2.jpg";"056823258965206D9F12F4C1C67AFE609ADF2D4BCA243ED261567799CBFFB009";"Fisier local fara produs importat confirmat."
"imagine";"NEIDENTIFICAT";"";"negasit";"nu exista";"";"315-RIVA-10_3.jpg";"3D8A6A2EB37F2D2CB047B3F9418131BF3205740E4718D0A64B5B3863D035B169";"Fisier local fara produs importat confirmat."
"imagine";"NEIDENTIFICAT";"";"negasit";"nu exista";"";"315-RIVA-10_4.jpg";"5AEC9B7CA45CE52A64B9D2F5F1851C97DD8BBA0061366E58C5C02E80D514D201";"Fisier local fara produs importat confirmat."
"imagine";"NEIDENTIFICAT";"";"negasit";"nu exista";"";"315-RIVA-15.jpg";"2BA342D4A177C6ECC5A6394D0FE70AFDB02A75A913DB22D538EC7DA60424653F";"Fisier local fara produs importat confirmat."
"imagine";"NEIDENTIFICAT";"";"negasit";"nu exista";"";"315-RIVA-15_1.jpg";"96C3F9A9F3670D8927B03688D12675640DB2DEFDB8C2241073E45390AF85F79C";"Fisier local fara produs importat confirmat."
"imagine";"NEIDENTIFICAT";"";"negasit";"nu exista";"";"315-RIVA-15_2.jpg";"317BB899334B6E5F1C35C33B5A7BA32B7C5A6A5626F5895A57CB363B9A1984E9";"Fisier local fara produs importat confirmat."
"imagine";"NEIDENTIFICAT";"";"negasit";"nu exista";"";"315-RIVA-15_3.jpg";"5E6F2778F733F52B1D5C6CFF65030BE3CECBFBF2881B632DB6F9FB760271FBA7";"Fisier local fara produs importat confirmat."
"imagine";"NEIDENTIFICAT";"";"negasit";"nu exista";"";"315-RIVA-15_4.jpg";"1408FE7F97A0BC7FA7648AC870D20B681BA7FEDAFD9C77C47779067A9190848B";"Fisier local fara produs importat confirmat."
"imagine";"NEIDENTIFICAT";"";"negasit";"nu exista";"";"315-YAYA-01_1.JPG";"A457DA8D930B244A9539FC3365A3EF8B42B4213E9225C9A24385B7743878761B";"Fisier local fara produs importat confirmat."
"imagine";"NEIDENTIFICAT";"";"negasit";"nu exista";"";"315-YAYA-01_2.JPG";"D99A4E97B60AA5D6669A18EECDAF306BB4E0DC91033C3F0F27FB9E9741D86FBD";"Fisier local fara produs importat confirmat."
"imagine";"NEIDENTIFICAT";"";"negasit";"nu exista";"";"315-YAYA-01_2000.jpg";"4867E61803011D15EF88C28BA4C3F3821C5E4B7528CC7F975450A45E9D38A4E6";"Fisier local fara produs importat confirmat."
"imagine";"NEIDENTIFICAT";"";"negasit";"nu exista";"";"315-YAYA-01_3.JPG";"B88D4CE4AE83F381B33685DB8B84191AAA97A3F1FFD117DEAD609690DA988420";"Fisier local fara produs importat confirmat."
"imagine";"NEIDENTIFICAT";"";"negasit";"nu exista";"";"325-AFRODITA-C1.JPG";"42773292672310D17B9C48F2FFE8278FD603585F78DF0689F13C5F7B49A0C51D";"Fisier local fara produs importat confirmat."
"imagine";"NEIDENTIFICAT";"";"negasit";"nu exista";"";"325-AFRODITA-C1_1.JPG";"F4901C9324304DE59542C02EC8A244A586410BF96769A03EB471655F9D4E8A33";"Fisier local fara produs importat confirmat."
"imagine";"NEIDENTIFICAT";"";"negasit";"nu exista";"";"325-AFRODITA-C1_2.JPG";"9D4F036ECE34B7AD14375B8BE4D1CB3288A2CF676712768AA5A34295719C0690";"Fisier local fara produs importat confirmat."
"imagine";"NEIDENTIFICAT";"";"negasit";"nu exista";"";"325-AFRODITA-C1_3.JPG";"ADE0D6606FA7B710BFD6E06EDFACC2DC4F26784B78588FE6BCB30A7FA72B08BF";"Fisier local fara produs importat confirmat."
"imagine";"NEIDENTIFICAT";"";"negasit";"nu exista";"";"325-AFRODITA-C1_4.JPG";"ABC3AA73F027DA3AC5ECF093F5196F8F071EA74BCC7B1EDFB2F056A5F41595D0";"Fisier local fara produs importat confirmat."
"imagine";"NEIDENTIFICAT";"";"negasit";"nu exista";"";"325-AFRODITA-C3.jpg";"1CA93AC7CC1E22B57ABCE23CEA97A7D9EC518A5B467625B45CC97EFDA5D2C09B";"Fisier local fara produs importat confirmat."
"imagine";"NEIDENTIFICAT";"";"negasit";"nu exista";"";"325-AFRODITA-C3_10.jpg";"4A4AB133927523C92445ED491C602C294C82A8B66235EA8D502D49A3F43875D2";"Fisier local fara produs importat confirmat."
"imagine";"NEIDENTIFICAT";"";"negasit";"nu exista";"";"325-AFRODITA-C3_5.jpg";"667E8C07792FC334273CE33CEAB8DA87D2056895EC92683B4828958830F14D9D";"Fisier local fara produs importat confirmat."
"imagine";"NEIDENTIFICAT";"";"negasit";"nu exista";"";"325-AFRODITA-C3_6.jpg";"AD563708B3B1FD6C43DEAF11005DB91BFCBA6E605608C808643F7A92342852ED";"Fisier local fara produs importat confirmat."
"imagine";"NEIDENTIFICAT";"";"negasit";"nu exista";"";"325-AFRODITA-C3_8.jpg";"E5CC25AB3C8917F120BB14A1FA39C9FF4C9BD5497136E7ADD6658BB36E2F362A";"Fisier local fara produs importat confirmat."
"imagine";"NEIDENTIFICAT";"";"negasit";"nu exista";"";"325-AFRODITA-C3_9.jpg";"2D72B5B47510359942706C50992BC7A872161EFA11CD259B0EA7023618C9ED0A";"Fisier local fara produs importat confirmat."
"imagine";"NEIDENTIFICAT";"";"negasit";"nu exista";"";"325-ARES-09.jpg";"884246033FB0CD8ACAAB47F40FDA312FB911FEE26730D57F87F7282EBA953D06";"Fisier local fara produs importat confirmat."
"imagine";"NEIDENTIFICAT";"";"negasit";"nu exista";"";"325-ARES-09_10.jpg";"3E7256B95208245DF7A733F533864240F4DB79C4EA608895226EBD08115F4F73";"Fisier local fara produs importat confirmat."
"imagine";"NEIDENTIFICAT";"";"negasit";"nu exista";"";"325-ARES-09_5.jpg";"E97266C2E38259EA7D566022B75EC14A33150A5F578DAC042EB0FDCB145F1C0C";"Fisier local fara produs importat confirmat."
"imagine";"NEIDENTIFICAT";"";"negasit";"nu exista";"";"325-ARES-09_6.jpg";"0BEBE2E9DBD1DB7675CD8D5E195D3E84C52FB63EEC94480E1C1A8E9E1E5609B4";"Fisier local fara produs importat confirmat."
"imagine";"NEIDENTIFICAT";"";"negasit";"nu exista";"";"325-ARES-09_8.jpg";"CE569E3EAA95BF151AB96BA5EDCFD237C6496C02262B724DF30BCAB907821089";"Fisier local fara produs importat confirmat."
"imagine";"NEIDENTIFICAT";"";"negasit";"nu exista";"";"325-ARES-09_9.jpg";"EB13E56733CAA75B3920D9307F30AA9A69CDD73AE72AFC1E1F40A357F21DE699";"Fisier local fara produs importat confirmat."
"imagine";"NEIDENTIFICAT";"";"negasit";"nu exista";"";"325-ARES-14.jpg";"5F00F365EB9951DCD4F21A37A3B756EAD0CAB78CAFAC1A6C977815973F81EE77";"Fisier local fara produs importat confirmat."
"imagine";"NEIDENTIFICAT";"";"negasit";"nu exista";"";"325-ARES-14_10.jpg";"355E7B822AE2EB5D1FE82DA9E25D7253547CBF29E9179120E0DF988AFF66782A";"Fisier local fara produs importat confirmat."
"imagine";"NEIDENTIFICAT";"";"negasit";"nu exista";"";"325-ARES-14_5.jpg";"9F521FAA7A14D76FB40064FC5194B843AA35E76098464FE715AF977616BFD86F";"Fisier local fara produs importat confirmat."
"imagine";"NEIDENTIFICAT";"";"negasit";"nu exista";"";"325-ARES-14_6.jpg";"777DBCCAA1B0E81120D8484D83C68ECF251B216CA09FCA8AF30518DB8563108F";"Fisier local fara produs importat confirmat."
"imagine";"NEIDENTIFICAT";"";"negasit";"nu exista";"";"325-ARES-14_8.jpg";"8E6EAB2A3BC00F38A023636435E400C95C8F2067029BDAEEC19198B16482E503";"Fisier local fara produs importat confirmat."
"imagine";"NEIDENTIFICAT";"";"negasit";"nu exista";"";"325-ARES-14_9.jpg";"FD8E3AD7749B52431143DB756BF84DF6FBBB74DAE79673957DEF63A06ABF85A4";"Fisier local fara produs importat confirmat."
"imagine";"NEIDENTIFICAT";"";"negasit";"nu exista";"";"325-ARES-33.jpg";"1CB1DD29023373184BBE807B73B94EFFBD3A9EBB86160CC9E31548568AFBA524";"Fisier local fara produs importat confirmat."
"imagine";"NEIDENTIFICAT";"";"negasit";"nu exista";"";"325-ARES-33_1.jpg";"C32EADC7DE9BDAE95A94E0E9F6807704D9D212903E3DED46F7C0030E2C941CB9";"Fisier local fara produs importat confirmat."
"imagine";"NEIDENTIFICAT";"";"negasit";"nu exista";"";"325-ARES-33_20.jpg";"7C7FEB84967DF1ECA473DD18793E84401CB6CD6DF34A37D1A1BB7B27697B5C7E";"Fisier local fara produs importat confirmat."
"imagine";"NEIDENTIFICAT";"";"negasit";"nu exista";"";"325-ARES-33_6.jpg";"DA008DA9D39CAA39E42D38D6670CB80B84D4CAE838D0803D1C5058B2961DAB09";"Fisier local fara produs importat confirmat."
"imagine";"NEIDENTIFICAT";"";"negasit";"nu exista";"";"325-ARES-33_8.jpg";"866EB922A2D1A56B288A8C8BD2BAA46F39BF86C2DD5630B6199EA4096698DB3B";"Fisier local fara produs importat confirmat."
"imagine";"NEIDENTIFICAT";"";"negasit";"nu exista";"";"325-ARES-33_9.jpg";"FDE00E1904E115C7A1007ECB8938E63A59DD51318B701FFB25A5F0C92DA33E55";"Fisier local fara produs importat confirmat."
"imagine";"NEIDENTIFICAT";"";"negasit";"nu exista";"";"325-ATACAMA-C10_2.jpg";"B47EE0AE56614EBF7CFA68269BE0D8A9D04C138A63A8906F9AFCD232D52F0456";"Fisier local fara produs importat confirmat."
"imagine";"NEIDENTIFICAT";"";"negasit";"nu exista";"";"325-ATACAMA-C3.jpg";"4E63AAACCE9BA59D723E31E0B0BB3B5A5B299E022CE49B0486C4E957733731AE";"Fisier local fara produs importat confirmat."
"imagine";"NEIDENTIFICAT";"";"negasit";"nu exista";"";"325-ATACAMA-C3_1.jpg";"0A7ADC879C628740576D6103F21AFF9C4BAF4E9A8F867A237D64E6FB384480D2";"Fisier local fara produs importat confirmat."
"imagine";"NEIDENTIFICAT";"";"negasit";"nu exista";"";"325-ATACAMA-C3_2.jpg";"AB9F499CCC1AE2B68F20F16009CD64D817B094D91D7E283A19FE4CE99CF08B71";"Fisier local fara produs importat confirmat."
"imagine";"NEIDENTIFICAT";"";"negasit";"nu exista";"";"325-ATACAMA-C3_3.jpg";"4DFF1A1EA85854063DE074DE3EA9EA7EE1E90617501B5345782F854261795DD4";"Fisier local fara produs importat confirmat."
"imagine";"NEIDENTIFICAT";"";"negasit";"nu exista";"";"325-ATACAMA-C3_4.jpg";"BC0426A6D5F1DE6946E0F1B7822A164EB38C5227095C11771191C839D6FE1D2D";"Fisier local fara produs importat confirmat."
"imagine";"NEIDENTIFICAT";"";"negasit";"nu exista";"";"325-ATLAS-19.jpg";"E2700D15F70F04AB6E84B420B80B307643B3239E7C782419A7E4C598194AD6B9";"Fisier local fara produs importat confirmat."
"imagine";"NEIDENTIFICAT";"";"negasit";"nu exista";"";"325-ATLAS-19_1.jpg";"19F8DDB7FD6248E69D794CAD92A441BE9D398FA75566F0DD19F802136AB81BB2";"Fisier local fara produs importat confirmat."
"imagine";"NEIDENTIFICAT";"";"negasit";"nu exista";"";"325-ATLAS-19_2.jpg";"3C6912FF7ADD6468ECE14E6BF2F440C28692A4B8940257CEED2B43E7957859A5";"Fisier local fara produs importat confirmat."
"imagine";"NEIDENTIFICAT";"";"negasit";"nu exista";"";"325-ATLAS-19_3.jpg";"6EDDEC96FA0F645B121E364A03F939BFEE3C66A8C52E62E4F0DB01F20C1BFEF2";"Fisier local fara produs importat confirmat."
"imagine";"NEIDENTIFICAT";"";"negasit";"nu exista";"";"325-ATLAS-19_4.jpg";"71AC685061AB497BFAD2A691767C2E17B3AF3C7AEA4398560CB6DF22E55AD6AF";"Fisier local fara produs importat confirmat."
"imagine";"NEIDENTIFICAT";"";"negasit";"nu exista";"";"325-ATLAS-20.jpg";"A44B32E8AB3805719B451E89E267BD4591A956E6CC19C25DEB7DD9C4B2981E14";"Fisier local fara produs importat confirmat."
"imagine";"NEIDENTIFICAT";"";"negasit";"nu exista";"";"325-ATLAS-20_1.jpg";"2E7169297AC6E184A22AB38D3C25F28D60B2435FC4A0C59D0C8D8779FBBA1484";"Fisier local fara produs importat confirmat."
"imagine";"NEIDENTIFICAT";"";"negasit";"nu exista";"";"325-ATLAS-20_2.jpg";"01FA2B7D49C679413EF0E3F2C31C7E3FCBA6EC603A1184C0602E4F1B2D1D16FC";"Fisier local fara produs importat confirmat."
"imagine";"NEIDENTIFICAT";"";"negasit";"nu exista";"";"325-ATLAS-20_2_alb.jpg";"C4BD61921C90870C1FB8CB58E9A1D67A8AC9213B1A87EDCEF46DE2CDEC8519F3";"Fisier local fara produs importat confirmat."
"imagine";"NEIDENTIFICAT";"";"negasit";"nu exista";"";"325-ATLAS-20_3.jpg";"CE53C1A16DAA1B13F89B0D4695F59770C1F46015A43B1168B7758F785299ABAF";"Fisier local fara produs importat confirmat."
"imagine";"NEIDENTIFICAT";"";"negasit";"nu exista";"";"325-ATLAS-20_4.jpg";"C1D30ECA3C38261DE3D623E58BEEC524C48334EE1D0F739DBD230D98BE4D676A";"Fisier local fara produs importat confirmat."
"imagine";"NEIDENTIFICAT";"";"negasit";"nu exista";"";"325-AYMARA-01_1.jpg";"AAA33551BDBF9C8244D49745D8CAD6513219D2923AB8A41009E7F95ED01C962F";"Fisier local fara produs importat confirmat."
"imagine";"NEIDENTIFICAT";"";"negasit";"nu exista";"";"325-AYMARA-01_2.jpg";"4FB09D89C3D37C1A852618956AD1FAD2C32B0AE41FD1C3D5A536AA36671A942D";"Fisier local fara produs importat confirmat."
"imagine";"NEIDENTIFICAT";"";"negasit";"nu exista";"";"325-AYMARA-01_3.jpg";"1FBCF091E295B47409E5AA453750682635E1BC720DF6B669772499AF4A456589";"Fisier local fara produs importat confirmat."
"imagine";"NEIDENTIFICAT";"";"negasit";"nu exista";"";"325-AYMARA-01_4.jpg";"84CB4DD49EDA92E6E5455897F281A19BAFFB55B3888DE70585DAF6C2CAB3B80F";"Fisier local fara produs importat confirmat."
"imagine";"NEIDENTIFICAT";"";"negasit";"nu exista";"";"325-AYMARA-02.jpg";"41DB7D7A8FC31018C725B49975DA56EA432B0BAD27190997076CD4AC2B96FC8A";"Fisier local fara produs importat confirmat."
"imagine";"NEIDENTIFICAT";"";"negasit";"nu exista";"";"325-AYMARA-02_1.jpg";"2FEBBAA87472936AE7F9F4D61470F47BA5FE0D8FCAE8339FF22C25753F2097C0";"Fisier local fara produs importat confirmat."
"imagine";"NEIDENTIFICAT";"";"negasit";"nu exista";"";"325-AYMARA-02_2.jpg";"DA7E9DA608476399E7A607AD9E1302461C1300D9CDDD972797C0813450252F84";"Fisier local fara produs importat confirmat."
"imagine";"NEIDENTIFICAT";"";"negasit";"nu exista";"";"325-AYMARA-02_3.jpg";"AF1B08DE95D1B02F92862C937CF7202D5136FC7ECF5408CFA31C44A98A906557";"Fisier local fara produs importat confirmat."
"imagine";"NEIDENTIFICAT";"";"negasit";"nu exista";"";"325-AYMARA-02_-4.jpg";"2F4C0FEE0BA61AC1403B897547472D4E3E9B88A7115A5B80D2048A2FACC079EE";"Fisier local fara produs importat confirmat."
"imagine";"NEIDENTIFICAT";"";"negasit";"nu exista";"";"325-AYMARA-03.jpg";"8EFDD2F6152D6DCBA13996575A6834EE20721B63190798F397E84C293D5315FF";"Fisier local fara produs importat confirmat."
"imagine";"NEIDENTIFICAT";"";"negasit";"nu exista";"";"325-AYMARA-03_3.jpg";"A8464FF731DFDB89CFD468CA88AC7CB2823A9082CC201F10A3F5924F42556570";"Fisier local fara produs importat confirmat."
"imagine";"NEIDENTIFICAT";"";"negasit";"nu exista";"";"325-AYMARA-03_4.jpg";"D4674413230583702A5E5F1F0A58AE36520ED2BA0F61900A239BAF3401F3E42C";"Fisier local fara produs importat confirmat."
"imagine";"NEIDENTIFICAT";"";"negasit";"nu exista";"";"325-CARLINE-C1.JPG";"74F229B9FF26860305351ABFC0827A862739BA8258F78EB5E6262A981D95867C";"Fisier local fara produs importat confirmat."
"imagine";"NEIDENTIFICAT";"";"negasit";"nu exista";"";"325-CARLINE-C1_1.jpg";"C18F467D6D4550DEB3D3FA595AE45334C488986EB6F8C38C31A61C2A6F6791E5";"Fisier local fara produs importat confirmat."
"imagine";"NEIDENTIFICAT";"";"negasit";"nu exista";"";"325-CARLINE-C1_2.jpg";"48AC1E8C7ADD1C89D40D5F11B7944EA42137498A8239D4EAF096BE3EC4B30383";"Fisier local fara produs importat confirmat."
"imagine";"NEIDENTIFICAT";"";"negasit";"nu exista";"";"325-CARLINE-C1_3.jpg";"F6A231AA52C8D372BAE7A40FD915FCA61CBE743B247E0292DD75BF3C2750FA42";"Fisier local fara produs importat confirmat."
"imagine";"NEIDENTIFICAT";"";"negasit";"nu exista";"";"325-CARLINE-C1_4.JPG";"3F02AB185ABC974921F1DDC7716420C5CA605316EC1AC3027A7B6AD3C7A57542";"Fisier local fara produs importat confirmat."
"imagine";"NEIDENTIFICAT";"";"negasit";"nu exista";"";"325-CARLINE-C2.jpg";"E0CF3028CA98505C104DCE0DC2E3EC8D7393BB7B179D99D5DEAC1F0EC10FFCAF";"Fisier local fara produs importat confirmat."
"imagine";"NEIDENTIFICAT";"";"negasit";"nu exista";"";"325-CARLINE-C2_1.jpg";"BB4200BF52D2731173C695D6CECA11902C093104CA5A9C17927793BCC45998AC";"Fisier local fara produs importat confirmat."
"imagine";"NEIDENTIFICAT";"";"negasit";"nu exista";"";"325-CARLINE-C2_2.jpg";"D73EC6B598C926F0AD70EE1BD0649841432D098D722E1DFB5D2C0A7824420205";"Fisier local fara produs importat confirmat."
"imagine";"NEIDENTIFICAT";"";"negasit";"nu exista";"";"325-CARLINE-C2_3.jpg";"8F1BAED1533D7D055B11A151DDDCD87A4E10CA47932CC2E2301A67F1DDC21D87";"Fisier local fara produs importat confirmat."
"imagine";"NEIDENTIFICAT";"";"negasit";"nu exista";"";"325-DIAMANTE-C1.jpg";"6B8842373EADB2053EC412D12BCF0DC2C0302577B93AEFF615C83170CECB9E17";"Fisier local fara produs importat confirmat."
"imagine";"NEIDENTIFICAT";"";"negasit";"nu exista";"";"325-DIAMANTE-C1_10.jpg";"D80D79CF857738510D49480B0F3780CCA185992A9BDA049DE1699BD91356FC58";"Fisier local fara produs importat confirmat."
"imagine";"NEIDENTIFICAT";"";"negasit";"nu exista";"";"325-DIAMANTE-C1_5.jpg";"1D7EF101C628815F3BC9FCEDB62524058AC1698D00AC9296FAEE88B94CCD6AF2";"Fisier local fara produs importat confirmat."
"imagine";"NEIDENTIFICAT";"";"negasit";"nu exista";"";"325-DIAMANTE-C1_6.jpg";"2CB28B8D89021901924CBA3500D9F1E94FBD1099974EF128209229748FF94BC2";"Fisier local fara produs importat confirmat."
"imagine";"NEIDENTIFICAT";"";"negasit";"nu exista";"";"325-DIAMANTE-C1_8.jpg";"37A9D7EDA282736E9E08F6EF76C0A6275DC3F35C5F448F7DE0895425D493066B";"Fisier local fara produs importat confirmat."
"imagine";"NEIDENTIFICAT";"";"negasit";"nu exista";"";"325-DIAMANTE-C1_9.jpg";"46D6B6891D108F3D953B95C5C1797F95E3A53895446B3ED1968E26AB19E70E8F";"Fisier local fara produs importat confirmat."
"imagine";"NEIDENTIFICAT";"";"negasit";"nu exista";"";"325-DIAMANTE-C2.jpg";"19D89B2E5AF5D57A3EAF5C59F6733BFCAFEF391013BA29D1C5D23BA295F5D8EC";"Fisier local fara produs importat confirmat."
"imagine";"NEIDENTIFICAT";"";"negasit";"nu exista";"";"325-DIAMANTE-C2_10.jpg";"7FAC2DDABED7FF0F38AB1DA0E5CF93E29E0ECC685388EDE401E6DEF669CA4AC5";"Fisier local fara produs importat confirmat."
"imagine";"NEIDENTIFICAT";"";"negasit";"nu exista";"";"325-DIAMANTE-C2_5.jpg";"FB07B9D86EEAA315697DE0FE37646E6AA3E777484FC95DF29726C47972B300F8";"Fisier local fara produs importat confirmat."
"imagine";"NEIDENTIFICAT";"";"negasit";"nu exista";"";"325-DIAMANTE-C2_6.jpg";"AB62EF23B3FA6FF39EC87E14F892B3226300EA973F61B064890F65BA3D3CA31D";"Fisier local fara produs importat confirmat."
"imagine";"NEIDENTIFICAT";"";"negasit";"nu exista";"";"325-DIAMANTE-C2_8.jpg";"034EECB4554FC59DA186BD662A2AC606B802AB034C0998F1AA371C61996F0195";"Fisier local fara produs importat confirmat."
"imagine";"NEIDENTIFICAT";"";"negasit";"nu exista";"";"325-DIAMANTE-C2_9.jpg";"28D565208264918469C6240B165FD36CC4F0849BBCF3E56D5B7EA1DC82EF4478";"Fisier local fara produs importat confirmat."
"imagine";"NEIDENTIFICAT";"";"negasit";"nu exista";"";"325-DPALMAS-C1.jpg";"9DC40786E75C2C88AE17E6D91B33BCF4686DA75C46D9AD60817C3B149EACF32E";"Fisier local fara produs importat confirmat."
"imagine";"NEIDENTIFICAT";"";"negasit";"nu exista";"";"325-DPALMAS-C1_1.jpg";"2C3E556A63D2454C8623F1F2BD5382BC1967221D848D9F747683ABB0C42800AC";"Fisier local fara produs importat confirmat."
"imagine";"NEIDENTIFICAT";"";"negasit";"nu exista";"";"325-DPALMAS-C1_2.jpg";"CC4AE900C11C5E0BCACB8FCB01CA07034C1D299BAC11F66B560BFA872177D2E6";"Fisier local fara produs importat confirmat."
"imagine";"NEIDENTIFICAT";"";"negasit";"nu exista";"";"325-DPALMAS-C1_4.jpg";"3067293DAC4202547DDE1FBEA12A57845FC2D480B116E0A3391BF7CE91CC4682";"Fisier local fara produs importat confirmat."
"imagine";"NEIDENTIFICAT";"";"negasit";"nu exista";"";"325-FOLLIE-C1_3 (2).jpg";"4FF1EC6C52639AD603C680B0DE652885D39AE7E5340D68AB117F373D2A34EDBA";"Fisier local fara produs importat confirmat."
"imagine";"NEIDENTIFICAT";"";"negasit";"nu exista";"";"325-FOLLIE-C2.jpg";"19761BCE140439713285301D13BDE9197FC1F9ADA0E7BADB2A132E3CF9366A54";"Fisier local fara produs importat confirmat."
"imagine";"NEIDENTIFICAT";"";"negasit";"nu exista";"";"325-FOLLIE-C2_1.jpg";"0EE1CD5B4E59ACB7849C0237350043AF93A901DEE88BB8391D914CC5EC8F2617";"Fisier local fara produs importat confirmat."
"imagine";"NEIDENTIFICAT";"";"negasit";"nu exista";"";"325-FOLLIE-C2_2.jpg";"39D5CADCBCB0E0686F4CFFBA7D4AD0D74225B73FB2AEE4F5FB76791B5EFA8994";"Fisier local fara produs importat confirmat."
"imagine";"NEIDENTIFICAT";"";"negasit";"nu exista";"";"325-FOLLIE-C2_3.jpg";"ECDC96EA0BA6EE4AF7B0B9BA97CB35A994A87B4A4430160AE1366F8F880BB2C0";"Fisier local fara produs importat confirmat."
"imagine";"NEIDENTIFICAT";"";"negasit";"nu exista";"";"325-HEAVEN-C2.jpg";"90D00BC07865A535CDA3768DDDA6E714CF79509FC0B0D9CEDDF326D1EFB967B2";"Fisier local fara produs importat confirmat."
"imagine";"NEIDENTIFICAT";"";"negasit";"nu exista";"";"325-HEAVEN-C2_10.jpg";"2F6CBB80D1F96BF7BB47E609F83D3F4DFCA5AB523577B827C3354D4459F1D4A0";"Fisier local fara produs importat confirmat."
"imagine";"NEIDENTIFICAT";"";"negasit";"nu exista";"";"325-HEAVEN-C2_5.jpg";"817C66B5CE36B379D4DFC98606973BD5BF343C5A1652205212693C60854CB4ED";"Fisier local fara produs importat confirmat."
"imagine";"NEIDENTIFICAT";"";"negasit";"nu exista";"";"325-HEAVEN-C2_6.jpg";"F4349547C032ED86E67F0B978787CF9874BEE6C3D2D46CAC85C53C3E87750EEF";"Fisier local fara produs importat confirmat."
"imagine";"NEIDENTIFICAT";"";"negasit";"nu exista";"";"325-HEAVEN-C2_8.jpg";"669FD07B05CDF3128C9C71D2ED7A9C33E43509F87700A87950BF3F9B21F47ED6";"Fisier local fara produs importat confirmat."
"imagine";"NEIDENTIFICAT";"";"negasit";"nu exista";"";"325-HEAVEN-C2_9.jpg";"E7BF3601B37B6A3565D8F3F147A3F69AD32E8D73C36C7380BBD1E5921274BC00";"Fisier local fara produs importat confirmat."
"imagine";"NEIDENTIFICAT";"";"negasit";"nu exista";"";"325-ISOLA-C24.JPG";"42BE4867B8253D897837ED1EFA84885C72F4B626ECAF86CF7EB587B322EF2F0B";"Fisier local fara produs importat confirmat."
"imagine";"NEIDENTIFICAT";"";"negasit";"nu exista";"";"325-ISOLA-C24_1.JPG";"871ED38857D978978F313B3B3D3235078404E05C34F82821DF55971840D21349";"Fisier local fara produs importat confirmat."
"imagine";"NEIDENTIFICAT";"";"negasit";"nu exista";"";"325-ISOLA-C24_2.JPG";"5DB8CA014A95A1022B3AB46E1FA0F6CF55838C322004F83139D34797A686A060";"Fisier local fara produs importat confirmat."
"imagine";"NEIDENTIFICAT";"";"negasit";"nu exista";"";"325-ISOLA-C24_3.JPG";"1AD0E5BB1B1647D03B643F60875F6489B12B8C952880D25732E64ABC823BEC5C";"Fisier local fara produs importat confirmat."
"imagine";"NEIDENTIFICAT";"";"negasit";"nu exista";"";"325-ISOLA-C24_4.JPG";"CC00EE85ACDCFFB9EE31E7D054FA57D23DECB54F77FBD1FA39B9EFD9721EDD96";"Fisier local fara produs importat confirmat."
"imagine";"NEIDENTIFICAT";"";"negasit";"nu exista";"";"325-MUSETTE-C1.jpg";"3367EB8A07AB13BD07D218483A0FAEB98389D1384E05D597B3256FBB6921F11C";"Fisier local fara produs importat confirmat."
"imagine";"NEIDENTIFICAT";"";"negasit";"nu exista";"";"325-MUSETTE-C1_1.jpg";"2EA12D8EAF0816B38B27E80F95DD4E5F00F37C0C825D0E4329453A046AEC2270";"Fisier local fara produs importat confirmat."
"imagine";"NEIDENTIFICAT";"";"negasit";"nu exista";"";"325-MUSETTE-C1_2.jpg";"F14D51E357DF21C3EE465B60EC8AC7DA26E258DBE3B685A629E06BDA87F8FF76";"Fisier local fara produs importat confirmat."
"imagine";"NEIDENTIFICAT";"";"negasit";"nu exista";"";"325-MUSETTE-C1_3.jpg";"D58218D7C5EFBEBBC442D77C52E10CD7241F5AB316EADAC4255BFB3D721B36CA";"Fisier local fara produs importat confirmat."
"imagine";"NEIDENTIFICAT";"";"negasit";"nu exista";"";"325-MUSETTE-C1_4.jpg";"EE0841A2C0678D270FA4B0DA4B596948DC10F42DDF0C46E5AE5290C1F77D975C";"Fisier local fara produs importat confirmat."
"imagine";"NEIDENTIFICAT";"";"negasit";"nu exista";"";"325-MUSETTE-C2.jpg";"38BFAD378C801816CB32DC11117D63F1925625C65D244A0C6795921BF92A2AEC";"Fisier local fara produs importat confirmat."
"imagine";"NEIDENTIFICAT";"";"negasit";"nu exista";"";"325-MUSETTE-C2_1.jpg";"78535474CBB8A878AD4565C804C4557739AA33605F6173F1942D22842757214B";"Fisier local fara produs importat confirmat."
"imagine";"NEIDENTIFICAT";"";"negasit";"nu exista";"";"325-MUSETTE-C2_2.jpg";"B5169541F37FAB1185CA80DBDE9D2E5DEFB314C3620095CC498AA6BD7A91794A";"Fisier local fara produs importat confirmat."
"imagine";"NEIDENTIFICAT";"";"negasit";"nu exista";"";"325-MUSETTE-C2_3.jpg";"FD64465C9EFBDB9A820769DB908234BF5361F0D875FF2949F295D5C4116A917A";"Fisier local fara produs importat confirmat."
"imagine";"NEIDENTIFICAT";"";"negasit";"nu exista";"";"325-MUSETTE-C2_4.jpg";"A3151A48E32E2725A480337AFE01F19F39F705EB27FC86A44DB924F76F9CC5EF";"Fisier local fara produs importat confirmat."
"imagine";"NEIDENTIFICAT";"";"negasit";"nu exista";"";"325-PATRICIA-C1.jpg";"D062F7E578E1EACF97DF32E9368CB8E6580D07985780A7A972B498EF2D0C3DBC";"Fisier local fara produs importat confirmat."
"imagine";"NEIDENTIFICAT";"";"negasit";"nu exista";"";"325-PATRICIA-C1_1.jpg";"50603DA5895DDD8431C4A2326D8BF0C2CF8D042502BE8500DC6BDA1BB48E5F69";"Fisier local fara produs importat confirmat."
"imagine";"NEIDENTIFICAT";"";"negasit";"nu exista";"";"325-PATRICIA-C1_2.jpg";"2F9036490C97A20008028C18F82302E42A058CD284D2D51F44401917AC0910D9";"Fisier local fara produs importat confirmat."
"imagine";"NEIDENTIFICAT";"";"negasit";"nu exista";"";"325-PATRICIA-C1_3.jpg";"9E3E1DF6B4DAAAAFC1F6A095F5F84FA8ED1195E73F60EC4E4E57DFC462D4AC4F";"Fisier local fara produs importat confirmat."
"imagine";"NEIDENTIFICAT";"";"negasit";"nu exista";"";"325-PATRICIA-C1_4.jpg";"53D462616E66EDCEF55E4ED679672744C36EB7E8DD523562247E8B3801318B73";"Fisier local fara produs importat confirmat."
"imagine";"NEIDENTIFICAT";"";"negasit";"nu exista";"";"325-PATRICIA-C2.jpg";"FB920F9BD3DC0EFCACC190C1103A65A255655369538C8321BDB5B0BAA8407D2E";"Fisier local fara produs importat confirmat."
"imagine";"NEIDENTIFICAT";"";"negasit";"nu exista";"";"325-PATRICIA-C2_1.jpg";"F75536F680A081C8AA0BE37B39879009DF51E9B79E9663A7D763B2BD3C00B5AD";"Fisier local fara produs importat confirmat."
"imagine";"NEIDENTIFICAT";"";"negasit";"nu exista";"";"325-PATRICIA-C2_2.jpg";"7AC726F84929E62E8C6CA44FCC2C4B298A8914DB85BC86CA2458E25EA31F288C";"Fisier local fara produs importat confirmat."
"imagine";"NEIDENTIFICAT";"";"negasit";"nu exista";"";"325-PATRICIA-C2_3.jpg";"99809FA00B44A736C2ABB00ACC57D2198099AA3638EA92B47283EBD03ACDAEFD";"Fisier local fara produs importat confirmat."
"imagine";"NEIDENTIFICAT";"";"negasit";"nu exista";"";"325-PATRICIA-C2_4.jpg";"A11C9EA54E79CFEB737B8F0F6962853F5F943A76988AD311DE4713EE511C7A93";"Fisier local fara produs importat confirmat."
"imagine";"NEIDENTIFICAT";"";"negasit";"nu exista";"";"325-PAVLOVA-C1.jpg";"3EA84D21C76278789E678844AB372D4895A2DB62C440C725AD98311FD917E5BE";"Fisier local fara produs importat confirmat."
"imagine";"NEIDENTIFICAT";"";"negasit";"nu exista";"";"325-PAVLOVA-C1_3.jpg";"388EC072BEE6E8ED01C137EBE23E942C4731F861E9B7FA9031C3662C3DFAB832";"Fisier local fara produs importat confirmat."
"imagine";"NEIDENTIFICAT";"";"negasit";"nu exista";"";"325-PAVLOVA-C1_4.jpg";"FD262CF13BF40869810A87AEFF9C2BDF88F5BA0D125D8087FC7547667621C544";"Fisier local fara produs importat confirmat."
"imagine";"NEIDENTIFICAT";"";"negasit";"nu exista";"";"325-PAVLOVA-C2.jpg";"57EB51ED0400DFEADA42CFDC4DF51385D18C47C2ED5DBF24EA5C32976AF7E6FD";"Fisier local fara produs importat confirmat."
"imagine";"NEIDENTIFICAT";"";"negasit";"nu exista";"";"325-PAVLOVA-C2_3.jpg";"17C65943D4089527AE37F71A088744EFAE7012A1CAFB8445E54ED37563635252";"Fisier local fara produs importat confirmat."
"imagine";"NEIDENTIFICAT";"";"negasit";"nu exista";"";"325-PAVLOVA-C2_4.jpg";"037A708AF32DF3387ED490FB2978270408CF1A89F9F1066A7420EE700A48120A";"Fisier local fara produs importat confirmat."
"imagine";"NEIDENTIFICAT";"";"negasit";"nu exista";"";"325-PPALMAS-01.jpg";"74619C847E13B05164B8368AA45CD980DEF9F601F12574E29F43321C34A1182B";"Fisier local fara produs importat confirmat."
"imagine";"NEIDENTIFICAT";"";"negasit";"nu exista";"";"325-PPALMAS-01_3.jpg";"B87EDFE680F8CA5E2CE1357DD2F3AD17FC49945AF7F0C8C4F3BF3593DF713AE8";"Fisier local fara produs importat confirmat."
"imagine";"NEIDENTIFICAT";"";"negasit";"nu exista";"";"325-PPALMAS-01_4.jpg";"0E32E4354E7F0E3643735709686D3177E27796E306BCAFAB03F12EED6F551370";"Fisier local fara produs importat confirmat."
"imagine";"NEIDENTIFICAT";"";"negasit";"nu exista";"";"325-REINA-C1.jpg";"99E39826B2493B33BC20F2ECC0501A55E348559C799DC4845DE5149FC4695BA3";"Fisier local fara produs importat confirmat."
"imagine";"NEIDENTIFICAT";"";"negasit";"nu exista";"";"325-REINA-C1_1.jpg";"E5AD31BA3CC2A264603829AB6FDD000E4D0DCC7609A61C1C3038872B2F645B77";"Fisier local fara produs importat confirmat."
"imagine";"NEIDENTIFICAT";"";"negasit";"nu exista";"";"325-REINA-C1_2.jpg";"D26BF4A99485865BD192B3BA5325775BBF753929A1F869900ABAECA428B7C6BC";"Fisier local fara produs importat confirmat."
"imagine";"NEIDENTIFICAT";"";"negasit";"nu exista";"";"325-REINA-C1_3.jpg";"070512C6B2004029C2CC86D9BAEF7E84DE69035B3D92612BA346CA6B9F25C83A";"Fisier local fara produs importat confirmat."
"imagine";"NEIDENTIFICAT";"";"negasit";"nu exista";"";"325-REINA-C1_4.jpg";"F76F1D90021CB263EDB7BD76A6A16F23738BD8C5A8D4E81D2E774D9A3512C3E1";"Fisier local fara produs importat confirmat."
"imagine";"NEIDENTIFICAT";"";"negasit";"nu exista";"";"325-RONDA-01.jpg";"1CE7633FACCA8F5BF14D4709DE76BE30D806F0755008A96FA2F2C78DCFF44EBE";"Fisier local fara produs importat confirmat."
"imagine";"NEIDENTIFICAT";"";"negasit";"nu exista";"";"325-RONDA-01_1.jpg";"4FFBABE5B4BEB3AC4D42FFD18A057B40AA1F2F49471F84174EAF46ADE669251F";"Fisier local fara produs importat confirmat."
"imagine";"NEIDENTIFICAT";"";"negasit";"nu exista";"";"325-RONDA-01_2.jpg";"35A9056C3B62590B581B1DFD56C3B9D360198FCC57B1DF37CD930A9471994D39";"Fisier local fara produs importat confirmat."
"imagine";"NEIDENTIFICAT";"";"negasit";"nu exista";"";"325-RONDA-01_3.jpg";"08BFC9ADDCDE7099DCFF9F2961692FEDB103E1F9315417FC94B3908756C0FAC2";"Fisier local fara produs importat confirmat."
"imagine";"NEIDENTIFICAT";"";"negasit";"nu exista";"";"325-RONDA-01_4.jpg";"1E62FC5A98022265F4370F093A0ED1023146FA94729B8E4705343493461B8495";"Fisier local fara produs importat confirmat."
"imagine";"NEIDENTIFICAT";"";"negasit";"nu exista";"";"325-RONDA-02.jpg";"B636DC2B24C1472BCDF656D1A5FAD66DD988B11A30062426EDEEFA710DE9AC1E";"Fisier local fara produs importat confirmat."
"imagine";"NEIDENTIFICAT";"";"negasit";"nu exista";"";"325-RONDA-02_1.jpg";"1FAD67151DA9E358E1C4DECDDDF0ADA2451BDF29DF55D22BF572AFB94846147D";"Fisier local fara produs importat confirmat."
"imagine";"NEIDENTIFICAT";"";"negasit";"nu exista";"";"325-RONDA-02_2.jpg";"79C09426D35DFFF6C2A25BA0FEF5140182F1144FFBFF70F84F7BEEAF162CBC5C";"Fisier local fara produs importat confirmat."
"imagine";"NEIDENTIFICAT";"";"negasit";"nu exista";"";"325-RONDA-02_3.jpg";"7B7F84D022442E7CEB4C879A5549B42C1295973A95CCC523A5F9AA509A09C486";"Fisier local fara produs importat confirmat."
"imagine";"NEIDENTIFICAT";"";"negasit";"nu exista";"";"325-RONDA-02_4.jpg";"6663964874F1F74D9F0EFF2BBAC4E8162AC7FA4FB589F85371D28D5E59D3F406";"Fisier local fara produs importat confirmat."
"imagine";"NEIDENTIFICAT";"";"negasit";"nu exista";"";"325-ROSSELA-C1.jpg";"77B915D00E7D28A2CD8790D7024821EB5630A017C3DFA7FEA76B2CB80686AFA3";"Fisier local fara produs importat confirmat."
"imagine";"NEIDENTIFICAT";"";"negasit";"nu exista";"";"325-ROSSELA-C1_2.jpg";"F539B425D62DF29D219C788C4C07DC5540069808A7B008D7731A29383E42AD2F";"Fisier local fara produs importat confirmat."
"imagine";"NEIDENTIFICAT";"";"negasit";"nu exista";"";"325-ROSSELA-C1_4.jpg";"C2F7484919D3E96F264D8CD02E830FDBCD6E8B0C2530664FA8A5C326AE8D64FD";"Fisier local fara produs importat confirmat."
"imagine";"NEIDENTIFICAT";"";"negasit";"nu exista";"";"325-ROSSELA-C2.jpg";"99BE2A6BCB4769DBBCCAEDED7DAE21B0D03A29F4524F2EBDEBBFD71444162A9C";"Fisier local fara produs importat confirmat."
"imagine";"NEIDENTIFICAT";"";"negasit";"nu exista";"";"325-ROSSELA-C2_2.jpg";"825C822865D03DC73173D800A4C017CCA6F3B968F805DAAB1E27611B075496A9";"Fisier local fara produs importat confirmat."
"imagine";"NEIDENTIFICAT";"";"negasit";"nu exista";"";"325-ROSSELA-C2_3.jpg";"66D9F3E6C79759717EB2A2070B2F7DC7EB6192A4762766C618A47699B5AC9E4A";"Fisier local fara produs importat confirmat."
"imagine";"NEIDENTIFICAT";"";"negasit";"nu exista";"";"325-ROSSELA-C2_4.jpg";"CEED0E4AA9182292BA03E1479EA21CF93141DBB85B7FCC169F489A3D5E78575E";"Fisier local fara produs importat confirmat."
"imagine";"NEIDENTIFICAT";"";"negasit";"nu exista";"";"325-samba-c2.jpg";"0567C7A83EBE9F42075001FE6D9EAEF58A6189AA7D16CCACFC64B5B20BB212B9";"Fisier local fara produs importat confirmat."
"imagine";"NEIDENTIFICAT";"";"negasit";"nu exista";"";"325-samba-c2_3.jpg";"EB5957F2C0F67C09884D89474D705965429A98BA2FE9DB1225D8618EC32585EE";"Fisier local fara produs importat confirmat."
"imagine";"NEIDENTIFICAT";"";"negasit";"nu exista";"";"325-samba-c2_4.jpg";"C437C74CF52E7F874341FE1E2535D88D0906DB452E0D2EFCEFB768D466360693";"Fisier local fara produs importat confirmat."
"imagine";"NEIDENTIFICAT";"";"negasit";"nu exista";"";"325-SCARABEO-C18.jpg";"4FA0C90D9E321C8B9B41873D508607287CAA93E63F22CB95F93A7646D5C9E0AD";"Fisier local fara produs importat confirmat."
"imagine";"NEIDENTIFICAT";"";"negasit";"nu exista";"";"325-SCARABEO-C18_1.jpg";"7879FFF5FF148817F6B4DBE8B6E14FC70F402F03D3D6FDB37E5CC5DAB6A551ED";"Fisier local fara produs importat confirmat."
"imagine";"NEIDENTIFICAT";"";"negasit";"nu exista";"";"325-SCARABEO-C18_2.jpg";"B514C4215AE3C21ADFCEE14AA3A33299CBA303D54DF0C51DA081137B401A2D95";"Fisier local fara produs importat confirmat."
"imagine";"NEIDENTIFICAT";"";"negasit";"nu exista";"";"325-SCARABEO-C18_3.jpg";"CB0F994547D290C6EBA17AF0CFCE9E77680D365A8719B41EC0BDEE200ACD8B06";"Fisier local fara produs importat confirmat."
"imagine";"NEIDENTIFICAT";"";"negasit";"nu exista";"";"325-SCARABEO-C18_4.jpg";"EE26F31B328D86C123470BCA3C1CE2CE2959E300E3C8804D86497A3F562D67A9";"Fisier local fara produs importat confirmat."
"imagine";"NEIDENTIFICAT";"";"negasit";"nu exista";"";"325-SCARABEO-C2.jpg";"8DAE27E64BBB57E97A6306BF0FF22C7A7DD35D6C9C55669E5AAB5572835EDE40";"Fisier local fara produs importat confirmat."
"imagine";"NEIDENTIFICAT";"";"negasit";"nu exista";"";"325-SCARABEO-C2_1.jpg";"865D9DD46F7DB7B1415C390365132A00AD70C0C39A50C5B4A2B0960ECEECD1F7";"Fisier local fara produs importat confirmat."
"imagine";"NEIDENTIFICAT";"";"negasit";"nu exista";"";"325-SCARABEO-C2_3.jpg";"87F9B0290AF6973B0986F1484024F1B612B7C5EB706E05488FC8A589257419F9";"Fisier local fara produs importat confirmat."
"imagine";"NEIDENTIFICAT";"";"negasit";"nu exista";"";"325-SCARABEO-C2_4.jpg";"18993695D9DA7BBA0ACFAE766860EC931E6EA051374F2F9CF4FB935680FD72A6";"Fisier local fara produs importat confirmat."
"imagine";"NEIDENTIFICAT";"";"negasit";"nu exista";"";"325-SCARABEO-C5.jpg";"276058A9D2B990532690F0B4D01524E842ADA18189F03DE5AAB1F46F4F95F085";"Fisier local fara produs importat confirmat."
"imagine";"NEIDENTIFICAT";"";"negasit";"nu exista";"";"325-SCARABEO-C5_1.jpg";"E4DC7A32A69945FACA0745C15AC1C078EB1533D4104732A10C6AA83E32F22506";"Fisier local fara produs importat confirmat."
"imagine";"NEIDENTIFICAT";"";"negasit";"nu exista";"";"325-SCARABEO-C5_3.jpg";"4D8F27FAF11D539A58D04913430A5A3350AAF1EB62C3A91212352ED14529D49B";"Fisier local fara produs importat confirmat."
"imagine";"NEIDENTIFICAT";"";"negasit";"nu exista";"";"325-SCARABEO-C5_4.jpg";"6EFC6A8537B27E65CCBA546F94560778B98A12AD108F27B336B2E82B6C6F0200";"Fisier local fara produs importat confirmat."
"imagine";"NEIDENTIFICAT";"";"negasit";"nu exista";"";"325-SERENITY-C1.jpg";"E6983E1858245BCF6C21C2009F1D8F0029954E8C74EB8A6771245B147D8C7539";"Fisier local fara produs importat confirmat."
"imagine";"NEIDENTIFICAT";"";"negasit";"nu exista";"";"325-SERENITY-C1_4.jpg";"A3EF686549571949CEAA3331353E9D63A5D35A90F102AE815BB759888C51B7B6";"Fisier local fara produs importat confirmat."
"imagine";"NEIDENTIFICAT";"";"negasit";"nu exista";"";"325-TAHITI-C1.jpg";"C316F8B62E4D73B735F440158F6C4AF4AC8B41DD4E740AE034E932B106370131";"Fisier local fara produs importat confirmat."
"imagine";"NEIDENTIFICAT";"";"negasit";"nu exista";"";"325-TAHITI-C1_10.jpg";"C3BD1700C376EF18BB1CAB62F9E4FE58D6492FE5B99ECF3A93F85F1740EF9F6F";"Fisier local fara produs importat confirmat."
"imagine";"NEIDENTIFICAT";"";"negasit";"nu exista";"";"325-TAHITI-C1_5.jpg";"5849FE4CE4BFED13F7BF030FA6F6C96376021504CA53CD7DDF81BB1CF7F0965D";"Fisier local fara produs importat confirmat."
"imagine";"NEIDENTIFICAT";"";"negasit";"nu exista";"";"325-TAHITI-C1_6.jpg";"65B1EAEE8237ED43A4D8C09C096257486C9053D03FCACF1B8C9BC3DBFEDB1506";"Fisier local fara produs importat confirmat."
"imagine";"NEIDENTIFICAT";"";"negasit";"nu exista";"";"325-TAHITI-C1_8.jpg";"67501943E413E7D22BCCC069AFE0062EBB646665976AA6FAD3E1E536E5F729B2";"Fisier local fara produs importat confirmat."
"imagine";"NEIDENTIFICAT";"";"negasit";"nu exista";"";"325-TAHITI-C1_9.jpg";"D5BA2D4ADC8B58066BA04125B087DF4617C2EA6A9816BEA72D15F4DF19063E28";"Fisier local fara produs importat confirmat."
"imagine";"NEIDENTIFICAT";"";"negasit";"nu exista";"";"325-TAHITI-C5.jpg";"D575B45670DF321F36F6EB20CBA0104478B27DD3063D84645862DBA5A3B90D56";"Fisier local fara produs importat confirmat."
"imagine";"NEIDENTIFICAT";"";"negasit";"nu exista";"";"325-TAHITI-C5_10.jpg";"5968C8CF553941767E1711349B8E0842FD899848A80AF2392F4AEFC61ADBC1E9";"Fisier local fara produs importat confirmat."
"imagine";"NEIDENTIFICAT";"";"negasit";"nu exista";"";"325-TAHITI-C5_5.jpg";"9845747FD47EA767B90581E4D36D2150DDDE585BB4F0E4F16342610DAB5C7644";"Fisier local fara produs importat confirmat."
"imagine";"NEIDENTIFICAT";"";"negasit";"nu exista";"";"325-TAHITI-C5_6.jpg";"7D850CCF4B2779253BD46CF3D498F2997DF14F33F95486EDB2B66068B71F288D";"Fisier local fara produs importat confirmat."
"imagine";"NEIDENTIFICAT";"";"negasit";"nu exista";"";"325-TAHITI-C5_8.jpg";"0145A3493E0E366AB07CCB66DA917E4F339044EDA4FA48D1EC6DC1D41DFD0A3D";"Fisier local fara produs importat confirmat."
"imagine";"NEIDENTIFICAT";"";"negasit";"nu exista";"";"325-TAHITI-C5_9.jpg";"A3364AE5AED936AECFAFA62B86BCAC31CB98C15087E8624CE090B2CB322D1AED";"Fisier local fara produs importat confirmat."
"imagine";"NEIDENTIFICAT";"";"negasit";"nu exista";"";"325-URMA-C1.jpg";"43AF2ECEB21923843BC4C614B29A3295FE5FEED1C2083BC6D09825E1FC74F402";"Fisier local fara produs importat confirmat."
"imagine";"NEIDENTIFICAT";"";"negasit";"nu exista";"";"325-URMA-C1_1.jpg";"883231E9B97DA05F6499EBD7074C3FD5145D928C9B4F5263DF690113CBA82462";"Fisier local fara produs importat confirmat."
"imagine";"NEIDENTIFICAT";"";"negasit";"nu exista";"";"325-URMA-C1_2.jpg";"84D61FED5F665DF0EEF8E80630FFE5E6362EB76FE5449DD18502465597046865";"Fisier local fara produs importat confirmat."
"imagine";"NEIDENTIFICAT";"";"negasit";"nu exista";"";"325-URMA-C2.jpg";"C87529A2D358200C812A99A2BBCD858437E70FE9010B55CD7BCA37F3AD677A29";"Fisier local fara produs importat confirmat."
"imagine";"NEIDENTIFICAT";"";"negasit";"nu exista";"";"325-URMA-C2_1.jpg";"4FA65E1E5FA839B883950DA520D9AD53DF8384D336C88004ADF63C7662F7B165";"Fisier local fara produs importat confirmat."
"imagine";"NEIDENTIFICAT";"";"negasit";"nu exista";"";"325-URMA-C2_2.jpg";"9F4A3573EB7F0C3D4531FA203EAB1A44E523683626351F5755779E269A8531F4";"Fisier local fara produs importat confirmat."
"imagine";"NEIDENTIFICAT";"";"negasit";"nu exista";"";"325-URMA-C2_3.jpg";"A605B95302DD36C33CBE526938385FAED734D99526CA20B802DEDEF2A5634A37";"Fisier local fara produs importat confirmat."
"imagine";"NEIDENTIFICAT";"";"negasit";"nu exista";"";"325-URMA-C3.jpg";"9033CD421634BF4D7148054462CC44C06DA4F35289A0180F226E37BB5A49BA7C";"Fisier local fara produs importat confirmat."
"imagine";"NEIDENTIFICAT";"";"negasit";"nu exista";"";"325-URMA-C3_1.jpg";"A3C8F500987BE44FE4A01281C3E927D3506888588921C2CCD58B5A91831EF68E";"Fisier local fara produs importat confirmat."
"imagine";"NEIDENTIFICAT";"";"negasit";"nu exista";"";"325-URMA-C3_2.jpg";"0308AA82365DE4E81F5D2B715713BFAF63E11A5D13065669E4114E5062D7D865";"Fisier local fara produs importat confirmat."
"imagine";"NEIDENTIFICAT";"";"negasit";"nu exista";"";"325-URMA-C3_3.jpg";"B898F1F74A8452E9D57A8EA7DB3F836D92DFCAC5D39E73D7553EA2A3D5652A18";"Fisier local fara produs importat confirmat."
"imagine";"NEIDENTIFICAT";"";"negasit";"nu exista";"";"325-VELAR-03.jpg";"695D5C1FAF966FC4D07683C37D8E160EDCA81DBD3BD1F30783AB55A6FA0DF1C4";"Fisier local fara produs importat confirmat."
"imagine";"NEIDENTIFICAT";"";"negasit";"nu exista";"";"325-VELAR-03_1.jpg";"A85BA9A09597922134B3F4D3EE4E52AEA38CA83AEE10386248EB6D98E932D8DC";"Fisier local fara produs importat confirmat."
"imagine";"NEIDENTIFICAT";"";"negasit";"nu exista";"";"325-VELAR-03_3.jpg";"E683D7462CE9EA82C69B5FB73848EE0ED610CF140A4D5E86C506F554A418377C";"Fisier local fara produs importat confirmat."
"imagine";"NEIDENTIFICAT";"";"negasit";"nu exista";"";"325-VELAR-03_4.jpg";"4E3930B1FDFA70CF8D56C04312C98F8E3874817680907FDC7ED139E1ABD03E77";"Fisier local fara produs importat confirmat."
"imagine";"NEIDENTIFICAT";"";"negasit";"nu exista";"";"325-VELAR-04.jpg";"760E08C9E0B4AA03D30B13D2B0E04771F036EA5302B9FEAAB7AFF40EF9D467A9";"Fisier local fara produs importat confirmat."
"imagine";"NEIDENTIFICAT";"";"negasit";"nu exista";"";"325-VELAR-04_1.jpg";"EEA75FE39E3A0551277530F6367F419DF292543D0B2D6AE3619EC55FCB512C22";"Fisier local fara produs importat confirmat."
"imagine";"NEIDENTIFICAT";"";"negasit";"nu exista";"";"325-VELAR-04_2.jpg";"63B81F8024DA4C1A0D09C749A47F678F5DB574759B25BE9480D620B8C059311F";"Fisier local fara produs importat confirmat."
"imagine";"NEIDENTIFICAT";"";"negasit";"nu exista";"";"325-VELAR-04_3.jpg";"982DD33CE169C6D231D26A2F10CA87D6A4E7C4BFFDE9B375B55C3F087C38BA46";"Fisier local fara produs importat confirmat."
"imagine";"NEIDENTIFICAT";"";"negasit";"nu exista";"";"325-VELAR-04_5.jpg";"2ABC3D847D10D4DA5708CBBC04739D5EA1CA47B90F64760ECF997B04FDA1BB70";"Fisier local fara produs importat confirmat."
"imagine";"NEIDENTIFICAT";"";"negasit";"nu exista";"";"325-VELAR-06.jpg";"A8501B8659932F18DB949C716D204913BE8E0ECEBF9E05B8825AEBD22593FC1F";"Fisier local fara produs importat confirmat."
"imagine";"NEIDENTIFICAT";"";"negasit";"nu exista";"";"325-VELAR-06_.jpg";"C296D26678000E8B3D0F150C01BCFB619498EE00648323B16B546F81E2BAFDCB";"Fisier local fara produs importat confirmat."
"imagine";"NEIDENTIFICAT";"";"negasit";"nu exista";"";"325-VELAR-06_2.jpg";"61981C389DE40EBCE7CCF5CD0968DDBA13339051E206433419FDF5BB2990ADDA";"Fisier local fara produs importat confirmat."
"imagine";"NEIDENTIFICAT";"";"negasit";"nu exista";"";"325-VELAR-06_3.jpg";"7F243E39B5BB98BB7453BF37189D8DC5EF9566163F2EED22F443069AFC709FF0";"Fisier local fara produs importat confirmat."
"imagine";"NEIDENTIFICAT";"";"negasit";"nu exista";"";"325-VELAR-06_4.jpg";"0320BAE8EDE6843A1D6D496AE9763D2DE9DCD4AAE4137D386736124C0FE6292C";"Fisier local fara produs importat confirmat."
"imagine";"NEIDENTIFICAT";"";"negasit";"nu exista";"";"325-VELAR-14.jpg";"E38B719809EB5ABD536EB55591D7676111AB8E9371FDAAF789647686AC87A541";"Fisier local fara produs importat confirmat."
"imagine";"NEIDENTIFICAT";"";"negasit";"nu exista";"";"325-VELAR-14_1.jpg";"2064F9816DD9E75E0364DE53107B6208B0FB6F66AB51AE42E534ADE28B43AE37";"Fisier local fara produs importat confirmat."
"imagine";"NEIDENTIFICAT";"";"negasit";"nu exista";"";"325-VELAR-14_2.jpg";"57EC9174AC8246B236648190F5AA9A6E8A787DBEE3518053402F3D734F416AF7";"Fisier local fara produs importat confirmat."
"imagine";"NEIDENTIFICAT";"";"negasit";"nu exista";"";"325-VELAR-14_3.jpg";"1A4223245351715E1817AB61F09324C466B0262113E9A6B3A5F2E5E7A912993E";"Fisier local fara produs importat confirmat."
"imagine";"NEIDENTIFICAT";"";"negasit";"nu exista";"";"341-ATTICUS-01.jpg";"693E7CA984CAEBF0433DCDA2EBE7E7FD5242713225AEEA78B025F5500D7FA68D";"Fisier local fara produs importat confirmat."
"imagine";"NEIDENTIFICAT";"";"negasit";"nu exista";"";"341-ATTICUS-01_1.jpg";"5CCA4D33B014C7826DACD8FDBAD88F4FA44C5C4F41CD9C74EEBA7F2DE4A6EEEF";"Fisier local fara produs importat confirmat."
"imagine";"NEIDENTIFICAT";"";"negasit";"nu exista";"";"341-ATTICUS-01_2.jpg";"B098BF0F4E29084C3247B5F30755580D3C98C883AA85FD4B97BD58A3EC574C0B";"Fisier local fara produs importat confirmat."
"imagine";"NEIDENTIFICAT";"";"negasit";"nu exista";"";"341-ATTICUS-01_3.jpg";"B4CE1C87E8A6508FB6074B697923B20D83661B3A70FA90171EA386029DD951C9";"Fisier local fara produs importat confirmat."
"imagine";"NEIDENTIFICAT";"";"negasit";"nu exista";"";"341-ATTICUS-01_4.jpg";"ED0C19ACE70AC3D1026E8341FF2F6E38578105BC77DF7C884538FB5DCABD6C5F";"Fisier local fara produs importat confirmat."
"imagine";"NEIDENTIFICAT";"";"negasit";"nu exista";"";"341-ATTICUS-03.jpg";"3A0A5BB345768F96A9E108158DD794221DF67D67A20D1E0664D317CBA85CE141";"Fisier local fara produs importat confirmat."
"imagine";"NEIDENTIFICAT";"";"negasit";"nu exista";"";"341-ATTICUS-03_1.jpg";"7F257D0E539E778F3179FF0BE21251D5F5978662A610CB16D2506072AB8596FB";"Fisier local fara produs importat confirmat."
"imagine";"NEIDENTIFICAT";"";"negasit";"nu exista";"";"341-ATTICUS-03_2.jpg";"95BD2BE1C47C9C05631328A2145C0193461248DFE45C3B49FFEE3F1E1A769B2B";"Fisier local fara produs importat confirmat."
"imagine";"NEIDENTIFICAT";"";"negasit";"nu exista";"";"341-ATTICUS-03_3.jpg";"08D7B502E7E57738DEAAAE3A7D5C70C4AC8DF90528DEB4CB127C4196A448D41C";"Fisier local fara produs importat confirmat."
"imagine";"NEIDENTIFICAT";"";"negasit";"nu exista";"";"341-ATTICUS-03_4.jpg";"33B5E91ED7393ADC4C6650938E7851EF09934C5BC05C56020F0E4A969C7229E4";"Fisier local fara produs importat confirmat."
"imagine";"NEIDENTIFICAT";"";"negasit";"nu exista";"";"341-ATTICUS-03_5.jpg";"CC1569C95808CA460F3379E153B50A762ADD805295883FB7E2F385574EC88219";"Fisier local fara produs importat confirmat."
"imagine";"NEIDENTIFICAT";"";"negasit";"nu exista";"";"341-ATTICUS-03_6.jpg";"61683C7DE806B727DBC37CF2C8EA3E9FE389150388EF12297D6A970AA7AFC469";"Fisier local fara produs importat confirmat."
"imagine";"NEIDENTIFICAT";"";"negasit";"nu exista";"";"341-CASPIA-01.JPG";"36A797CEF96455AB4B5A37024693A569DCE451093242D1CE3F6FA80D3A84609C";"Fisier local fara produs importat confirmat."
"imagine";"NEIDENTIFICAT";"";"negasit";"nu exista";"";"341-CASPIA-01_1.JPG";"7A987F4224A42AA5137558D619F8647B25DC865B736D94A9CEBCFAF608F7D81D";"Fisier local fara produs importat confirmat."
"imagine";"NEIDENTIFICAT";"";"negasit";"nu exista";"";"341-CASPIA-01_2.jpg";"747645474A6E36AC757A4D02A5C515D96D33C2CAD6CF05516F19DC47E3FC30F9";"Fisier local fara produs importat confirmat."
"imagine";"NEIDENTIFICAT";"";"negasit";"nu exista";"";"341-CASPIA-01_3.jpg";"F351F3E4AD63DD81F42E9E48E648BF0E37EFAF565E139D446DA3DEF05274C82B";"Fisier local fara produs importat confirmat."
"imagine";"NEIDENTIFICAT";"";"negasit";"nu exista";"";"341-CASPIA-01_4.JPG";"5AAA1CE8C0B28B00BB3A5AB4E35B8847DE7A413FCF46F7B6905C0AE9F7445FDA";"Fisier local fara produs importat confirmat."
"imagine";"NEIDENTIFICAT";"";"negasit";"nu exista";"";"341-DURANTE-01.jpg";"BA94D40CEC5199D034C3F8169CCBD24EA052A22BEA6C83B88C7AD5D8EE6B4296";"Fisier local fara produs importat confirmat."
"imagine";"NEIDENTIFICAT";"";"negasit";"nu exista";"";"341-DURANTE-01_1.jpg";"EB03ECE7BD67AD906157D0F2C8DF071DB1514225C815E322393E430AC19D30D6";"Fisier local fara produs importat confirmat."
"imagine";"NEIDENTIFICAT";"";"negasit";"nu exista";"";"341-DURANTE-01_2.jpg";"02779D6D82FE6A6E95BB2779892B8DCA5DA619D2AB0864DD4605B26EBB68D8E6";"Fisier local fara produs importat confirmat."
"imagine";"NEIDENTIFICAT";"";"negasit";"nu exista";"";"341-DURANTE-01_3.jpg";"848CB103B791E533C3EFB6F6317F9015AF74CBE8BEACC57069526ADBB7614102";"Fisier local fara produs importat confirmat."
"imagine";"NEIDENTIFICAT";"";"negasit";"nu exista";"";"341-DURANTE-01_4.jpg";"46E9B9F2777C6ECB4378EAD954DE2CB9AF27DA292271230F34D011917D104338";"Fisier local fara produs importat confirmat."
"imagine";"NEIDENTIFICAT";"";"negasit";"nu exista";"";"341-DURANTE-01_5.JPG";"FF246421715C14C26B0CC2390E016070FE9CF06EB1FA50C7FF3739DFB545B51C";"Fisier local fara produs importat confirmat."
"imagine";"NEIDENTIFICAT";"";"negasit";"nu exista";"";"341-DURANTE-03.jpg";"118C49308F42BBFD90F404A3E40E84F2795683EE4F37C3537F610EC4D5865C5A";"Fisier local fara produs importat confirmat."
"imagine";"NEIDENTIFICAT";"";"negasit";"nu exista";"";"341-DURANTE-03_1.jpg";"BAE8E83FC8E44AE1486074AC1D5C1AE00A1F0593D2089512904BD85F9BA90C6F";"Fisier local fara produs importat confirmat."
"imagine";"NEIDENTIFICAT";"";"negasit";"nu exista";"";"341-DURANTE-03_2.jpg";"8203E81A4EDA15EBDD7C2EAC6402557B7344518544EDE4DD3894129F7C014302";"Fisier local fara produs importat confirmat."
"imagine";"NEIDENTIFICAT";"";"negasit";"nu exista";"";"341-DURANTE-03_3.jpg";"BC4EDEE9D83E3D25AD507DF8DEA6B26F855820A143E43ED593CE0F4B16A83D06";"Fisier local fara produs importat confirmat."
"imagine";"NEIDENTIFICAT";"";"negasit";"nu exista";"";"341-DURANTE-03_4.jpg";"CC6A4D46B747FAEBCC9C133AB4461AC2F1DFD03DD969C042945556BE36D4BA59";"Fisier local fara produs importat confirmat."
"imagine";"NEIDENTIFICAT";"";"negasit";"nu exista";"";"341-DURANTE-07_1.jpg";"6BBB3491C821334FEDE000E823114BCEA0585A304391CBAC2296F4F8F2F98F11";"Fisier local fara produs importat confirmat."
"imagine";"NEIDENTIFICAT";"";"negasit";"nu exista";"";"341-DURANTE-07_2.JPG";"02BBD78661994F708C8029641BF688814BADB380D8FB071B4B174BC978C1DAD4";"Fisier local fara produs importat confirmat."
"imagine";"NEIDENTIFICAT";"";"negasit";"nu exista";"";"341-DURANTE-07_3.jpg";"322ADA911BC4F6E3DDC2D965001902314ADD569422E99E4B62FF030A7F52659C";"Fisier local fara produs importat confirmat."
"imagine";"NEIDENTIFICAT";"";"negasit";"nu exista";"";"341-DURANTE-07_4.jpg";"AAF5D4F6A43AC670DDF4485B625E078FC11E7B057AA2E5B00B3311AD6C3EE8FA";"Fisier local fara produs importat confirmat."
"imagine";"NEIDENTIFICAT";"";"negasit";"nu exista";"";"341-DURANTE-07_5.jpg";"CC9F0220D89C8CFFBA69F7FEDE456D733C5001F9357813313B598EFDDAA4EC5C";"Fisier local fara produs importat confirmat."
"imagine";"NEIDENTIFICAT";"";"negasit";"nu exista";"";"341-DURANTE-07_7.jpg";"394C794103580813F21D5F9F67BBC8AF99DE17379B59B34D5FBD3418E986384B";"Fisier local fara produs importat confirmat."
"imagine";"NEIDENTIFICAT";"";"negasit";"nu exista";"";"341-ESSENZA-03.jpg";"5B66FF2B88D78FDE99F0E322E5EDE98BF0F09DB76F17DB29A83901F34762BC87";"Fisier local fara produs importat confirmat."
"imagine";"NEIDENTIFICAT";"";"negasit";"nu exista";"";"341-ESSENZA-03_1.jpg";"7CDE9B7251FBB5F49FAF2FE9F633E77362CE876CE19F29CDC999645F9680BBDA";"Fisier local fara produs importat confirmat."
"imagine";"NEIDENTIFICAT";"";"negasit";"nu exista";"";"341-ESSENZA-03_2.jpg";"C3A69FCD6C0D8D6146DBECA9F5AC49CF36995FF7564B81EFF5BEC72CD27B3899";"Fisier local fara produs importat confirmat."
"imagine";"NEIDENTIFICAT";"";"negasit";"nu exista";"";"341-ESSENZA-03_3.jpg";"8943753FD5B03E83847DADA76CE7AAD8017E69E894F569C0DA314A7F1F544430";"Fisier local fara produs importat confirmat."
"imagine";"NEIDENTIFICAT";"";"negasit";"nu exista";"";"341-ESSENZA-03_4.jpg";"8602184F0A778BFFE4D0769653A69B42CCA19ACDFBD0D4A35A3D5D818B017CF0";"Fisier local fara produs importat confirmat."
"imagine";"NEIDENTIFICAT";"";"negasit";"nu exista";"";"341-ESSENZA-05.jpg";"0BE63EFEC24CD5EB961155434825FB0D32DC061E24B057E9D883A1451C8A3452";"Fisier local fara produs importat confirmat."
"imagine";"NEIDENTIFICAT";"";"negasit";"nu exista";"";"341-ESSENZA-05_1.jpg";"7893948FD29942896DCA941703674F54ED0CE58C256C4DC9658BA0F62E618DC2";"Fisier local fara produs importat confirmat."
"imagine";"NEIDENTIFICAT";"";"negasit";"nu exista";"";"341-ESSENZA-05_2.jpg";"01CCF1DA7C1E4ECB28444BC2A8C8C379298BA6E270EC175218910604074E2F4D";"Fisier local fara produs importat confirmat."
"imagine";"NEIDENTIFICAT";"";"negasit";"nu exista";"";"341-ESSENZA-05_4.jpg";"BF9224D8D89782F1A21DB25C977BCA38C0094EB6405E417D3CBE5797D9403C71";"Fisier local fara produs importat confirmat."
"imagine";"NEIDENTIFICAT";"";"negasit";"nu exista";"";"341-LETO-03.jpg";"7F4CAF10F4C869466707647DE65D8A0A5A7FAB3EE31670C7426E57079BF66542";"Fisier local fara produs importat confirmat."
"imagine";"NEIDENTIFICAT";"";"negasit";"nu exista";"";"341-LETO-03_3.jpg";"8170DE4949B48FDA0EFDDC5E77C7FF9C0560C862E48A871C1B2B14E400D71E5A";"Fisier local fara produs importat confirmat."
"imagine";"NEIDENTIFICAT";"";"negasit";"nu exista";"";"341-LETO-03_4.jpg";"080A0431E88F5CB2ED2130356DB81F7A2724814E58789A1107AAB4852608BA95";"Fisier local fara produs importat confirmat."
"imagine";"NEIDENTIFICAT";"";"negasit";"nu exista";"";"341-LETO-03_5.jpg";"D638F5F0A64D845AF10EE4177D165FBBA209B4D2129B6F24272DECA54988CB60";"Fisier local fara produs importat confirmat."
"imagine";"NEIDENTIFICAT";"";"negasit";"nu exista";"";"341-LETO-03_6.jpg";"77B39A6AF52C32BFFEC5551B37EA9BBDE5DC935BC7B01AFD72283C4111E43B89";"Fisier local fara produs importat confirmat."
"imagine";"NEIDENTIFICAT";"";"negasit";"nu exista";"";"341-LETO-07.jpg";"654A4ECFB4D126A9C512CEFACC2666A56598B677C1C1BBD9B52E840D614D4509";"Fisier local fara produs importat confirmat."
"imagine";"NEIDENTIFICAT";"";"negasit";"nu exista";"";"341-LETO-07_1.jpg";"7613E13E7B5400E7B9B58273A15F8880AF9111A60D1435D313994C55648267A8";"Fisier local fara produs importat confirmat."
"imagine";"NEIDENTIFICAT";"";"negasit";"nu exista";"";"341-LETO-07_3.jpg";"5645680E029A1DCD3DB37632195332405811E7ABA82CD00DBB92F85FDC63F4B7";"Fisier local fara produs importat confirmat."
"imagine";"NEIDENTIFICAT";"";"negasit";"nu exista";"";"341-LETO-07_4.jpg";"E9F4F19843E050FFEFFF87578F860BB2C4C0B82B540459D571FC9045E27A2233";"Fisier local fara produs importat confirmat."
"imagine";"NEIDENTIFICAT";"";"negasit";"nu exista";"";"341-MARAZZI-06.jpg";"7826ABCA59AEED4320BAC76E316F625F4D5BB5054A1F1639160F3C9954291B65";"Fisier local fara produs importat confirmat."
"imagine";"NEIDENTIFICAT";"";"negasit";"nu exista";"";"341-MARAZZI-06_2.jpg";"A99BBDF8529B220B95E3FC13F0CE34F6F0623559524C464C5786BDA3AB1C4E90";"Fisier local fara produs importat confirmat."
"imagine";"NEIDENTIFICAT";"";"negasit";"nu exista";"";"341-MARAZZI-06_3.jpg";"838A26FA04972398CF5557BF074F0851B3EA8E71700126E20F99CE9F54BAB50D";"Fisier local fara produs importat confirmat."
"imagine";"NEIDENTIFICAT";"";"negasit";"nu exista";"";"341-MARAZZI-06_4.jpg";"A531FD4B45B0A94E9446B37C04DF6ECBCED1B72E45254B140A2B1C8E8427DEE1";"Fisier local fara produs importat confirmat."
"imagine";"NEIDENTIFICAT";"";"negasit";"nu exista";"";"341-MARAZZI-07.jpg";"22551DF20F75A69AFC5049C80AE9C3DBD007296125194170C6358643619FCBD8";"Fisier local fara produs importat confirmat."
"imagine";"NEIDENTIFICAT";"";"negasit";"nu exista";"";"341-MARAZZI-07_2.jpg";"2DFF4E2F6D9920E37573B70D270967BA58730095F0EE335A4FC22E185778B78E";"Fisier local fara produs importat confirmat."
"imagine";"NEIDENTIFICAT";"";"negasit";"nu exista";"";"341-MARAZZI-07_5.jpg";"DC7234D2B435155CA01736AB45CD71D70CC6027294C34F202407C0143C7BB4DA";"Fisier local fara produs importat confirmat."
"imagine";"NEIDENTIFICAT";"";"negasit";"nu exista";"";"341-MARAZZI-09.jpg";"8B7968A0B5F7C7AF5E74B2F9E36A0AA4F3FB07CBE1350B03A28969DE5FACCCC6";"Fisier local fara produs importat confirmat."
"imagine";"NEIDENTIFICAT";"";"negasit";"nu exista";"";"341-MARAZZI-09_3.jpg";"FEF1DBEC02B8D207F9415C30FAF6532E4D64CFBAB6D48DF312B6E95A4976243E";"Fisier local fara produs importat confirmat."
"imagine";"NEIDENTIFICAT";"";"negasit";"nu exista";"";"341-MARAZZI-09_4.jpg";"38786A0AD0A65B1D94FA595A99CF2392B8EAF45E8AC0CE785BA5E2392CB22D9A";"Fisier local fara produs importat confirmat."
"imagine";"NEIDENTIFICAT";"";"negasit";"nu exista";"";"341-MARAZZI-09_5.jpg";"C59704EA66FEFC2C299C7D524B588128F64CD430A3441C8A8C9BFFABA88BCCC7";"Fisier local fara produs importat confirmat."
"imagine";"NEIDENTIFICAT";"";"negasit";"nu exista";"";"341-SESIMBRA-1A (2).jpg";"DB87D318AE865B9C356AAB0555BEA63032F6A45502D115C94A28FAB1FD94F479";"Fisier local fara produs importat confirmat."
"imagine";"NEIDENTIFICAT";"";"negasit";"nu exista";"";"341-SESIMBRA-1A_1.jpg";"785E1F4D0969E6307BFDE3B682F28A4FA7D1B60D447D0BD8620BCE378389A3FB";"Fisier local fara produs importat confirmat."
"imagine";"NEIDENTIFICAT";"";"negasit";"nu exista";"";"341-SESIMBRA-1A_3.jpg";"1AEFCE999945EB0191EABC4B5E08440AC5B9434077EA0AF77EB23527D24AC317";"Fisier local fara produs importat confirmat."
"imagine";"NEIDENTIFICAT";"";"negasit";"nu exista";"";"341-SESIMBRA-1A_4.jpg";"CA2A3ED584DF2A6EDF4FDE9937B5DEA15AD0ABB6EB8D160D873254D30B135666";"Fisier local fara produs importat confirmat."
"imagine";"NEIDENTIFICAT";"";"negasit";"nu exista";"";"341-SESIMBRA-8A (2).jpg";"A3EFE6213703168713B4EC55ACE8EE1BC961E29BC50AE7EFC6C0441411DF41A6";"Fisier local fara produs importat confirmat."
"imagine";"NEIDENTIFICAT";"";"negasit";"nu exista";"";"341-SESIMBRA-8A_1.jpg";"7543A11F1E75A03B51FA609397C1F7B5819CA4EF90789ADA36F0B229AD668950";"Fisier local fara produs importat confirmat."
"imagine";"NEIDENTIFICAT";"";"negasit";"nu exista";"";"341-SESIMBRA-8A_2.jpg";"E145190D2D99A20086B9A09D5DC6A1DF399BD6705B52D820E15E21DAF4CD06BA";"Fisier local fara produs importat confirmat."
"imagine";"NEIDENTIFICAT";"";"negasit";"nu exista";"";"341-SESIMBRA-8A_3.jpg";"D61DA52C1C5AD09ED801D652394F106BA0D51B399AD35565DA4EF31C23421A36";"Fisier local fara produs importat confirmat."
"imagine";"NEIDENTIFICAT";"";"negasit";"nu exista";"";"341-SESIMBRA-8A_4.JPG";"9661E9EAA33870E69FC75124DD45878E489E1ADC4D2AB851CAE36A3B0CA5B5E7";"Fisier local fara produs importat confirmat."
"imagine";"NEIDENTIFICAT";"";"negasit";"nu exista";"";"391-ADELAIDE-V90.jpg";"DA71E94E091BAE5F1075E46442DC820B717ED8A394CF6ADBE840D3ED18D6F305";"Fisier local fara produs importat confirmat."
"imagine";"NEIDENTIFICAT";"";"negasit";"nu exista";"";"391-ADELAIDE-V90_3.jpg";"98554360EC2584A475F01F9E427140D54DF374309C51785F2CB45EE9C7F6CE68";"Fisier local fara produs importat confirmat."
"imagine";"NEIDENTIFICAT";"";"negasit";"nu exista";"";"391-ADELAIDE-V90_4.jpg";"CFD254162BD59F872128EDA64F8F9041D51CAF0054B3C69046478D60E4376D5C";"Fisier local fara produs importat confirmat."
"imagine";"NEIDENTIFICAT";"";"negasit";"nu exista";"";"391-ALCHEMIA-V1.jpg";"F7FA77673E98D530CC04016AE423AADBBB03A87A2AB2985FA8608B93E9FF2ED6";"Fisier local fara produs importat confirmat."
"imagine";"NEIDENTIFICAT";"";"negasit";"nu exista";"";"391-ALCHEMIA-V1_6.jpg";"D3EADDAFD7BF06EF3211B5A4583B9DBF48C046F5B6039F7E63EAF64DF38370EB";"Fisier local fara produs importat confirmat."
"imagine";"NEIDENTIFICAT";"";"negasit";"nu exista";"";"391-ALCHEMIA-V1_8.jpg";"0823FBC9FE44BCEC495E9289DE9675FFA3B0E6CBE75868A90EB17C053D24E2CE";"Fisier local fara produs importat confirmat."
"imagine";"NEIDENTIFICAT";"";"negasit";"nu exista";"";"391-ALCHEMIA-V3.JPG";"3CD663E35CD9C0943F9431DCF0333A621CB6418ED9ACA2E402B48E7F7D2A6192";"Fisier local fara produs importat confirmat."
"imagine";"NEIDENTIFICAT";"";"negasit";"nu exista";"";"391-ALCHEMIA-V3_1.JPG";"ABE97D6DD898E40D0BBD0B22E958104FD8DC3103BCBF2F8B42DBEF5F20C03804";"Fisier local fara produs importat confirmat."
"imagine";"NEIDENTIFICAT";"";"negasit";"nu exista";"";"391-ALCHEMIA-V3_2.JPG";"51950D5DA9E3C720C7C291C07E28BE05310EAE63F0F654F5E59F3D87B48C4756";"Fisier local fara produs importat confirmat."
"imagine";"NEIDENTIFICAT";"";"negasit";"nu exista";"";"391-ALCHEMIA-V3_3.JPG";"4E19182104AF5D59F15BFAADE639AF57B5B856C064945F2BBC29460B47907420";"Fisier local fara produs importat confirmat."
"imagine";"NEIDENTIFICAT";"";"negasit";"nu exista";"";"391-ALCHEMIA-V3_4.JPG";"D2202F5190E6EB6CE6C02143B6885E47472F2D7A937D52CC3EA6DD3CE6E3C5BB";"Fisier local fara produs importat confirmat."
"imagine";"NEIDENTIFICAT";"";"negasit";"nu exista";"";"391-ALCHEMIA-V6.JPG";"28C4ACE40D2C5CAF9579C1B9932E1D03D5567635C4954EBEEFCAB733B698DB51";"Fisier local fara produs importat confirmat."
"imagine";"NEIDENTIFICAT";"";"negasit";"nu exista";"";"391-ALCHEMIA-V6_1.JPG";"87A5C6CE09A70E9C601341E7DF58452883090E0675790BF29F23CEE7D1D355B9";"Fisier local fara produs importat confirmat."
"imagine";"NEIDENTIFICAT";"";"negasit";"nu exista";"";"391-ALCHEMIA-V6_2.JPG";"A6762224C7FB5480F2DC03CBE77759BB6F48D400F8F68412E68452D03006BADA";"Fisier local fara produs importat confirmat."
"imagine";"NEIDENTIFICAT";"";"negasit";"nu exista";"";"391-ALCHEMIA-V6_3.JPG";"658EBA0A2403ECAF5C1EE6472D315F7A3DF390CAB49EF26B01D3C5E32C79AB3F";"Fisier local fara produs importat confirmat."
"imagine";"NEIDENTIFICAT";"";"negasit";"nu exista";"";"391-ALCHEMIA-V6_4.JPG";"D0420E8B39E1037B636DBC0680B2EBDA198218025B4364D1B477E5785B6C907F";"Fisier local fara produs importat confirmat."
"imagine";"NEIDENTIFICAT";"";"negasit";"nu exista";"";"391-ALCHEMIA-V9.JPG";"73576083C612622B24497B24FE17FFEE413DB2026505EB5648C62FAFA6D881C5";"Fisier local fara produs importat confirmat."
"imagine";"NEIDENTIFICAT";"";"negasit";"nu exista";"";"391-ALCHEMIA-V9_1.JPG";"39967F9ECE48FF409AF8C470038315F841E20E8A6B566C3320AADCE2F4E0966A";"Fisier local fara produs importat confirmat."
"imagine";"NEIDENTIFICAT";"";"negasit";"nu exista";"";"391-ALCHEMIA-V9_2.JPG";"363D9D6057BC93C1E15F62D6B61592EA226B6080BEE7331F308F96E2447A87CC";"Fisier local fara produs importat confirmat."
"imagine";"NEIDENTIFICAT";"";"negasit";"nu exista";"";"391-ALCHEMIA-V9_3.JPG";"D56078CFEB023AB55B9B0299F9FBD36EC9A273FEFF126F324886BF1CC47A25E8";"Fisier local fara produs importat confirmat."
"imagine";"NEIDENTIFICAT";"";"negasit";"nu exista";"";"391-ALCHEMIA-V9_4.JPG";"4FB53BC91967CD7D21984DAD4A5D3B977E1C5C456CCEBF23BE1E98A0EA901EC5";"Fisier local fara produs importat confirmat."
"imagine";"NEIDENTIFICAT";"";"negasit";"nu exista";"";"391-CAMINO-V1_1.JPG";"914A05192ED644D30BD492C6AE253FB6ADA5D4E92DC2BD6231DA3BCBBA4C24AE";"Fisier local fara produs importat confirmat."
"imagine";"NEIDENTIFICAT";"";"negasit";"nu exista";"";"391-CAMINO-V1_2.JPG";"158324500E2282C60B6F1E5A0AD2850E24496AB0A825BCB15094C947D3CED401";"Fisier local fara produs importat confirmat."
"imagine";"NEIDENTIFICAT";"";"negasit";"nu exista";"";"391-CAMINO-V1_3.JPG";"77E61DB7581B43F632497D240232A3622AFC4157C9B66B52DF651B0DAE915C57";"Fisier local fara produs importat confirmat."
"imagine";"NEIDENTIFICAT";"";"negasit";"nu exista";"";"391-CAMINO-V2_1.JPG";"0D206BEFD44A42E42D98F4B357469CADE1859E7A8152B463762A981A924572D1";"Fisier local fara produs importat confirmat."
"imagine";"NEIDENTIFICAT";"";"negasit";"nu exista";"";"391-CAMINO-V2_2.JPG";"70D099B405B4A9A2E9DD4D32B50189DA6570FFACF5845E8D1476566CF552B1E5";"Fisier local fara produs importat confirmat."
"imagine";"NEIDENTIFICAT";"";"negasit";"nu exista";"";"391-CAMINO-V2_3.JPG";"81AE0646B9B4C1B8CE85E5D0A774B4AC04F8AFA2E8EE4AAB10ACC7A0D5947CE5";"Fisier local fara produs importat confirmat."
"imagine";"NEIDENTIFICAT";"";"negasit";"nu exista";"";"391-CAMINO-V3_1.JPG";"BB95DBE1777122C04876A3BDD7FCC141B16302BEACCB0FADD3E8AD4133F1DBCF";"Fisier local fara produs importat confirmat."
"imagine";"NEIDENTIFICAT";"";"negasit";"nu exista";"";"391-CAMINO-V3_2.JPG";"08D16B11CBF76F9FEA7F40475B09A23B79E413FF655F51CC9CA6D26076F1A7F8";"Fisier local fara produs importat confirmat."
"imagine";"NEIDENTIFICAT";"";"negasit";"nu exista";"";"391-CAMINO-V3_3.JPG";"34FABBDDA4D5E256440304C3A68ABEEC8410E2FE579B539AB2815ECAA8E2B4CB";"Fisier local fara produs importat confirmat."
"imagine";"NEIDENTIFICAT";"";"negasit";"nu exista";"";"391-FIUME-V1.JPG";"94DE8A7C917B1F6EFE219EA9BD0BB34508FA73BB2B32372E391E1F5491C5D2C4";"Fisier local fara produs importat confirmat."
"imagine";"NEIDENTIFICAT";"";"negasit";"nu exista";"";"391-FIUME-V1_2.JPG";"3B9E8CCF6672233AC9BFB89249D992B00CB0F34DB5E2F13E82E5EA4896B97275";"Fisier local fara produs importat confirmat."
"imagine";"NEIDENTIFICAT";"";"negasit";"nu exista";"";"391-FIUME-V1_3.JPG";"0538F52A634E913D755190A807B1906A06C3BCF5186FF8D37D5CE24D33AC250D";"Fisier local fara produs importat confirmat."
"imagine";"NEIDENTIFICAT";"";"negasit";"nu exista";"";"391-FIUME-V1_4.JPG";"DBEFCB9DB008EF4EB53A5CA1BE9D412814CB5642F27B87CD69D5A672F514CDB5";"Fisier local fara produs importat confirmat."
"imagine";"NEIDENTIFICAT";"";"negasit";"nu exista";"";"391-FIUME-V3.JPG";"C75EF1947175346ED44B2CC6E4FF51E9769F6324D4BAF26D9462E80EE8393CC8";"Fisier local fara produs importat confirmat."
"imagine";"NEIDENTIFICAT";"";"negasit";"nu exista";"";"391-FIUME-V3_1.JPG";"75F9AF6E80F9BA56B00988FBF0AC8BBD348B6696DC0680D9AF9C4FD22638D38A";"Fisier local fara produs importat confirmat."
"imagine";"NEIDENTIFICAT";"";"negasit";"nu exista";"";"391-FIUME-V3_2.JPG";"708261B83E7F9D829AB6BA87ECA11B1E5546B775B0D382A4894C19285708ECE5";"Fisier local fara produs importat confirmat."
"imagine";"NEIDENTIFICAT";"";"negasit";"nu exista";"";"391-FIUME-V3_3.JPG";"54DB112782D78EAB6E84414C1231FDF0214D6E82AFCB6F08E5367234A087A88C";"Fisier local fara produs importat confirmat."
"imagine";"NEIDENTIFICAT";"";"negasit";"nu exista";"";"391-FIUME-V3_4.JPG";"629872ACB1D75091ABE53D238B0E56D77D300961670E82A4BD41592BECADA1D6";"Fisier local fara produs importat confirmat."
"imagine";"NEIDENTIFICAT";"";"negasit";"nu exista";"";"391-FIUME-V4.JPG";"D349176D3EBE37559A839F139BEC3754FBFDA5224298DF7E72514C4C70D66895";"Fisier local fara produs importat confirmat."
"imagine";"NEIDENTIFICAT";"";"negasit";"nu exista";"";"391-FIUME-V4_1.JPG";"B1C51D2E13D2CA603593A7EE5D5FDCEC145EB709945A7900890F2D7A9F42A2FC";"Fisier local fara produs importat confirmat."
"imagine";"NEIDENTIFICAT";"";"negasit";"nu exista";"";"391-FIUME-V4_2.JPG";"F5D3E0794753EA9B8EADF9EDD1FA55134739FDEE02CC1C6380F16CFA836E03E8";"Fisier local fara produs importat confirmat."
"imagine";"NEIDENTIFICAT";"";"negasit";"nu exista";"";"391-FIUME-V4_3.JPG";"9B233AFA6CBF18E9D4611AFC74BED1C473A94E4A8778FDDB9F97FA735D6907EA";"Fisier local fara produs importat confirmat."
"imagine";"NEIDENTIFICAT";"";"negasit";"nu exista";"";"391-FIUME-V4_4.JPG";"6C4E0EBAF02A941247AFB6749E12FC097010DCEEE614C8B5C21BB29A388B4BA8";"Fisier local fara produs importat confirmat."
"imagine";"NEIDENTIFICAT";"";"negasit";"nu exista";"";"391-ICON-v1_3.jpg";"24520DDBDEF97A1A88B0C90CA96EE3F1653F056A47C78E2F88E07AFE049A0A5E";"Fisier local fara produs importat confirmat."
"imagine";"NEIDENTIFICAT";"";"negasit";"nu exista";"";"391-ICON-v1_4.jpg";"FBD72701BF637706C2BD9E0E30294391972E504C550A3D0F1470427581138125";"Fisier local fara produs importat confirmat."
"imagine";"NEIDENTIFICAT";"";"negasit";"nu exista";"";"391-ICON-v1_4_1.jpg";"CC7D1E1481997DB6F7FAD8DED60DC12CFC6CD0D195B2DE770CFEE409EE6F9ABC";"Fisier local fara produs importat confirmat."
"imagine";"NEIDENTIFICAT";"";"negasit";"nu exista";"";"391-icon-v2_3.jpg";"D34971253C2E72E3810E75869BF04CAA0FF7977D82B155B1E447D7B0D132C250";"Fisier local fara produs importat confirmat."
"imagine";"NEIDENTIFICAT";"";"negasit";"nu exista";"";"391-icon-v2_4.jpg";"07F858D91D84407ADAADABC3E52992E4A9BD79892C79A0FB9B93CD5F2B5CEF46";"Fisier local fara produs importat confirmat."
"imagine";"NEIDENTIFICAT";"";"negasit";"nu exista";"";"391-icon-v2_4_1.jpg";"8AB6E4AD8565C79C345C12F16F4C2A13DD316ADD51D938E4E69AD031BEFAC7F0";"Fisier local fara produs importat confirmat."
"imagine";"NEIDENTIFICAT";"";"negasit";"nu exista";"";"391-icon-v4.jpg";"B61023B4390196B9139E0090C65D7BD984480F3E76D6AD50D648F420F1FE7450";"Fisier local fara produs importat confirmat."
"imagine";"NEIDENTIFICAT";"";"negasit";"nu exista";"";"391-icon-v4_1.jpg";"B8E304F54BE654FC35D70E9F715013D74FB0DC6E1E8ED76BF915B300CCBEA244";"Fisier local fara produs importat confirmat."
"imagine";"NEIDENTIFICAT";"";"negasit";"nu exista";"";"391-icon-v4_3.jpg";"C294B18D4A7EB34AE7A799C62BA9C16A822D7B3DC90F8C12162DD065300493E0";"Fisier local fara produs importat confirmat."
"imagine";"NEIDENTIFICAT";"";"negasit";"nu exista";"";"391-icon-v6_3.jpg";"4F77CF0CBB89075A34B59BCB3B94F4EC0024D6A33FC7D2B83A988480E321C451";"Fisier local fara produs importat confirmat."
"imagine";"NEIDENTIFICAT";"";"negasit";"nu exista";"";"391-icon-v6_4.jpg";"3B02BBC083EB0A4BB110818BB80D9997DEA1B0D5BDC34A0BDFE1808159C4ED94";"Fisier local fara produs importat confirmat."
"imagine";"NEIDENTIFICAT";"";"negasit";"nu exista";"";"391-icon-v6_4_1.jpg";"A42A369930924D83D78F8E0C1097280DF13FA10CDEBDAC8DD39E1529882DD139";"Fisier local fara produs importat confirmat."
"imagine";"NEIDENTIFICAT";"";"negasit";"nu exista";"";"391-osaka-v1_4.jpg";"0E588A63F9C99036AB114F7410CDA59BB181DE6A2A7DDEFBAFBB6FE0FCA7EAC2";"Fisier local fara produs importat confirmat."
"imagine";"NEIDENTIFICAT";"";"negasit";"nu exista";"";"391-osaka-v2_4_1.jpg";"72199D4E862AAD3181783C77CA428307C47C76CBEEA81E1321878702F1C64075";"Fisier local fara produs importat confirmat."
"imagine";"NEIDENTIFICAT";"";"negasit";"nu exista";"";"391-OSAKA-V4.jpg";"ADD72E9F9476FC8E4BF1C258F0DF9FB0C4764B6FEA1078A1181C121D809FAB17";"Fisier local fara produs importat confirmat."
"imagine";"NEIDENTIFICAT";"";"negasit";"nu exista";"";"391-OSAKA-V4_3 (2).jpg";"020BA18C6D73E8724C5F26361D830A6502738AD2B957AD51325CBCC55D21FD57";"Fisier local fara produs importat confirmat."
"imagine";"NEIDENTIFICAT";"";"negasit";"nu exista";"";"391-OSAKA-V4_4.jpg";"DD24F4D88D72BF635DCCA643FD4C085F80E9C4F141E7C0CAFC165F5A42925FE9";"Fisier local fara produs importat confirmat."
"imagine";"NEIDENTIFICAT";"";"negasit";"nu exista";"";"391-osaka-v5_4.jpg";"7FEB6CE9F3B07B99FDB12AE65BB099311D1EA1CB0A5CBAF27BCC55BFE9818050";"Fisier local fara produs importat confirmat."
"imagine";"NEIDENTIFICAT";"";"negasit";"nu exista";"";"391-ZINIO-V1.JPG";"AD1135FEEE964B74740144A9E447F7E9E56F10BDB70C3202BDDE7E9DB5D15312";"Fisier local fara produs importat confirmat."
"imagine";"NEIDENTIFICAT";"";"negasit";"nu exista";"";"391-ZINIO-V1_1.JPG";"6ABF0ACFE80AB480C734C92677454D48B6BF4C44FE865BA64E5160638C810EDA";"Fisier local fara produs importat confirmat."
"imagine";"NEIDENTIFICAT";"";"negasit";"nu exista";"";"391-ZINIO-V1_2.JPG";"E5FEB772080AEA54B04D6C22BCF936DFDB83A5F1D0CB84D22AF7CE98E53B760F";"Fisier local fara produs importat confirmat."
"imagine";"NEIDENTIFICAT";"";"negasit";"nu exista";"";"391-ZINIO-V1_3.JPG";"EDF76657A024AF2958EC1241311794007243F5E62842A4A0E06398F190305C18";"Fisier local fara produs importat confirmat."
"imagine";"NEIDENTIFICAT";"";"negasit";"nu exista";"";"391-ZINIO-V1_4.JPG";"DEFD46FC772066E7B957C171B43CBCE477EF1A7EBBD210C73BB7D2152F70156D";"Fisier local fara produs importat confirmat."
"imagine";"NEIDENTIFICAT";"";"negasit";"nu exista";"";"391-ZINIO-V4.JPG";"D7980574659432AB42607989B129236AB0E7248B7A2C19FF1883AEFF23E715D6";"Fisier local fara produs importat confirmat."
"imagine";"NEIDENTIFICAT";"";"negasit";"nu exista";"";"391-ZINIO-V4_1.JPG";"DF081408635D5DA024AF67A35F7F6E394C0D04685A4E783BDC65FEB020812358";"Fisier local fara produs importat confirmat."
"imagine";"NEIDENTIFICAT";"";"negasit";"nu exista";"";"391-ZINIO-V4_2.JPG";"B51EA853327FD55B0CCAA036C8C111BE68B87F73BD1EE6A3DCBED64133ACB808";"Fisier local fara produs importat confirmat."
"imagine";"NEIDENTIFICAT";"";"negasit";"nu exista";"";"391-ZINIO-V4_3.JPG";"916FF884B327CE03EE4631DBE2AACDA4872312BA0A88533257498F000D81B23A";"Fisier local fara produs importat confirmat."
"imagine";"NEIDENTIFICAT";"";"negasit";"nu exista";"";"391-ZINIO-V4_4.JPG";"F168DECB56DFB3CE3ECF45380C3C436AE56CB736A008F6C87D45742672117A35";"Fisier local fara produs importat confirmat."
"imagine";"NEIDENTIFICAT";"";"negasit";"nu exista";"";"391-zinio-v5_1.jpg";"91B124637539ECF2053E4C51D71FB897B102AB84001EF7937994DD827ED36744";"Fisier local fara produs importat confirmat."
"imagine";"NEIDENTIFICAT";"";"negasit";"nu exista";"";"391-zinio-v5_4.jpg";"5E0AFB3D98F393C30A69B3FB4C8409B13A3A453B3B08ECCAE63DF64492E5862E";"Fisier local fara produs importat confirmat."
"imagine";"NEIDENTIFICAT";"";"negasit";"nu exista";"";"391-ZINIO-V6.JPG";"C32B557E0F85E9CDFA2E9636FA75C1623A46AB8921C8B78E7B1ABDA454C3F696";"Fisier local fara produs importat confirmat."
"imagine";"NEIDENTIFICAT";"";"negasit";"nu exista";"";"391-ZINIO-V6_1.JPG";"ACCEF74DCBC77D588DC31F1AD0F5528A74E86D1D42016B23C4DACB899292442C";"Fisier local fara produs importat confirmat."
"imagine";"NEIDENTIFICAT";"";"negasit";"nu exista";"";"391-ZINIO-V6_2.JPG";"83A25B461E2B23D77B02775EF0EB1A07592D07E5F724B5DFB837260BCFA2C9F1";"Fisier local fara produs importat confirmat."
"imagine";"NEIDENTIFICAT";"";"negasit";"nu exista";"";"391-ZINIO-V6_3.JPG";"AFD795298B19AFEC42C4376DD06E2FCDE8925E64A3C75C02622056FDB6905909";"Fisier local fara produs importat confirmat."
"imagine";"NEIDENTIFICAT";"";"negasit";"nu exista";"";"391-ZINIO-V6_4.JPG";"E176B5ECF5ACA6FF59F460A89F4D870C6627F42FF449AA9D5402381CC2572482";"Fisier local fara produs importat confirmat."
"imagine";"NEIDENTIFICAT";"";"negasit";"nu exista";"";"413-BENGAL-C2.JPG";"28ABCCE7607DDE1C21EF85913938A2927AB4F1B29AF32C346C9567519AD0E6B5";"Fisier local fara produs importat confirmat."
"imagine";"NEIDENTIFICAT";"";"negasit";"nu exista";"";"413-BENGAL-C2_1.JPG";"E87BA02F8EA8B9D91E900782AF3AD83EBC55667855D21686CBF033858190C1D3";"Fisier local fara produs importat confirmat."
"imagine";"NEIDENTIFICAT";"";"negasit";"nu exista";"";"413-BENGAL-C2_2.JPG";"BE2CEF8A8A69D2F7EBB613F54FFA1E17AC992DD158F8F59D6081DD4999ADF3D7";"Fisier local fara produs importat confirmat."
"imagine";"NEIDENTIFICAT";"";"negasit";"nu exista";"";"413-BENGAL-C2_3.JPG";"4AAE668340F6F3C3A0DA02DD683D02CBE8B90CB68E0B806F4C032D78D250A47C";"Fisier local fara produs importat confirmat."
"imagine";"NEIDENTIFICAT";"";"negasit";"nu exista";"";"413-BENGAL-C2_4.JPG";"1EAA73295541C0D61C5732265FE249EC96AB769E6A035E14DECFD3305A2B59EF";"Fisier local fara produs importat confirmat."
"imagine";"NEIDENTIFICAT";"";"negasit";"nu exista";"";"413-BENGAL-C4.JPG";"33933FED3FC312C3A2D700866DF00524C56675B5BDC0E59E2A99631DA4500359";"Fisier local fara produs importat confirmat."
"imagine";"NEIDENTIFICAT";"";"negasit";"nu exista";"";"413-BENGAL-C4_1.JPG";"EC8E7C4ABFE1F60FC874F0722055277B8D15280AFCAA918C94F1E2983C1B2FA4";"Fisier local fara produs importat confirmat."
"imagine";"NEIDENTIFICAT";"";"negasit";"nu exista";"";"413-BENGAL-C4_2.JPG";"E34267EB940C8E40C6F1D9D185F884D46639BCF9D1D38EA97E8AEC0210962EE1";"Fisier local fara produs importat confirmat."
"imagine";"NEIDENTIFICAT";"";"negasit";"nu exista";"";"413-BENGAL-C4_3.JPG";"9281706BFC802283F50F28385A44EF11AC627CDB802B0B3A62D489A516A0C425";"Fisier local fara produs importat confirmat."
"imagine";"NEIDENTIFICAT";"";"negasit";"nu exista";"";"413-BENGAL-C4_4.JPG";"CF2B4B8F3171CF6EE99025AB0181D3C7310C3943440CCF87E51B604E23162487";"Fisier local fara produs importat confirmat."
"imagine";"NEIDENTIFICAT";"";"negasit";"nu exista";"";"413-BENGAL-C5.JPG";"F425F8D6FF7027D1F857CD30A561B4B001B2977BCC9F5366B619CCCE55C3C5F2";"Fisier local fara produs importat confirmat."
"imagine";"NEIDENTIFICAT";"";"negasit";"nu exista";"";"413-BENGAL-C5_1.JPG";"D732ADF9C6E29141BA591B99629D94A1E568162EE96F3E3C13028C12EC89D555";"Fisier local fara produs importat confirmat."
"imagine";"NEIDENTIFICAT";"";"negasit";"nu exista";"";"413-BENGAL-C5_4.JPG";"30390B37BEB98FF003C49E395551A3365F08678EE3EDA23FE796BF67F05EB8C2";"Fisier local fara produs importat confirmat."
"imagine";"NEIDENTIFICAT";"";"negasit";"nu exista";"";"413-BENGAL-C5-2.JPG";"CA4120D37B4E44CEBB2245F22704DF577443C69C19A6270621A5C0D89F7B5ECC";"Fisier local fara produs importat confirmat."
"imagine";"NEIDENTIFICAT";"";"negasit";"nu exista";"";"413-BENGAL-C5-3.JPG";"463309D37140CDF0B7E7589399C7C035AEDE28CD4268D4ADD049AE21222C6A7D";"Fisier local fara produs importat confirmat."
"imagine";"NEIDENTIFICAT";"";"negasit";"nu exista";"";"413-BENGAL-C7.JPG";"6CEA9252F88DDC2BF84A6496BB6F58824F71E3F611AA0B9436DA1267C7C00397";"Fisier local fara produs importat confirmat."
"imagine";"NEIDENTIFICAT";"";"negasit";"nu exista";"";"413-BENGAL-C7_1.JPG";"46A6389008BFF4D49ADE4519D064FFFD342F30798668F2A8CC4EB2DBB7E820FC";"Fisier local fara produs importat confirmat."
"imagine";"NEIDENTIFICAT";"";"negasit";"nu exista";"";"413-BENGAL-C7_4.JPG";"F3950995EB615930EB2ACC268FFE733A84E99C3618A72EE7BF7CEF8A78AAD655";"Fisier local fara produs importat confirmat."
"imagine";"NEIDENTIFICAT";"";"negasit";"nu exista";"";"413-BENGAL-C7-2.JPG";"505E271B8313DB6525AB7C3A7AF9CDA5DA550EA3B5EECA95250F9F179BD1B8F0";"Fisier local fara produs importat confirmat."
"imagine";"NEIDENTIFICAT";"";"negasit";"nu exista";"";"413-BENGAL-C7-3.JPG";"C7EBA0A2C8DFBDAC095D368079AA6629D67BA1B80DC37F00E791895E4A8C384E";"Fisier local fara produs importat confirmat."
"imagine";"NEIDENTIFICAT";"";"negasit";"nu exista";"";"413-BERMUDA-C2_1.JPG";"E82583FBAADF7CFDB05D160DC4D50802FEEC1C23A3D33190A17DA47E006ADF9E";"Fisier local fara produs importat confirmat."
"imagine";"NEIDENTIFICAT";"";"negasit";"nu exista";"";"413-BERMUDA-C2_2.JPG";"61FCA09A6E980244D2677DB2E93D4B3143511DD6A73C3BEB1B9625DDDCDF45AA";"Fisier local fara produs importat confirmat."
"imagine";"NEIDENTIFICAT";"";"negasit";"nu exista";"";"413-BERMUDA-C2-3.JPG";"6FC77143AF5ABC176B8298D25A4E5F7DCEC1CF72D4DBB6D3EBEE9511E045A526";"Fisier local fara produs importat confirmat."
"imagine";"NEIDENTIFICAT";"";"negasit";"nu exista";"";"413-BERMUDA-C5_1.JPG";"72085920A8D1078EEF4BB2B3EE3D1CDE75139073E284D3E88773CA78B344B7C1";"Fisier local fara produs importat confirmat."
"imagine";"NEIDENTIFICAT";"";"negasit";"nu exista";"";"413-BERMUDA-C5_2.JPG";"CE40D4AA391FE38CFA0788B22C5C66D2219A07F08EF64B2EED6897D58A254313";"Fisier local fara produs importat confirmat."
"imagine";"NEIDENTIFICAT";"";"negasit";"nu exista";"";"413-BERMUDA-C5_3.JPG";"A4B120C9DD2AC0F3B64193C1F7DBF5F5D052ECB9BD9F0A5FB2A765C79FA94F81";"Fisier local fara produs importat confirmat."
"imagine";"NEIDENTIFICAT";"";"negasit";"nu exista";"";"413-MEZZO-C50.JPG";"DC33D8A34D1349B5C69BC1F9C45A58E10CC7ABFFBEA1204EA4A0EA43CA74FF23";"Fisier local fara produs importat confirmat."
"imagine";"NEIDENTIFICAT";"";"negasit";"nu exista";"";"413-MEZZO-C50_1.JPG";"FFBBA714C0696BFBE25698A2F4428849D2E47CA985ED450D88766376A0EE09D4";"Fisier local fara produs importat confirmat."
"imagine";"NEIDENTIFICAT";"";"negasit";"nu exista";"";"413-MEZZO-C50_2.JPG";"99B886B221C0762AE65D81885F662DA974BDE3F95A0DE590A355D5DECFDA3C52";"Fisier local fara produs importat confirmat."
"imagine";"NEIDENTIFICAT";"";"negasit";"nu exista";"";"413-MEZZO-C50_3.JPG";"E7DE1CF38580F21E8B5DF1264C2C792098D0A962543ADFF5BA73D86F22CD4B20";"Fisier local fara produs importat confirmat."
"imagine";"NEIDENTIFICAT";"";"negasit";"nu exista";"";"413-MEZZO-C50_4.JPG";"AB98F6A6C88A0100CF8D3E2BD1B560D4ECED2C726BD7525AB9AD6F0CE68F15F3";"Fisier local fara produs importat confirmat."
"imagine";"NEIDENTIFICAT";"";"negasit";"nu exista";"";"413-MEZZO-C80.JPG";"45D980D8FEA858CB34F78E9CC19C3AE474CD482C88E6601BBC50C3F350943686";"Fisier local fara produs importat confirmat."
"imagine";"NEIDENTIFICAT";"";"negasit";"nu exista";"";"413-MEZZO-C80_1.JPG";"C583A24825EAAAFE2E421C04911F90B71E354662DF8FB7F85FE313427DE6E57D";"Fisier local fara produs importat confirmat."
"imagine";"NEIDENTIFICAT";"";"negasit";"nu exista";"";"413-MEZZO-C80_2.JPG";"D5BA40AC7BD3E4416C89CEBE91CA9A6082EE628CBE4D9AF3BE19AD63E9C87DDC";"Fisier local fara produs importat confirmat."
"imagine";"NEIDENTIFICAT";"";"negasit";"nu exista";"";"413-MEZZO-C80_3.JPG";"22BC01F21C85B08AA86120E91E21928758631E7C9978BE90E374F99E5AF71816";"Fisier local fara produs importat confirmat."
"imagine";"NEIDENTIFICAT";"";"negasit";"nu exista";"";"413-MEZZO-C80_4.JPG";"E5F630620AC581FBFFFEB955967A3BE0ED9A73936CBFEF7C90850E3989B7B85F";"Fisier local fara produs importat confirmat."
"imagine";"NEIDENTIFICAT";"";"negasit";"nu exista";"";"413-MEZZO-C90.JPG";"BFBB2C7DAF9324A67CC90E4AC89D3CF0F5F4F388B847D6D63F1814E26A8A17EF";"Fisier local fara produs importat confirmat."
"imagine";"NEIDENTIFICAT";"";"negasit";"nu exista";"";"413-MEZZO-C90_1.JPG";"766534E3A3D08478A9C4ADFBEE2C84BE444E39390F63AB08537680CDBF46C80D";"Fisier local fara produs importat confirmat."
"imagine";"NEIDENTIFICAT";"";"negasit";"nu exista";"";"413-MEZZO-C90_2.JPG";"2AB2FA43E779002B72330CDC137785FF3894C511CA98BBBBB6A5629322A38814";"Fisier local fara produs importat confirmat."
"imagine";"NEIDENTIFICAT";"";"negasit";"nu exista";"";"413-MEZZO-C90_3.JPG";"9653798EED59486354AE6DBE31C03DEEA46FD2BBFE7E1410223E01F720F80901";"Fisier local fara produs importat confirmat."
"imagine";"NEIDENTIFICAT";"";"negasit";"nu exista";"";"413-MEZZO-C90_4.JPG";"9021EE659B74D859E64E0BC327BA1C1CE1708EF73368601082516199E049004C";"Fisier local fara produs importat confirmat."
"imagine";"NEIDENTIFICAT";"";"negasit";"nu exista";"";"413-PERON-C10.JPG";"9139C2EE6AF2A9F07CE3152315B9BF4444F734818514524C684DA715B5A997AA";"Fisier local fara produs importat confirmat."
"imagine";"NEIDENTIFICAT";"";"negasit";"nu exista";"";"413-PERON-C10_1.JPG";"5224A33B9105C949F36AE349123BFE9E7A73FF8BC5CEAF96E365198474DFD8F5";"Fisier local fara produs importat confirmat."
"imagine";"NEIDENTIFICAT";"";"negasit";"nu exista";"";"413-PERON-C10_2.JPG";"BEA243F3337B0B490A6495C8F88B10B7BFF0766BF5E7A196D43D6FF93A424A9C";"Fisier local fara produs importat confirmat."
"imagine";"NEIDENTIFICAT";"";"negasit";"nu exista";"";"413-PERON-C10_3.JPG";"4499AEBF6A3C80C9C9D1C56DE2E891DB89EC6E14D07E0121BE42AC033B8B963A";"Fisier local fara produs importat confirmat."
"imagine";"NEIDENTIFICAT";"";"negasit";"nu exista";"";"413-PERON-C10_4.JPG";"DEEC51DA4BD8FA6CBEF9B756A4742129FD1D1E8499F9C11907C09CC470CFE226";"Fisier local fara produs importat confirmat."
"imagine";"NEIDENTIFICAT";"";"negasit";"nu exista";"";"413-PERON-C12.JPG";"7920D1B9E90868E8EE0420692B8D417AE720F11D1016C406067C02A358EF155C";"Fisier local fara produs importat confirmat."
"imagine";"NEIDENTIFICAT";"";"negasit";"nu exista";"";"413-PERON-C12_1.JPG";"9B77B9AA76F4A6DC583DFE339D6520072A71F7397324DAC47561F03CDDD637B0";"Fisier local fara produs importat confirmat."
"imagine";"NEIDENTIFICAT";"";"negasit";"nu exista";"";"413-PERON-C12_2.JPG";"AA0BD7A14478B522AE5630B8829529E60E66BA5124A4DE2F37C277268872626F";"Fisier local fara produs importat confirmat."
"imagine";"NEIDENTIFICAT";"";"negasit";"nu exista";"";"413-PERON-C12_3.JPG";"4403744BF352518DE73293AF4B7CE4BBF0FF5990C8164EDC95FD5F17954E1B46";"Fisier local fara produs importat confirmat."
"imagine";"NEIDENTIFICAT";"";"negasit";"nu exista";"";"413-PERON-C12_4.JPG";"CD62DC747B42391922948F12101A9F26A0F4E6D0A0705EC20516A1587AB5B112";"Fisier local fara produs importat confirmat."
"imagine";"NEIDENTIFICAT";"";"negasit";"nu exista";"";"413-PERON-C15.JPG";"3224E99BE39D7940A392670CCDF66F9E825166F6BED04A2700FDCB690A8363DE";"Fisier local fara produs importat confirmat."
"imagine";"NEIDENTIFICAT";"";"negasit";"nu exista";"";"413-PERON-C15_1.JPG";"5C4A88B05F1972CF3BE20313814B0FC1E93E45CD3F3BAF244DFDDECFEFB4062D";"Fisier local fara produs importat confirmat."
"imagine";"NEIDENTIFICAT";"";"negasit";"nu exista";"";"413-PERON-C15_2.JPG";"6D1CDA9EA4ED6CEB5C2FD70B829F656BFDF20E051525D584799709DE2FAD532B";"Fisier local fara produs importat confirmat."
"imagine";"NEIDENTIFICAT";"";"negasit";"nu exista";"";"413-PERON-C15_3.JPG";"06752497551243446BE558FAC2064301B8D9EB602892F0A171EA51F964CCE697";"Fisier local fara produs importat confirmat."
"imagine";"NEIDENTIFICAT";"";"negasit";"nu exista";"";"413-PERON-C15_4.JPG";"A9DF1C56CB16D65643B099464E11E05E04BCE539C676D53C5502520E96129A41";"Fisier local fara produs importat confirmat."
"imagine";"NEIDENTIFICAT";"";"negasit";"nu exista";"";"413-PERON-C17.JPG";"D5822B08DCC376F6F6B57E08EA6225D6FD2F99B59819209625BC1211CCA02B72";"Fisier local fara produs importat confirmat."
"imagine";"NEIDENTIFICAT";"";"negasit";"nu exista";"";"413-PERON-C17_1.JPG";"56F4F7003AC8BD612CDC7D35E20E79A0E339FD6AAA36C8E3C0F9A35DE0CF5B43";"Fisier local fara produs importat confirmat."
"imagine";"NEIDENTIFICAT";"";"negasit";"nu exista";"";"413-PERON-C17_2.JPG";"725C26C65B42EC4E14354632331330941EBBA9BBCCA02E8F446F194AAB7FBFA9";"Fisier local fara produs importat confirmat."
"imagine";"NEIDENTIFICAT";"";"negasit";"nu exista";"";"413-PERON-C17_3.JPG";"19EC03094E2D97D02BB7E531F61E96DF80989AEDD051838A066CF9951F49D650";"Fisier local fara produs importat confirmat."
"imagine";"NEIDENTIFICAT";"";"negasit";"nu exista";"";"413-PERON-C17_4.JPG";"AABFDE46210109A48DD306175927DCF239356C169997375105BEE373C0351717";"Fisier local fara produs importat confirmat."
"imagine";"NEIDENTIFICAT";"";"negasit";"nu exista";"";"413-PERON-C2.JPG";"DB733AD4B98CBE62CAE46F536A7EC843EF249F22E4D12E57173DF8F13612C2F4";"Fisier local fara produs importat confirmat."
"imagine";"NEIDENTIFICAT";"";"negasit";"nu exista";"";"413-PERON-C2_1.JPG";"39B8F2BD64DB087822FF617C7A4633D37D99A544F54EDAB868BB21D91F4A48A9";"Fisier local fara produs importat confirmat."
"imagine";"NEIDENTIFICAT";"";"negasit";"nu exista";"";"413-PERON-C2_2.JPG";"58E6ECBA13D6A7A3DBF7D15E91725633251053EE6298459D6CB7F957AA37FCFB";"Fisier local fara produs importat confirmat."
"imagine";"NEIDENTIFICAT";"";"negasit";"nu exista";"";"413-PERON-C2_3.JPG";"35BFF05E9F8C096A640EE322D95FA6A4ABE6DD140949D54632A6A0FD5F074CEA";"Fisier local fara produs importat confirmat."
"imagine";"NEIDENTIFICAT";"";"negasit";"nu exista";"";"413-PERON-C2_4.JPG";"139AFEF325B3BC544325C603BAF0A1E6D6D4C5233A1606967E940BCD48070FF0";"Fisier local fara produs importat confirmat."
"imagine";"NEIDENTIFICAT";"";"negasit";"nu exista";"";"413-PERON-C23.JPG";"A403CA656ADEE16D61D0948AF14CD56691B0BE54640DE1506177176862953F96";"Fisier local fara produs importat confirmat."
"imagine";"NEIDENTIFICAT";"";"negasit";"nu exista";"";"413-PERON-C23_1.JPG";"07FD22C520FFB21C3D773E70E74578A26598B90DEB5E3DD0EB23A25B182341C6";"Fisier local fara produs importat confirmat."
"imagine";"NEIDENTIFICAT";"";"negasit";"nu exista";"";"413-PERON-C23_2.JPG";"357BEEB65A35EB952A4B21585B18ED6DF78F01B46328AEE7C81160BFFE79E54D";"Fisier local fara produs importat confirmat."
"imagine";"NEIDENTIFICAT";"";"negasit";"nu exista";"";"413-PERON-C23_3.JPG";"1A96C1E347AF49BA5D7885C02680B2E9E5196A2F50912AA50A581D76AE755637";"Fisier local fara produs importat confirmat."
"imagine";"NEIDENTIFICAT";"";"negasit";"nu exista";"";"413-PERON-C23_4.JPG";"4196D966E7A16A7783A79B7480D8225D2E43A56D53F05E2F2A4E209C8D4411EA";"Fisier local fara produs importat confirmat."
"imagine";"NEIDENTIFICAT";"";"negasit";"nu exista";"";"413-PERON-C26.JPG";"DC98FF0178967B74E398ACCA69A06BF96C7C497D071B82139FCFF93481B823A2";"Fisier local fara produs importat confirmat."
"imagine";"NEIDENTIFICAT";"";"negasit";"nu exista";"";"413-PERON-C26_1.JPG";"95989B078958FAC76961C699D44657E45722C389DF4AE7765FE01713428A795C";"Fisier local fara produs importat confirmat."
"imagine";"NEIDENTIFICAT";"";"negasit";"nu exista";"";"413-PERON-C26_2.JPG";"37A25AB822AC91CF34A31409DC76D40112C90B6546CE15E6A90A92FD62595F96";"Fisier local fara produs importat confirmat."
"imagine";"NEIDENTIFICAT";"";"negasit";"nu exista";"";"413-PERON-C26_3.JPG";"655C4C9A5E91E49BBE44F2FB964114CD9F47A4DEABE2D9F6ABF618428BBF7778";"Fisier local fara produs importat confirmat."
"imagine";"NEIDENTIFICAT";"";"negasit";"nu exista";"";"413-PERON-C26_4.JPG";"B44C3F8095A9FB780FAF4A49D1B6F926D94BB119185615BD65545EE3FE9AE2CE";"Fisier local fara produs importat confirmat."
"imagine";"NEIDENTIFICAT";"";"negasit";"nu exista";"";"413-PERON-C4.JPG";"8F27D1BD25DE0923CA1FBCC4C8B1DBDE3376E29FAC6224E397F32DDE21A81A10";"Fisier local fara produs importat confirmat."
"imagine";"NEIDENTIFICAT";"";"negasit";"nu exista";"";"413-PERON-C4_1.JPG";"E75470D4ADE8A1560FE1A8CDA5287E330FF4270CF619F2DB6E6B753096D68879";"Fisier local fara produs importat confirmat."
"imagine";"NEIDENTIFICAT";"";"negasit";"nu exista";"";"413-PERON-C4_2.JPG";"05879FD3A72F896FA09857D540CF7E0AA7E0BF173C0359AE974AAB62C20DEF58";"Fisier local fara produs importat confirmat."
"imagine";"NEIDENTIFICAT";"";"negasit";"nu exista";"";"413-PERON-C4_3.JPG";"19C1D9349984330EBDD45164DDEE8E7517EF7FB399856B4A5AEE0FFEEBA57636";"Fisier local fara produs importat confirmat."
"imagine";"NEIDENTIFICAT";"";"negasit";"nu exista";"";"413-PERON-C4_4.JPG";"2AE7E933442354D0E0A87FB7C19EC0F08908032B9FD836B8FCE31102D90FB3D9";"Fisier local fara produs importat confirmat."

